chain,plu,product_name,status,rank,recipe_id,recipe_title,score,missing_components,extra_components,missing_recipe_ingredients,mixed_ingredient_groups,review_reasons,source_url
perekrestok,2157530,"Лазанья мясная Золотой Петушок, 370г",review,1,foodru_31347,Лазанья с мясом,1.0,,,,Для соуса бешамель и подачи,mixed_ingredient_group,https://food.ru/recipes/31347-lazanja-s-mjasom
perekrestok,2157530,"Лазанья мясная Золотой Петушок, 370г",review,2,foodru_150923,Мясная лазанья со специями и соусом бешамель,0.8658,,"beshamel, spec",,,extra_recipe_components,https://food.ru/recipes/150923-miasnaia-lazania-1666275548
perekrestok,2157530,"Лазанья мясная Золотой Петушок, 370г",review,3,foodru_235412,Классическая лазанья болоньезе,0.57,,bolognese,,,"extra_recipe_components, low_name_score",https://food.ru/recipes/235412-lazanja-boloneze-klassicheskii-recept
perekrestok,3196973,Сайра 5 Морей тихоокеанская натуральная 250г,review,1,foodru_204557,Салат из сайры с сыром и яйцом,0.3478,"more, naturalna, tihookeanska","aicom, cheese",,,"dish_family_unconfirmed, missing_named_components, extra_recipe_components, low_name_score",https://food.ru/recipes/204557-salat-iz-sairy
perekrestok,3196973,Сайра 5 Морей тихоокеанская натуральная 250г,review,2,foodru_160301,Овощной салат «Море» с майонезом,0.3475,"naturalna, sair, tihookeanska",maionez,,,"dish_family_unconfirmed, missing_named_components, extra_recipe_components, low_name_score",https://food.ru/recipes/160301-salat-more-1676460362
perekrestok,3196973,Сайра 5 Морей тихоокеанская натуральная 250г,review,3,foodru_125641,Натуральная кокосовая стружка,0.2937,"more, sair, tihookeanska","coconut, struzhk",,,"dish_family_unconfirmed, missing_named_components, extra_recipe_components, low_name_score",https://food.ru/recipes/125641-naturalnaia-kokosovaia-struzhka-1646313099
perekrestok,3273892,"Блины С Пылу с Жару с творогом, 360г",matched,1,foodru_530,Блины с творогом,1.0,,,,,,https://food.ru/recipes/530-bliny-s-tvorogom
perekrestok,3273892,"Блины С Пылу с Жару с творогом, 360г",matched,2,foodru_49015,Блинчики с творогом,1.0,,,,Для жарки и подачи,mixed_ingredient_group,https://food.ru/recipes/49015-blinchiki-s-tvorogom
perekrestok,3273892,"Блины С Пылу с Жару с творогом, 360г",matched,3,foodru_75962,Блинчики с семгой и творожным сыром,0.8872,,"cheese, salmon",,,extra_recipe_components,https://food.ru/recipes/75962-blinchiki-s-semgoi-i-tvorozhnym-syrom
perekrestok,3403377,"Блины С Пылу с Жару без начинки, 360г",matched,1,foodru_67633,Классические блинчики,1.0,,,,,,https://food.ru/recipes/67633-klassicheskie-blinchiki
perekrestok,3403377,"Блины С Пылу с Жару без начинки, 360г",matched,2,foodru_1601,Блины с начинкой,1.0,,,,,unrequested_pancake_filling,https://food.ru/recipes/1601-bliny-s-nachinkoi
perekrestok,3403377,"Блины С Пылу с Жару без начинки, 360г",matched,3,foodru_71513,Домашние блины с курицей,0.9059,,chicken,,,"extra_recipe_components, filling_conflict, unrequested_pancake_filling",https://food.ru/recipes/71513-domashnie-bliny-s-kuricei
perekrestok,3405758,"Блины С Пылу с Жару с курицей, 360г",matched,1,foodru_71513,Домашние блины с курицей,1.0,,,,,,https://food.ru/recipes/71513-domashnie-bliny-s-kuricei
perekrestok,3405758,"Блины С Пылу с Жару с курицей, 360г",matched,2,foodru_15244,Блины с курицей,1.0,,,,,,https://food.ru/recipes/15244-bliny-s-kuricei
perekrestok,3405758,"Блины С Пылу с Жару с курицей, 360г",matched,3,foodru_116979,Куриные блинчики,1.0,,,,,,https://food.ru/recipes/116979-kurinye-blinchiki-1645249368
perekrestok,3416332,"Чебупицца Горячая штучка пепперони, 250г",review,1,foodru_1524,Пицца с пеперони,0.7882,chebupicc,pizza,,,"dish_family_unconfirmed, missing_named_components, extra_recipe_components",https://food.ru/recipes/1524-picca-s-peperoni
perekrestok,3416332,"Чебупицца Горячая штучка пепперони, 250г",review,2,foodru_229302,Мини-пицца «А-ля пепперони»,0.7882,chebupicc,pizza,,,"dish_family_unconfirmed, missing_named_components, extra_recipe_components",https://food.ru/recipes/229302-mini-pitstsa-a-lia-pepperoni-1726694900
perekrestok,3416332,"Чебупицца Горячая штучка пепперони, 250г",review,3,foodru_52068,Домашние колбаски пеперони,0.7862,chebupicc,sausage,,,"dish_family_unconfirmed, missing_named_components, extra_recipe_components",https://food.ru/recipes/52068-domashnie-kolbaski-pepperone
perekrestok,3421780,"Чебупицца Горячая штучка курочка по-итальянски, 250г",review,1,foodru_141555,Курочка по-итальянски,0.9292,chebupicc,,,,"dish_family_unconfirmed, missing_named_components",https://food.ru/recipes/141555-kurochka-po-italianski-1653419837
perekrestok,3421780,"Чебупицца Горячая штучка курочка по-итальянски, 250г",review,2,foodru_130383,Курочка по-итальянски с грибами,0.865,chebupicc,mushroom,,,"dish_family_unconfirmed, missing_named_components, extra_recipe_components",https://food.ru/recipes/130383-kurochka-po-italianski-1648013434
perekrestok,3421780,"Чебупицца Горячая штучка курочка по-итальянски, 250г",review,3,foodru_71513,Домашние блины с курицей,0.304,"chebupicc, italansk",pancake,,,"dish_family_unconfirmed, missing_named_components, extra_recipe_components, low_name_score",https://food.ru/recipes/71513-domashnie-bliny-s-kuricei
perekrestok,3426375,"Блины С Пылу с Жару с ветчиной и сыром, 360г",matched,1,foodru_106570,Блины с ветчиной и сыром,1.0,,,,,,https://food.ru/recipes/106570-bliny-s-vetchinoi-i-syrom-1643973566
perekrestok,3426375,"Блины С Пылу с Жару с ветчиной и сыром, 360г",matched,2,foodru_72111,Блины с ветчиной и сыром,1.0,,,,,,https://food.ru/recipes/72111-bliny-s-vetchinoi-i-syrom
perekrestok,3426375,"Блины С Пылу с Жару с ветчиной и сыром, 360г",matched,3,foodru_102304,Завтрак из омлетного блина с ветчиной и сыром,0.8898,,omelette,,,extra_recipe_components,https://food.ru/recipes/102304-zavtrak-iz-omletnogo-blina-s-vetchinoi-i-syrom-1643448028
perekrestok,3435321,"Хотстеры Горячая штучка, 250г",unmatched
perekrestok,3446271,"Крылышки Горячая штучка Острые к пиву хрустящие, 300г",review,1,foodru_1909,Крылышки к пиву,0.7207,ostr,,,,"dish_family_unconfirmed, missing_named_components",https://food.ru/recipes/1909-krylyshki-k-pivu
perekrestok,3446271,"Крылышки Горячая штучка Острые к пиву хрустящие, 300г",review,2,foodru_112744,Вкусные острые крылышки,0.7207,pivu,,,,"dish_family_unconfirmed, missing_named_components",https://food.ru/recipes/112744-vkusnye-ostrye-krylyshki
perekrestok,3446271,"Крылышки Горячая штучка Острые к пиву хрустящие, 300г",review,3,foodru_127000,Крылышки барбекю,0.3369,"ostr, pivu",barbek,,,"dish_family_unconfirmed, missing_named_components, extra_recipe_components, low_name_score",https://food.ru/recipes/127000-krylyshki-barbekiu-1646483459
perekrestok,3454946,"Чебуреки Горячая штучка со свининой и говядиной, 360г",matched,1,foodru_237016,Чебуреки с фаршем из свинины и говядины,0.9574,,,,,,https://food.ru/recipes/237016-chebureki-s-farshem-iz-svininy-i-govyadiny-1733622924
perekrestok,3454946,"Чебуреки Горячая штучка со свининой и говядиной, 360г",matched,2,foodru_157608,Рис со свининой и говядиной,0.631,cheburek,rice,,,"dish_family_unconfirmed, missing_named_components, extra_recipe_components, low_name_score",https://food.ru/recipes/157608-ris-so-svininoy-i-govyadinoy-1674646804
perekrestok,3454946,"Чебуреки Горячая штучка со свининой и говядиной, 360г",matched,3,foodru_119219,Чебуреки с мясом по авторскому рецепту,0.3795,"beef, pork",,"beef, pork",,"missing_named_components, named_ingredient_unconfirmed, protein_unconfirmed_in_ingredients, low_name_score",https://food.ru/recipes/119219-chebureki-s-miasom-1645615583
perekrestok,3463947,Паста Санта Бремор антарктик криль классический из морепродуктов 150г,review,1,foodru_2804,Спагетти с морепродуктами,0.6457,"antarktik, kril",,,,"missing_named_components, retail_spread_not_pasta, low_name_score",https://food.ru/recipes/2804-spagetti-s-moreproduktami
perekrestok,3463947,Паста Санта Бремор антарктик криль классический из морепродуктов 150г,review,2,foodru_58012,Сливочная паста с морепродуктами,0.5754,"antarktik, kril",,,,"missing_named_components, retail_spread_not_pasta, low_name_score",https://food.ru/recipes/58012-slivochnaja-pasta-s-moreproduktami
perekrestok,3463947,Паста Санта Бремор антарктик криль классический из морепродуктов 150г,review,3,foodru_45437,Паста с морепродуктами в сливочном соусе,0.5485,"antarktik, kril",,,,"missing_named_components, retail_spread_not_pasta, low_name_score",https://food.ru/recipes/45437-pasta-s-moreproduktami-v-slivochnom-souse
perekrestok,3463948,"Паста Санта Бремор Антарктик криль подкопчённый из морепродуктов, 150г",review,1,foodru_2804,Спагетти с морепродуктами,0.623,"antarktik, kril, podkopch",,,,"missing_named_components, retail_spread_not_pasta, low_name_score",https://food.ru/recipes/2804-spagetti-s-moreproduktami
perekrestok,3463948,"Паста Санта Бремор Антарктик криль подкопчённый из морепродуктов, 150г",review,2,foodru_58012,Сливочная паста с морепродуктами,0.5526,"antarktik, kril, podkopch",,,,"missing_named_components, retail_spread_not_pasta, low_name_score",https://food.ru/recipes/58012-slivochnaja-pasta-s-moreproduktami
perekrestok,3463948,"Паста Санта Бремор Антарктик криль подкопчённый из морепродуктов, 150г",review,3,foodru_45437,Паста с морепродуктами в сливочном соусе,0.5258,"antarktik, kril, podkopch",,,,"missing_named_components, retail_spread_not_pasta, low_name_score",https://food.ru/recipes/45437-pasta-s-moreproduktami-v-slivochnom-souse
perekrestok,3463949,"Паста Санта Бремор Антарктик криль сливочно-чесночный из морепродуктов, 150г",review,1,foodru_58012,Сливочная паста с морепродуктами,0.6251,"antarktik, garlic, kril",,garlic,,"missing_named_components, retail_spread_not_pasta, named_ingredient_unconfirmed, low_name_score",https://food.ru/recipes/58012-slivochnaja-pasta-s-moreproduktami
perekrestok,3463949,"Паста Санта Бремор Антарктик криль сливочно-чесночный из морепродуктов, 150г",review,2,foodru_45437,Паста с морепродуктами в сливочном соусе,0.5856,"antarktik, kril",,,,"missing_named_components, retail_spread_not_pasta, low_name_score",https://food.ru/recipes/45437-pasta-s-moreproduktami-v-slivochnom-souse
perekrestok,3463949,"Паста Санта Бремор Антарктик криль сливочно-чесночный из морепродуктов, 150г",review,3,foodru_66469,Паста с морепродуктами и сливочным соусом,0.5856,"antarktik, kril",,,,"missing_named_components, retail_spread_not_pasta, low_name_score",https://food.ru/recipes/66469-pasta-s-moreproduktami-i-slivochnym-sousom
perekrestok,3468682,"Шпроты Вкусные Консервы в масле, 240г",review,1,foodru_81150,"Яйца, фаршированные консервами из шпрот",0.6963,oil,"aica, meat",,,"dish_family_unconfirmed, missing_named_components, extra_recipe_components, low_name_score",https://food.ru/recipes/81150-jaica-farshirovannye-konservami-iz-shprot
perekrestok,3468682,"Шпроты Вкусные Консервы в масле, 240г",review,2,foodru_102024,Салат на скорую руку из рыбных консервов со шпротами,0.6492,oil,"ruku, rybnyh, skoru",,,"dish_family_unconfirmed, missing_named_components, extra_recipe_components, low_name_score",https://food.ru/recipes/102024-salat-na-skoruiu-ruku-iz-rybnyh-konservov-so-shprotami
perekrestok,3468682,"Шпроты Вкусные Консервы в масле, 240г",review,3,foodru_207563,Брускетты со шпротами и маслинами,0.6072,konserv,bruskett,,,"dish_family_unconfirmed, missing_named_components, extra_recipe_components, low_name_score",https://food.ru/recipes/207563-brusketty-iz-shprot-s-maslinami-1706043720
perekrestok,3468684,"Шпроты Вкусные Консервы крупные в масле, 240г",review,1,foodru_81150,"Яйца, фаршированные консервами из шпрот",0.6663,"krupn, oil","aica, meat",,,"dish_family_unconfirmed, missing_named_components, extra_recipe_components, low_name_score",https://food.ru/recipes/81150-jaica-farshirovannye-konservami-iz-shprot
perekrestok,3468684,"Шпроты Вкусные Консервы крупные в масле, 240г",review,2,foodru_102024,Салат на скорую руку из рыбных консервов со шпротами,0.6192,"krupn, oil","ruku, rybnyh, skoru",,,"dish_family_unconfirmed, missing_named_components, extra_recipe_components, low_name_score",https://food.ru/recipes/102024-salat-na-skoruiu-ruku-iz-rybnyh-konservov-so-shprotami
perekrestok,3468684,"Шпроты Вкусные Консервы крупные в масле, 240г",review,3,foodru_207563,Брускетты со шпротами и маслинами,0.5823,"konserv, krupn",bruskett,,,"dish_family_unconfirmed, missing_named_components, extra_recipe_components, low_name_score",https://food.ru/recipes/207563-brusketty-iz-shprot-s-maslinami-1706043720
perekrestok,3468685,"Килька Вкусные Консервы неразделанная обжаренная в томатном соусе, 240г",review,1,foodru_3177,Томатный соус,0.4671,"kilk, konserv, nerazdelanna, obzharenna",,,,"missing_named_components, low_name_score",https://food.ru/recipes/3177-tomatnyi-sous
perekrestok,3468685,"Килька Вкусные Консервы неразделанная обжаренная в томатном соусе, 240г",review,2,foodru_103448,Соус «Помидорка»,0.4671,"kilk, konserv, nerazdelanna, obzharenna",,,,"missing_named_components, low_name_score",https://food.ru/recipes/103448-sous-pomidorka
perekrestok,3468685,"Килька Вкусные Консервы неразделанная обжаренная в томатном соусе, 240г",review,3,foodru_71170,Домашний рецепт томатного соуса,0.4671,"kilk, konserv, nerazdelanna, obzharenna",,,,"missing_named_components, low_name_score",https://food.ru/recipes/71170-domashnii-recept-tomatnogo-sousa
perekrestok,3469704,"Шпроты Вкусные Консервы в масле, 175г",review,1,foodru_81150,"Яйца, фаршированные консервами из шпрот",0.6963,oil,"aica, meat",,,"dish_family_unconfirmed, missing_named_components, extra_recipe_components, low_name_score",https://food.ru/recipes/81150-jaica-farshirovannye-konservami-iz-shprot
perekrestok,3469704,"Шпроты Вкусные Консервы в масле, 175г",review,2,foodru_102024,Салат на скорую руку из рыбных консервов со шпротами,0.6492,oil,"ruku, rybnyh, skoru",,,"dish_family_unconfirmed, missing_named_components, extra_recipe_components, low_name_score",https://food.ru/recipes/102024-salat-na-skoruiu-ruku-iz-rybnyh-konservov-so-shprotami
perekrestok,3469704,"Шпроты Вкусные Консервы в масле, 175г",review,3,foodru_207563,Брускетты со шпротами и маслинами,0.6072,konserv,bruskett,,,"dish_family_unconfirmed, missing_named_components, extra_recipe_components, low_name_score",https://food.ru/recipes/207563-brusketty-iz-shprot-s-maslinami-1706043720
perekrestok,3475329,"Шпроты Вкусные Консервы в масле, 160г",review,1,foodru_81150,"Яйца, фаршированные консервами из шпрот",0.6963,oil,"aica, meat",,,"dish_family_unconfirmed, missing_named_components, extra_recipe_components, low_name_score",https://food.ru/recipes/81150-jaica-farshirovannye-konservami-iz-shprot
perekrestok,3475329,"Шпроты Вкусные Консервы в масле, 160г",review,2,foodru_102024,Салат на скорую руку из рыбных консервов со шпротами,0.6492,oil,"ruku, rybnyh, skoru",,,"dish_family_unconfirmed, missing_named_components, extra_recipe_components, low_name_score",https://food.ru/recipes/102024-salat-na-skoruiu-ruku-iz-rybnyh-konservov-so-shprotami
perekrestok,3475329,"Шпроты Вкусные Консервы в масле, 160г",review,3,foodru_207563,Брускетты со шпротами и маслинами,0.6072,konserv,bruskett,,,"dish_family_unconfirmed, missing_named_components, extra_recipe_components, low_name_score",https://food.ru/recipes/207563-brusketty-iz-shprot-s-maslinami-1706043720
perekrestok,3497737,"Риет Меридиан пикантный из скумбрии, 100г",review,1,foodru_30157,Риет «Меридиан»,0.6196,"pikant, skumbri",,,,"dish_family_unconfirmed, missing_named_components, low_name_score",https://food.ru/recipes/30157-riet-meridian
perekrestok,3497737,"Риет Меридиан пикантный из скумбрии, 100г",review,2,foodru_16559,Риет из скумбрии,0.6004,"meridan, pikant",,,,"dish_family_unconfirmed, missing_named_components, low_name_score",https://food.ru/recipes/16559-riet-iz-skumbrii
perekrestok,3497737,"Риет Меридиан пикантный из скумбрии, 100г",review,3,foodru_229067,Пикантный салат с сыром,0.2956,"meridan, riet, skumbri",cheese,,,"dish_family_unconfirmed, missing_named_components, extra_recipe_components, low_name_score",https://food.ru/recipes/229067-pikantnyi-salat-s-syrom-liebendorf-1726576823
perekrestok,3503292,"Шпроты За Родину из балтийской кильки в масле, 160г",review,1,foodru_157992,Вкусные домашние шпроты из кильки,0.7603,rodin,,,,"dish_family_unconfirmed, missing_named_components",https://food.ru/recipes/157992-vkusnye-domashnie-shproty-iz-kilki-1674649650
perekrestok,3503292,"Шпроты За Родину из балтийской кильки в масле, 160г",review,2,foodru_207563,Брускетты со шпротами и маслинами,0.592,"kilk, rodin",bruskett,,,"dish_family_unconfirmed, missing_named_components, extra_recipe_components, low_name_score",https://food.ru/recipes/207563-brusketty-iz-shprot-s-maslinami-1706043720
perekrestok,3503292,"Шпроты За Родину из балтийской кильки в масле, 160г",review,3,foodru_118880,Салат с килькой в томатном соусе,0.3608,"oil, rodin, shprot",tomato,,,"dish_family_unconfirmed, missing_named_components, extra_recipe_components, low_name_score",https://food.ru/recipes/118880-salat-s-kilkoi-v-tomatnom-souse
perekrestok,3507133,"Скумбрия Доброфлот дальневосточная натуральная в масле, 245г",review,1,foodru_75608,Скумбрия с кунжутным маслом,0.58,"dalnevostochna, dobroflot, naturalna",kunzhut,,,"dish_family_unconfirmed, missing_named_components, extra_recipe_components, low_name_score",https://food.ru/recipes/75608-skumbrija-s-kunzhutnym-maslom
perekrestok,3507133,"Скумбрия Доброфлот дальневосточная натуральная в масле, 245г",review,2,foodru_68377,Натуральная щучья икра с маслом по-домашнему,0.5433,"dalnevostochna, dobroflot, skumbr","ikra, shchuch",,,"dish_family_unconfirmed, missing_named_components, extra_recipe_components, low_name_score",https://food.ru/recipes/68377-naturalnaja-shchuchja-ikra-s-maslom-po-domashnemu
perekrestok,3507133,"Скумбрия Доброфлот дальневосточная натуральная в масле, 245г",review,3,foodru_75570,Скумбрия отварная,0.3589,"dalnevostochna, dobroflot, naturalna, oil",otvarna,,,"dish_family_unconfirmed, missing_named_components, extra_recipe_components, low_name_score",https://food.ru/recipes/75570-skumbrija-otvarnaja
perekrestok,3607426,Тунец Магуро филе натуральное 200г,review,1,foodru_213736,Натуральное мороженое,0.5267,"maguro, tuna",morozhen,tuna,,"dish_family_unconfirmed, missing_named_components, extra_recipe_components, named_ingredient_unconfirmed, protein_unconfirmed_in_ingredients, low_name_score",https://food.ru/recipes/213736-naturalnoe-morozhenoe
perekrestok,3607426,Тунец Магуро филе натуральное 200г,review,2,foodru_54194,Натуральное суфле,0.5267,"maguro, tuna",sufl,tuna,,"dish_family_unconfirmed, missing_named_components, extra_recipe_components, named_ingredient_unconfirmed, protein_unconfirmed_in_ingredients, low_name_score",https://food.ru/recipes/54194-naturalnoe-sufle
perekrestok,3607426,Тунец Магуро филе натуральное 200г,review,3,foodru_59216,Вкусный жареный тунец,0.5183,"maguro, naturaln",,,,"dish_family_unconfirmed, missing_named_components, low_name_score",https://food.ru/recipes/59216-vkusnyi-zharenyi-tunec
perekrestok,3613299,Сардина Доброфлот Иваси тихоокеанская натуральная 245г,review,1,foodru_101172,Салат «Иваси»,0.4842,"dobroflot, naturalna, sardin, tihookeanska",,,,"dish_family_unconfirmed, missing_named_components, low_name_score",https://food.ru/recipes/101172-salat-ivasi
perekrestok,3613299,Сардина Доброфлот Иваси тихоокеанская натуральная 245г,review,2,foodru_165063,"Салат «Иваси» с рыбой, картофелем и солеными огурцами",0.3804,"dobroflot, naturalna, sardin, tihookeanska","cucumber, potato, rybo, sole",,,"dish_family_unconfirmed, missing_named_components, extra_recipe_components, low_name_score",https://food.ru/recipes/165063-salat-ivasi-1681302197
perekrestok,3613299,Сардина Доброфлот Иваси тихоокеанская натуральная 245г,review,3,foodru_125641,Натуральная кокосовая стружка,0.3788,"dobroflot, ivas, sardin, tihookeanska","coconut, struzhk",,,"dish_family_unconfirmed, missing_named_components, extra_recipe_components, low_name_score",https://food.ru/recipes/125641-naturalnaia-kokosovaia-struzhka-1646313099
perekrestok,3630750,"Сиг EcoFood Armenia Севанский в томатном соусе, 240г",review,1,foodru_3177,Томатный соус,0.7233,"armen, ecofood, sevanski, sig",,,,missing_named_components,https://food.ru/recipes/3177-tomatnyi-sous
perekrestok,3630750,"Сиг EcoFood Armenia Севанский в томатном соусе, 240г",review,2,foodru_103448,Соус «Помидорка»,0.7233,"armen, ecofood, sevanski, sig",,,,missing_named_components,https://food.ru/recipes/103448-sous-pomidorka
perekrestok,3630750,"Сиг EcoFood Armenia Севанский в томатном соусе, 240г",review,3,foodru_71170,Домашний рецепт томатного соуса,0.7233,"armen, ecofood, sevanski, sig",,,,missing_named_components,https://food.ru/recipes/71170-domashnii-recept-tomatnogo-sousa
perekrestok,3633223,"Шпроты Барс из балтийской кильки в масле, 175г",review,1,foodru_157992,Вкусные домашние шпроты из кильки,0.7603,bars,,,,"dish_family_unconfirmed, missing_named_components",https://food.ru/recipes/157992-vkusnye-domashnie-shproty-iz-kilki-1674649650
perekrestok,3633223,"Шпроты Барс из балтийской кильки в масле, 175г",review,2,foodru_207563,Брускетты со шпротами и маслинами,0.592,"bars, kilk",bruskett,,,"dish_family_unconfirmed, missing_named_components, extra_recipe_components, low_name_score",https://food.ru/recipes/207563-brusketty-iz-shprot-s-maslinami-1706043720
perekrestok,3633223,"Шпроты Барс из балтийской кильки в масле, 175г",review,3,foodru_118880,Салат с килькой в томатном соусе,0.3608,"bars, oil, shprot",tomato,,,"dish_family_unconfirmed, missing_named_components, extra_recipe_components, low_name_score",https://food.ru/recipes/118880-salat-s-kilkoi-v-tomatnom-souse
perekrestok,3633258,"Блины Сибирская Коллекция Handmade с малиной, 400г",matched,1,foodru_109049,Блины с малиной,1.0,,,,,,https://food.ru/recipes/109049-bliny-s-malinoi-1644408494
perekrestok,3633258,"Блины Сибирская Коллекция Handmade с малиной, 400г",matched,2,foodru_122071,Нежные блинчики с малиной,1.0,,,,,,https://food.ru/recipes/122071-nezhnye-blinchiki-s-malinoi
perekrestok,3633258,"Блины Сибирская Коллекция Handmade с малиной, 400г",matched,3,foodru_272272,Малиновые блинчики,1.0,,,,,,https://food.ru/recipes/272272-malinovye-blinchiki-1776110564
perekrestok,3653170,"Торт Топ Шеф Миндальный замороженный, 350г",matched,1,foodru_180060,Торт миндальный,1.0,,,,,,https://food.ru/recipes/180060-tort-mindalnyi-1690980435
perekrestok,3653170,"Торт Топ Шеф Миндальный замороженный, 350г",matched,2,foodru_156474,Миндальный торт,1.0,,,,,,https://food.ru/recipes/156474-mindalnyi-tort-1673183138
perekrestok,3653170,"Торт Топ Шеф Миндальный замороженный, 350г",matched,3,foodru_172189,Панкейки ПП на миндальной муке,0.4831,tort,"flour, pankeik",,,"dish_family_unconfirmed, missing_named_components, extra_recipe_components, low_name_score",https://food.ru/recipes/172189-pankeiki-na-mindalnoi-muke-pp-1686769149
perekrestok,3653861,"Горбуша натуральная Пр!ст, 250г",review,1,foodru_66812,Натуральная домашняя икра из горбуши,0.9275,,ikra,,,"dish_family_unconfirmed, extra_recipe_components",https://food.ru/recipes/66812-naturalnaja-domashnjaja-ikra-iz-gorbushi
perekrestok,3653861,"Горбуша натуральная Пр!ст, 250г",review,2,foodru_30179,Паштет из горбуши,0.4911,naturalna,patty,,,"dish_family_unconfirmed, missing_named_components, extra_recipe_components, low_name_score",https://food.ru/recipes/30179-pashtet-iz-gorbushi
perekrestok,3653861,"Горбуша натуральная Пр!ст, 250г",review,3,foodru_125641,Натуральная кокосовая стружка,0.4735,pink_salmon,"coconut, struzhk",pink_salmon,,"dish_family_unconfirmed, missing_named_components, extra_recipe_components, named_ingredient_unconfirmed, protein_unconfirmed_in_ingredients, low_name_score",https://food.ru/recipes/125641-naturalnaia-kokosovaia-struzhka-1646313099
perekrestok,3653862,"Сайра тихоокеанская натуральная Пр!ст, 250г",review,1,foodru_204557,Салат из сайры с сыром и яйцом,0.4834,"naturalna, tihookeanska","aicom, cheese",,,"dish_family_unconfirmed, missing_named_components, extra_recipe_components, low_name_score",https://food.ru/recipes/204557-salat-iz-sairy
perekrestok,3653862,"Сайра тихоокеанская натуральная Пр!ст, 250г",review,2,foodru_125641,Натуральная кокосовая стружка,0.405,"sair, tihookeanska","coconut, struzhk",,,"dish_family_unconfirmed, missing_named_components, extra_recipe_components, low_name_score",https://food.ru/recipes/125641-naturalnaia-kokosovaia-struzhka-1646313099
perekrestok,3653862,"Сайра тихоокеанская натуральная Пр!ст, 250г",review,3,foodru_66812,Натуральная домашняя икра из горбуши,0.4035,"sair, tihookeanska","ikra, pink_salmon",,,"dish_family_unconfirmed, missing_named_components, extra_recipe_components, low_name_score",https://food.ru/recipes/66812-naturalnaja-domashnjaja-ikra-iz-gorbushi
perekrestok,3655792,"Паста Балтийский Берег Creme Le Mare сливочная из морепродуктов, 150г",review,1,foodru_58012,Сливочная паста с морепродуктами,1.0,,,,,retail_spread_not_pasta,https://food.ru/recipes/58012-slivochnaja-pasta-s-moreproduktami
perekrestok,3655792,"Паста Балтийский Берег Creme Le Mare сливочная из морепродуктов, 150г",review,2,foodru_45437,Паста с морепродуктами в сливочном соусе,0.9606,,,,,retail_spread_not_pasta,https://food.ru/recipes/45437-pasta-s-moreproduktami-v-slivochnom-souse
perekrestok,3655792,"Паста Балтийский Берег Creme Le Mare сливочная из морепродуктов, 150г",review,3,foodru_66469,Паста с морепродуктами и сливочным соусом,0.9606,,,,,retail_spread_not_pasta,https://food.ru/recipes/66469-pasta-s-moreproduktami-i-slivochnym-sousom
perekrestok,3662908,"Блины Сибирская Коллекция с мясом, 400г",matched,1,foodru_15241,Блины с мясом,1.0,,,,,,https://food.ru/recipes/15241-bliny-s-mjasom
perekrestok,3662908,"Блины Сибирская Коллекция с мясом, 400г",matched,2,foodru_139,Блинчики с мясом,1.0,,,,,,https://food.ru/recipes/139-blinchiki-s-mjasom
perekrestok,3662908,"Блины Сибирская Коллекция с мясом, 400г",matched,3,foodru_134226,Сытные блины с мясной начинкой,1.0,,,,,,https://food.ru/recipes/134226-sytnye-bliny-s-mjasnoi-nachinkoi
perekrestok,3681003,"Каша молочная рисовая Перекрёсток Select, 250г",matched,1,foodru_2019,Молочная рисовая каша,1.0,,,,,,https://food.ru/recipes/2019-molochnaja-risovaja-kasha
perekrestok,3681003,"Каша молочная рисовая Перекрёсток Select, 250г",matched,2,foodru_29041,Рисовая каша на молоке,1.0,,,,,,https://food.ru/recipes/29041-risovaja-kasha-na-moloke
perekrestok,3681003,"Каша молочная рисовая Перекрёсток Select, 250г",matched,3,foodru_83449,Рисовая каша на кокосовом молоке,0.9366,,coconut,,,extra_recipe_components,https://food.ru/recipes/83449-risovaja-kasha-na-kokosovom-moloke
perekrestok,3681730,"Рулетики пикантные из ветчины Перекрёсток Select, 150г",review,1,foodru_74404,Рулетики из ветчины,0.6743,pikantn,,,,"dish_family_unconfirmed, missing_named_components, low_name_score",https://food.ru/recipes/74404-ruletiki-iz-vetchiny
perekrestok,3681730,"Рулетики пикантные из ветчины Перекрёсток Select, 150г",review,2,foodru_118172,Рулетики с ветчиной,0.6743,pikantn,,,,"dish_family_unconfirmed, missing_named_components, low_name_score",https://food.ru/recipes/118172-ruletiki-s-vetchinoi-1645442107
perekrestok,3681730,"Рулетики пикантные из ветчины Перекрёсток Select, 150г",review,3,foodru_98,Рулетики из ветчины с сыром,0.6243,pikantn,cheese,,,"dish_family_unconfirmed, missing_named_components, extra_recipe_components, low_name_score",https://food.ru/recipes/98-ruletiki-iz-vetchiny-s-syrom
perekrestok,3900135,"Горбуша Курильский Берег натуральная, 250г",review,1,foodru_66812,Натуральная домашняя икра из горбуши,0.6065,"bereg, kurilski",ikra,,,"dish_family_unconfirmed, missing_named_components, extra_recipe_components, low_name_score",https://food.ru/recipes/66812-naturalnaja-domashnjaja-ikra-iz-gorbushi
perekrestok,3900135,"Горбуша Курильский Берег натуральная, 250г",review,2,foodru_81304,Береги,0.5043,"kurilski, naturalna, pink_salmon",,pink_salmon,Для начинки и подачи,"mixed_ingredient_group, dish_family_unconfirmed, missing_named_components, named_ingredient_unconfirmed, protein_unconfirmed_in_ingredients, low_name_score",https://food.ru/recipes/81304-beregi
perekrestok,3900135,"Горбуша Курильский Берег натуральная, 250г",review,3,foodru_30179,Паштет из горбуши,0.3334,"bereg, kurilski, naturalna",patty,,,"dish_family_unconfirmed, missing_named_components, extra_recipe_components, low_name_score",https://food.ru/recipes/30179-pashtet-iz-gorbushi
perekrestok,3932486,"Сардина Доброфлот тихоокеанская тушка копчёная в масле, 210г",review,1,foodru_130121,Курочка копченая,0.3986,"dobroflot, sardin, tihookeanska, tushk",chicken,,,"dish_family_unconfirmed, missing_named_components, extra_recipe_components, low_name_score",https://food.ru/recipes/130121-kurochka-kopchenaia-1647930548
perekrestok,3932486,"Сардина Доброфлот тихоокеанская тушка копчёная в масле, 210г",review,2,foodru_204714,Тушки кальмаров гриль,0.3607,"dobroflot, kopchena, sardin, tihookeanska","gril, squid",,,"dish_family_unconfirmed, missing_named_components, extra_recipe_components, low_name_score",https://food.ru/recipes/204714-tushki-kalmarov
perekrestok,3932486,"Сардина Доброфлот тихоокеанская тушка копчёная в масле, 210г",review,3,foodru_175910,Копченая кукуруза под соусом барбекю на угольном гриле,0.2878,"dobroflot, oil, sardin, tihookeanska, tushk","barbek, gril, kukuruz, ugoln",,,"dish_family_unconfirmed, missing_named_components, extra_recipe_components, low_name_score",https://food.ru/recipes/175910-kopchionaia-kukuruza-pod-sousom-barbekiu-na-ugolnom-grile-1688494168
perekrestok,3934770,"Бычки Пролив обжаренные в томатном соусе, 240г",review,1,foodru_123542,Сочные бычки в томатном соусе,0.9044,"obzhar, proliv",,,,missing_named_components,https://food.ru/recipes/123542-sochnye-bychki-v-tomatnom-souse
perekrestok,3934770,"Бычки Пролив обжаренные в томатном соусе, 240г",review,2,foodru_121741,Филе индейки в соусе из бычков в томате,0.8503,"obzhar, proliv",turkey,,,"missing_named_components, extra_recipe_components",https://food.ru/recipes/121741-file-indeiki-s-souse-iz-bychkov-v-tomate
perekrestok,3934770,"Бычки Пролив обжаренные в томатном соусе, 240г",review,3,foodru_3177,Томатный соус,0.5677,"bychk, obzhar, proliv",,,,"missing_named_components, low_name_score",https://food.ru/recipes/3177-tomatnyi-sous
perekrestok,3940705,"Горбуша + скумбрия Европром рубленая, 180г",review,1,foodru_75538,Скумбрия с консервированной горбушей,0.6047,"evropr, rublena",konservirovan,,,"dish_family_unconfirmed, missing_named_components, extra_recipe_components, low_name_score",https://food.ru/recipes/75538-skumbrija-s-konservirovannoi-gorbushei
perekrestok,3940705,"Горбуша + скумбрия Европром рубленая, 180г",review,2,foodru_161385,Рубленая картошка с кабачками и перцем в духовке,0.3387,"evropr, pink_salmon, skumbr","duhovk, kabach, potato",pink_salmon,,"dish_family_unconfirmed, missing_named_components, extra_recipe_components, named_ingredient_unconfirmed, protein_unconfirmed_in_ingredients, low_name_score",https://food.ru/recipes/161385-rublenaia-kartoshka-s-kabachkami-i-pertsem-v-dukhovke-1676470895
perekrestok,3940705,"Горбуша + скумбрия Европром рубленая, 180г",review,3,foodru_75570,Скумбрия отварная,0.3379,"evropr, pink_salmon, rublena",otvarna,pink_salmon,,"dish_family_unconfirmed, missing_named_components, extra_recipe_components, named_ingredient_unconfirmed, protein_unconfirmed_in_ingredients, low_name_score",https://food.ru/recipes/75570-skumbrija-otvarnaja
perekrestok,3940708,"Горбуша + скумбрия Европром рубленая с ароматом копчения, 180г",review,1,foodru_75538,Скумбрия с консервированной горбушей,0.4112,"aromat, evropr, kopchen, rublena",konservirovan,,,"dish_family_unconfirmed, missing_named_components, extra_recipe_components, low_name_score",https://food.ru/recipes/75538-skumbrija-s-konservirovannoi-gorbushei
perekrestok,3940708,"Горбуша + скумбрия Европром рубленая с ароматом копчения, 180г",review,2,foodru_132435,Полезная скумбрия горячего копчения,0.4044,"aromat, evropr, pink_salmon, rublena","gorachego, polezna",pink_salmon,,"dish_family_unconfirmed, missing_named_components, extra_recipe_components, named_ingredient_unconfirmed, protein_unconfirmed_in_ingredients, low_name_score",https://food.ru/recipes/132435-poleznaja-skumbrija-gorjachego-kopchenija
perekrestok,3940708,"Горбуша + скумбрия Европром рубленая с ароматом копчения, 180г",review,3,foodru_169374,Ароматный винегрет,0.2872,"evropr, kopchen, pink_salmon, rublena, skumbr",vinegret,pink_salmon,,"dish_family_unconfirmed, missing_named_components, extra_recipe_components, named_ingredient_unconfirmed, protein_unconfirmed_in_ingredients, low_name_score",https://food.ru/recipes/169374-aromatnyi-vinegret-1682671293
perekrestok,3962298,"Шпроты За Родину тушки из балтийской кильки в масле, 270г",review,1,foodru_157992,Вкусные домашние шпроты из кильки,0.6026,"rodin, tushk",,,,"dish_family_unconfirmed, missing_named_components, low_name_score",https://food.ru/recipes/157992-vkusnye-domashnie-shproty-iz-kilki-1674649650
perekrestok,3962298,"Шпроты За Родину тушки из балтийской кильки в масле, 270г",review,2,foodru_207563,Брускетты со шпротами и маслинами,0.457,"kilk, rodin, tushk",bruskett,,,"dish_family_unconfirmed, missing_named_components, extra_recipe_components, low_name_score",https://food.ru/recipes/207563-brusketty-iz-shprot-s-maslinami-1706043720
perekrestok,3962298,"Шпроты За Родину тушки из балтийской кильки в масле, 270г",review,3,foodru_204714,Тушки кальмаров гриль,0.3208,"kilk, rodin, shprot","gril, squid",,,"dish_family_unconfirmed, missing_named_components, extra_recipe_components, low_name_score",https://food.ru/recipes/204714-tushki-kalmarov
perekrestok,3976385,"Икра Санта Бремор Классическая, 180г",review,1,foodru_120089,Салат «Икра»,0.9223,,,,,dish_family_unconfirmed,https://food.ru/recipes/120089-salat-ikra
perekrestok,3976385,"Икра Санта Бремор Классическая, 180г",review,2,foodru_73116,Икра из овощей,0.9128,,,,,dish_family_unconfirmed,https://food.ru/recipes/73116-ikra-iz-ovoshchei
perekrestok,3976385,"Икра Санта Бремор Классическая, 180г",review,3,foodru_259217,Классическая баклажанная икра,0.8773,,baklazhanna,,,"dish_family_unconfirmed, extra_recipe_components",https://food.ru/recipes/259217-klassicheskaja-baklazhannaja-ikra
perekrestok,3983177,"Икра Санта Бремор с креветкой, 180г",review,1,foodru_120089,Салат «Икра»,0.6004,,,,,"dish_family_unconfirmed, low_name_score",https://food.ru/recipes/120089-salat-ikra
perekrestok,3983177,"Икра Санта Бремор с креветкой, 180г",review,2,foodru_73116,Икра из овощей,0.591,shrimp,,shrimp,,"dish_family_unconfirmed, missing_named_components, named_ingredient_unconfirmed, protein_unconfirmed_in_ingredients, low_name_score",https://food.ru/recipes/73116-ikra-iz-ovoshchei
perekrestok,3983177,"Икра Санта Бремор с креветкой, 180г",review,3,foodru_259217,Классическая баклажанная икра,0.5554,shrimp,baklazhanna,shrimp,,"dish_family_unconfirmed, missing_named_components, extra_recipe_components, named_ingredient_unconfirmed, protein_unconfirmed_in_ingredients, low_name_score",https://food.ru/recipes/259217-klassicheskaja-baklazhannaja-ikra
perekrestok,3983178,"Икра Санта Бремор с копчёным лососем, 270г",review,1,foodru_66166,Тост с копченым лососем,0.6672,ikra,,,,"dish_family_unconfirmed, missing_named_components, low_name_score",https://food.ru/recipes/66166-tost-s-kopchenym-lososem
perekrestok,3983178,"Икра Санта Бремор с копчёным лососем, 270г",review,2,foodru_44279,Пирог с копченой семгой,0.6577,ikra,pie,,,"dish_family_unconfirmed, missing_named_components, extra_recipe_components, low_name_score",https://food.ru/recipes/44279-pirog-s-kopchenoi-semgoi
perekrestok,3983178,"Икра Санта Бремор с копчёным лососем, 270г",review,3,foodru_120089,Салат «Икра»,0.4138,"kopche, salmon",,salmon,,"dish_family_unconfirmed, missing_named_components, named_ingredient_unconfirmed, protein_unconfirmed_in_ingredients, low_name_score",https://food.ru/recipes/120089-salat-ikra
perekrestok,4029977,"Паштет Формула ГОСТа из печени и икры тресковых рыб, 220г",review,1,foodru_89620,Паштет из печени трески,0.9256,"ikry, ryb",,,,missing_named_components,https://food.ru/recipes/89620-pashtet-iz-pecheni-treski
perekrestok,4029977,"Паштет Формула ГОСТа из печени и икры тресковых рыб, 220г",review,2,foodru_111595,Питательный паштет с печенью трески,0.8618,"ikry, ryb",pitatel,,,"missing_named_components, extra_recipe_components",https://food.ru/recipes/111595-pitatelnyi-pashtet-s-pecheniu-treski
perekrestok,4029977,"Паштет Формула ГОСТа из печени и икры тресковых рыб, 220г",review,3,foodru_105441,Сочная печень по-строгановски,0.3068,"cod, ikry, patty, ryb",stroganovsk,cod,,"dish_family_unconfirmed, missing_named_components, extra_recipe_components, named_ingredient_unconfirmed, protein_unconfirmed_in_ingredients, low_name_score",https://food.ru/recipes/105441-pechen-po-stroganovski-1643881140
perekrestok,4034848,"Чебурек с мясом замороженный Маркет, 180г",matched,1,foodru_119219,Чебуреки с мясом по авторскому рецепту,0.9056,,,,,,https://food.ru/recipes/119219-chebureki-s-miasom-1645615583
perekrestok,4034848,"Чебурек с мясом замороженный Маркет, 180г",matched,2,foodru_237016,Чебуреки с фаршем из свинины и говядины,0.8913,,"beef, pork",,,extra_recipe_components,https://food.ru/recipes/237016-chebureki-s-farshem-iz-svininy-i-govyadiny-1733622924
perekrestok,4034848,"Чебурек с мясом замороженный Маркет, 180г",matched,3,foodru_144012,Чебуреки с мясом со специями и сушеным укропом,0.859,,"spec, sushe",,,extra_recipe_components,https://food.ru/recipes/144012-chebureki-s-miasom-1656946868
perekrestok,4047005,"Осётр EcoFood копчёный в масле, 220г",review,1,foodru_161748,Осетр с лимоном и сливочным маслом,0.5973,"ecofood, kopche",limon,,,"dish_family_unconfirmed, missing_named_components, extra_recipe_components, low_name_score",https://food.ru/recipes/161748-osetr-s-limonom-i-slivochnym-maslom-1676476410
perekrestok,4047005,"Осётр EcoFood копчёный в масле, 220г",review,2,foodru_164892,Котлеты из осетра,0.4263,"ecofood, kopche, oil",cutlet,,,"dish_family_unconfirmed, missing_named_components, extra_recipe_components, low_name_score",https://food.ru/recipes/164892-kotlety-iz-osetra-1681301008
perekrestok,4047005,"Осётр EcoFood копчёный в масле, 220г",review,3,foodru_66166,Тост с копченым лососем,0.3373,"ecofood, oil, osetr",salmon,,,"dish_family_unconfirmed, missing_named_components, extra_recipe_components, low_name_score",https://food.ru/recipes/66166-tost-s-kopchenym-lososem
perekrestok,4047699,"Килька Барс балтийская неразделанная копчёная в томатном соусе, 250г",review,1,foodru_3177,Томатный соус,0.4568,"baltiiska, bars, kilk, kopchena, nerazdelanna",,,,"missing_named_components, low_name_score",https://food.ru/recipes/3177-tomatnyi-sous
perekrestok,4047699,"Килька Барс балтийская неразделанная копчёная в томатном соусе, 250г",review,2,foodru_103448,Соус «Помидорка»,0.4568,"baltiiska, bars, kilk, kopchena, nerazdelanna",,,,"missing_named_components, low_name_score",https://food.ru/recipes/103448-sous-pomidorka
perekrestok,4047699,"Килька Барс балтийская неразделанная копчёная в томатном соусе, 250г",review,3,foodru_71170,Домашний рецепт томатного соуса,0.4568,"baltiiska, bars, kilk, kopchena, nerazdelanna",,,,"missing_named_components, low_name_score",https://food.ru/recipes/71170-domashnii-recept-tomatnogo-sousa
perekrestok,4088784,"Килька черноморская неразделанная в томатном соусе Пр!ст, 240г",review,1,foodru_3177,Томатный соус,0.5765,"chernomorska, kilk, nerazdelanna",,,,"missing_named_components, low_name_score",https://food.ru/recipes/3177-tomatnyi-sous
perekrestok,4088784,"Килька черноморская неразделанная в томатном соусе Пр!ст, 240г",review,2,foodru_103448,Соус «Помидорка»,0.5765,"chernomorska, kilk, nerazdelanna",,,,"missing_named_components, low_name_score",https://food.ru/recipes/103448-sous-pomidorka
perekrestok,4088784,"Килька черноморская неразделанная в томатном соусе Пр!ст, 240г",review,3,foodru_71170,Домашний рецепт томатного соуса,0.5765,"chernomorska, kilk, nerazdelanna",,,,"missing_named_components, low_name_score",https://food.ru/recipes/71170-domashnii-recept-tomatnogo-sousa
perekrestok,4111251,"Блинчики Сибирская коллекция с творогом замороженные, 400г",matched,1,foodru_530,Блины с творогом,1.0,,,,,,https://food.ru/recipes/530-bliny-s-tvorogom
perekrestok,4111251,"Блинчики Сибирская коллекция с творогом замороженные, 400г",matched,2,foodru_49015,Блинчики с творогом,1.0,,,,Для жарки и подачи,mixed_ingredient_group,https://food.ru/recipes/49015-blinchiki-s-tvorogom
perekrestok,4111251,"Блинчики Сибирская коллекция с творогом замороженные, 400г",matched,3,foodru_75962,Блинчики с семгой и творожным сыром,0.8872,,"cheese, salmon",,,extra_recipe_components,https://food.ru/recipes/75962-blinchiki-s-semgoi-i-tvorozhnym-syrom
perekrestok,4120448,"Паста Перекрёсток Select Болоньезе, 250г",matched,1,foodru_2310,Паста болоньезе,1.0,,,,,,https://food.ru/recipes/2310-pasta-boloneze
perekrestok,4120448,"Паста Перекрёсток Select Болоньезе, 250г",matched,2,foodru_71189,Классический рецепт спагетти болоньезе,1.0,,,,,,https://food.ru/recipes/71189-klassicheskii-recept-spagetti-boloneze
perekrestok,4120448,"Паста Перекрёсток Select Болоньезе, 250г",matched,3,foodru_53229,Спагетти с соусом болоньезе,0.947,,,,,,https://food.ru/recipes/53229-spagetti-s-sousom-boloneze
perekrestok,4133217,"Салат Оливье Перекрёсток Select, 500г",matched,1,foodru_59226,Классический салат оливье,1.0,,,,,,https://food.ru/recipes/59226-klassicheskii-salat-olive
perekrestok,4133217,"Салат Оливье Перекрёсток Select, 500г",matched,2,foodru_96382,Нежный салат «Оливье»,1.0,,,,,,https://food.ru/recipes/96382-nezhnyi-salat-olive
perekrestok,4133217,"Салат Оливье Перекрёсток Select, 500г",matched,3,foodru_178788,Салат оливье с вареной говядиной и соленым огурцом,0.8433,,"beef, cucumber, sole, vare",,,extra_recipe_components,https://food.ru/recipes/178788-salat-olive-s-goviadinoi-i-solionym-ogurtsom-1690901910
perekrestok,4133219,"Винегрет овощной с маслом Перекрёсток Select, 500г",matched,1,foodru_207474,Винегрет с овощами на оливковом масле,0.9249,,,,,,https://food.ru/recipes/207474-vinegret-s-ovoshchami-na-olivkovom-masle-1706008749
perekrestok,4133219,"Винегрет овощной с маслом Перекрёсток Select, 500г",matched,2,foodru_105915,Винегрет с маслинами,0.7896,,,,,,https://food.ru/recipes/105915-vinegret-s-maslinami
perekrestok,4133219,"Винегрет овощной с маслом Перекрёсток Select, 500г",matched,3,foodru_269490,Винегрет с кунжутным маслом,0.7032,,kunzhut,,,"extra_recipe_components, low_name_score",https://food.ru/recipes/269490-vinegret-s-kunzhutnym-maslom-1766249916
perekrestok,4133312,"Сэндвич-ролл Перекрёсток Select Цезарь, 200г",review,1,foodru_86263,Тост с соусом цезарь,0.6838,roll,,,Для соуса и подачи,"mixed_ingredient_group, missing_named_components, low_name_score",https://food.ru/recipes/86263-tost-s-sousom-cezar
perekrestok,4133312,"Сэндвич-ролл Перекрёсток Select Цезарь, 200г",review,2,foodru_274813,Сэндвичи «Цезарь» для пикника,0.6403,roll,piknik,,,"missing_named_components, extra_recipe_components, low_name_score",https://food.ru/recipes/274813-sendvichi-cezar-dlja-piknika
perekrestok,4133312,"Сэндвич-ролл Перекрёсток Select Цезарь, 200г",review,3,foodru_190046,Сэндвич-ролл с курочкой су-вид,0.5965,caesar,"chicken, vid",,,"missing_named_components, extra_recipe_components, low_name_score",https://food.ru/recipes/190046-sendvich-roll-s-kurochkoi-su-vid-1696012333
perekrestok,4133313,"Сэндвич-ролл Перекрёсток Select с индейкой, 200г",review,1,foodru_66061,Тост с индейкой,0.7143,roll,,,,"missing_named_components, low_name_score",https://food.ru/recipes/66061-tost-s-indeikoi
perekrestok,4133313,"Сэндвич-ролл Перекрёсток Select с индейкой, 200г",review,2,foodru_76406,Тост с филе индейки,0.7143,roll,,,,"missing_named_components, low_name_score",https://food.ru/recipes/76406-tost-s-file-indeiki
perekrestok,4133313,"Сэндвич-ролл Перекрёсток Select с индейкой, 200г",review,3,foodru_4557,Сэндвич простой,0.4608,"roll, turkey",,turkey,,"missing_named_components, named_ingredient_unconfirmed, protein_unconfirmed_in_ingredients, low_name_score",https://food.ru/recipes/4557-sendvich-prostoi
perekrestok,4147826,"Салат Перекрёсток Select с индейкой-барбекю, 210г",review,1,foodru_181772,Салат с индейкой барбекю и тыквой,0.9392,,pumpkin,,,extra_recipe_components,https://food.ru/recipes/181772-salat-s-indeikoi-barbekiu-i-tykvoi
perekrestok,4147826,"Салат Перекрёсток Select с индейкой-барбекю, 210г",review,2,foodru_261332,Стейк в соусе барбекю с овощным салатом,0.6006,turkey,steik,turkey,,"missing_named_components, extra_recipe_components, named_ingredient_unconfirmed, protein_unconfirmed_in_ingredients, low_name_score",https://food.ru/recipes/261332-steik-v-souse-barbekiu-s-ovoshchnym-salatom-1757094953
perekrestok,4147826,"Салат Перекрёсток Select с индейкой-барбекю, 210г",review,3,foodru_212354,Салат с индейкой су-вид под йогуртово-медовым соусом,0.5152,barbek,"iogurtovo, medov, vid",,,"missing_named_components, extra_recipe_components, low_name_score",https://food.ru/recipes/212354-salat-s-indeikoi-su-vid-pod-iogurtovo-medovym-sousom
perekrestok,4147834,"Сырники жареные Перекрёсток Select, 220г",matched,1,foodru_411,Сырники классические,1.0,,,,,,https://food.ru/recipes/411-syrniki-klassicheskie
perekrestok,4147834,"Сырники жареные Перекрёсток Select, 220г",matched,2,foodru_71337,Жареные сырники,1.0,,,,,,https://food.ru/recipes/71337-zharenye-syrniki
perekrestok,4147834,"Сырники жареные Перекрёсток Select, 220г",matched,3,foodru_77935,Сырники без сахара,0.878,,,,,,https://food.ru/recipes/77935-syrniki-bez-sahara
perekrestok,4147835,"Сырники с изюмом Перекрёсток Select, 220г",matched,1,foodru_49996,Простые нежные сырники с изюмом,1.0,,,,,,https://food.ru/recipes/49996-prostye-nezhnye-syrniki-s-iziumom
perekrestok,4147835,"Сырники с изюмом Перекрёсток Select, 220г",matched,2,foodru_77341,Сырники с изюмом,1.0,,,,,,https://food.ru/recipes/77341-syrniki-s-iziumom
perekrestok,4147835,"Сырники с изюмом Перекрёсток Select, 220г",matched,3,foodru_411,Сырники классические,0.5521,raisin,,raisin,,"missing_named_components, named_ingredient_unconfirmed, low_name_score",https://food.ru/recipes/411-syrniki-klassicheskie
perekrestok,4147836,"Сырники с курагой Перекрёсток Select, 220г",matched,1,foodru_158004,Сырники с курагой,1.0,,,,,,https://food.ru/recipes/158004-syrniki-s-kuragoi-1674649751
perekrestok,4147836,"Сырники с курагой Перекрёсток Select, 220г",matched,2,foodru_110687,Сырники с курагой и тыквенными семечками,0.8785,,"pumpkin, semech",,,extra_recipe_components,https://food.ru/recipes/110687-syrniki-s-kuragoi-1644744679
perekrestok,4147836,"Сырники с курагой Перекрёсток Select, 220г",matched,3,foodru_411,Сырники классические,0.5867,apricot,,apricot,,"missing_named_components, named_ingredient_unconfirmed, low_name_score",https://food.ru/recipes/411-syrniki-klassicheskie
perekrestok,4150563,"Филе угря Моремания морского жареное в соусе унаги, 200г",review,1,foodru_182673,"Жареное филе пангасиуса, морской язык",0.5248,"sauce, ugra, unag","azyk, pangasus",,,"dish_family_unconfirmed, missing_named_components, extra_recipe_components, low_name_score",https://food.ru/recipes/182673-zharenoe-file-pangasiusa-morskoi-iazyk-1691753392
perekrestok,4150563,"Филе угря Моремания морского жареное в соусе унаги, 200г",review,2,foodru_152565,Лосось в соусе унаги,0.4762,"morsk, ugra, zharen",salmon,,,"missing_named_components, extra_recipe_components, low_name_score",https://food.ru/recipes/152565-losos-v-souse-unagi-1668595339
perekrestok,4150563,"Филе угря Моремания морского жареное в соусе унаги, 200г",review,3,foodru_3177,Томатный соус,0.1881,"morsk, ugra, unag, zharen",tomato,,,"missing_named_components, extra_recipe_components, low_name_score",https://food.ru/recipes/3177-tomatnyi-sous
perekrestok,4155363,"Паста Арабьята Перекрёсток Select, 250г",matched,1,foodru_249954,Паста арабьята,1.0,,,,,,https://food.ru/recipes/249954-pasta-arabjata
perekrestok,4155363,"Паста Арабьята Перекрёсток Select, 250г",matched,2,foodru_3102,Паста «Арабьята» по-домашнему,1.0,,,,,,https://food.ru/recipes/3102-pasta-arabjata-po-domashnemu
perekrestok,4155363,"Паста Арабьята Перекрёсток Select, 250г",matched,3,foodru_30160,Домашние фетучини,0.5078,arabat,,,,"missing_named_components, low_name_score",https://food.ru/recipes/30160-domashnie-fetuchini
perekrestok,4156187,"Паста 4 сыра Перекрёсток Select, 250г",review,1,foodru_30160,Домашние фетучини,0.491,fourchees,,,,"missing_named_components, low_name_score",https://food.ru/recipes/30160-domashnie-fetuchini
perekrestok,4156187,"Паста 4 сыра Перекрёсток Select, 250г",review,2,foodru_30201,Макароны с сыром,0.3952,fourchees,cheese,,,"missing_named_components, extra_recipe_components, low_name_score",https://food.ru/recipes/30201-makarony-s-syrom
perekrestok,4156187,"Паста 4 сыра Перекрёсток Select, 250г",review,3,foodru_3138,Спагетти с сыром,0.3952,fourchees,cheese,,,"missing_named_components, extra_recipe_components, low_name_score",https://food.ru/recipes/3138-spagetti-s-syrom
perekrestok,4175863,"Вок с говядиной Перекрёсток Select, 250г",matched,1,foodru_16567,Вок с говядиной и овощами,0.9362,,,,,,https://food.ru/recipes/16567-vok-s-govjadinoi-i-ovoshchami
perekrestok,4175863,"Вок с говядиной Перекрёсток Select, 250г",matched,2,foodru_123213,Вкусная телятина в бульоне,0.4515,wok,bulon,,,"dish_family_unconfirmed, missing_named_components, extra_recipe_components, low_name_score",https://food.ru/recipes/123213-vkusnaja-teljatina-v-bulone
perekrestok,4175863,"Вок с говядиной Перекрёсток Select, 250г",matched,3,foodru_130672,Бифштекс из говядины,0.4425,wok,bifshteks,,,"dish_family_unconfirmed, missing_named_components, extra_recipe_components, low_name_score",https://food.ru/recipes/130672-bifshteks-iz-goviadiny-1648054192
perekrestok,4175864,"Вок с курицей Перекрёсток Select, 250г",matched,1,foodru_46099,Домашний вок с курицей,1.0,,,,,,https://food.ru/recipes/46099-domashnii-vok-s-kuricei
perekrestok,4175864,"Вок с курицей Перекрёсток Select, 250г",matched,2,foodru_208559,Куриная грудка под соусом «Вок»,0.8853,,,,,,https://food.ru/recipes/208559-kurinaia-grudka-pod-sousom-vok-1706799400
perekrestok,4175864,"Вок с курицей Перекрёсток Select, 250г",matched,3,foodru_16557,Вок с курицей терияки,0.9155,,teriyaki,,,extra_recipe_components,https://food.ru/recipes/16557-vok-s-kuricei-terijaki
perekrestok,4183545,"Хумус рецепт из Иерусалима Перекрёсток Select, 300г",review,1,foodru_1465,Хумус,0.61,ierusalim,,,,"missing_named_components, low_name_score",https://food.ru/recipes/1465-humus
perekrestok,4183545,"Хумус рецепт из Иерусалима Перекрёсток Select, 300г",review,2,foodru_50655,Воздушный торт «Иерусалим»,0.4705,hummus,"tort, vozdush",,,"dish_family_unconfirmed, missing_named_components, extra_recipe_components, low_name_score",https://food.ru/recipes/50655-vozdushnyi-tort-ierusalim
perekrestok,4186335,"Тунец полосатый мелко рубленный Пр!ст, 185г",review,1,foodru_43376,Полосатые бутерброды,0.5498,"melko, rubl, tuna",,tuna,,"dish_family_unconfirmed, missing_named_components, named_ingredient_unconfirmed, protein_unconfirmed_in_ingredients, low_name_score",https://food.ru/recipes/43376-polosatye-buterbrody
perekrestok,4186335,"Тунец полосатый мелко рубленный Пр!ст, 185г",review,2,foodru_59216,Вкусный жареный тунец,0.4841,"melko, polosat, rubl",,,,"dish_family_unconfirmed, missing_named_components, low_name_score",https://food.ru/recipes/59216-vkusnyi-zharenyi-tunec
perekrestok,4186335,"Тунец полосатый мелко рубленный Пр!ст, 185г",review,3,foodru_1424,Салат с тунцом,0.3956,"melko, polosat, rubl",,,,"dish_family_unconfirmed, missing_named_components, low_name_score",https://food.ru/recipes/1424-salat-s-tuncom
perekrestok,4192787,"Котлета из судака и креветок с рисом Перекрёсток Select, 270г",review,1,foodru_197824,Котлеты из судака,0.6619,"rice, shrimp",,"rice, shrimp",,"missing_named_components, named_ingredient_unconfirmed, protein_unconfirmed_in_ingredients, side_dish_unconfirmed, low_name_score",https://food.ru/recipes/197824-kotlety-iz-sudaka
perekrestok,4192787,"Котлета из судака и креветок с рисом Перекрёсток Select, 270г",review,2,foodru_68160,Рис с креветками и карри по-азиатски,0.4253,"cutlet, sudak","azatsk, karr",,,"dish_family_unconfirmed, missing_named_components, extra_recipe_components, side_dish_unconfirmed, low_name_score",https://food.ru/recipes/68160-ris-s-krevetkami-i-karri-po-aziatski
perekrestok,4192787,"Котлета из судака и креветок с рисом Перекрёсток Select, 270г",review,3,foodru_159,Рис с овощами,0.2858,"cutlet, shrimp, sudak",,shrimp,,"dish_family_unconfirmed, missing_named_components, named_ingredient_unconfirmed, protein_unconfirmed_in_ingredients, side_dish_unconfirmed, low_name_score",https://food.ru/recipes/159-ris-s-ovoshchami
perekrestok,4192791,"Фишкейки с картофельным пюре и соусом тар-тар Перекрёсток Select, 280г",review,1,foodru_151576,Картошка по-деревенски с соусом тар-тар,0.7741,"fishkeik, mash",,,,missing_named_components,https://food.ru/recipes/151576-kartoshka-po-derevenski-s-sousom-tar-tar-1666282644
perekrestok,4192791,"Фишкейки с картофельным пюре и соусом тар-тар Перекрёсток Select, 280г",review,2,foodru_104373,Картофель по-деревенски с соусом тар-тар,0.7741,"fishkeik, mash",,,,missing_named_components,https://food.ru/recipes/104373-kartofel-po-derevenski-s-sousom-tar-tar-1643717329
perekrestok,4192791,"Фишкейки с картофельным пюре и соусом тар-тар Перекрёсток Select, 280г",review,3,foodru_102097,Картофельное пюре с говядиной в томатном соусе,0.5851,"fishkeik, tar","beef, tomato",,,"missing_named_components, extra_recipe_components, low_name_score",https://food.ru/recipes/102097-kartofelnoe-piure-s-govjadinoi-v-tomatnom-souse
perekrestok,4200603,"Сырники жареные Перекрёсток Select, 110г",matched,1,foodru_411,Сырники классические,1.0,,,,,,https://food.ru/recipes/411-syrniki-klassicheskie
perekrestok,4200603,"Сырники жареные Перекрёсток Select, 110г",matched,2,foodru_71337,Жареные сырники,1.0,,,,,,https://food.ru/recipes/71337-zharenye-syrniki
perekrestok,4200603,"Сырники жареные Перекрёсток Select, 110г",matched,3,foodru_77935,Сырники без сахара,0.878,,,,,,https://food.ru/recipes/77935-syrniki-bez-sahara
perekrestok,4208166,"Паста Санта Бремор кальмар рубленый в сливочном соусе с креветкой, 150г",review,1,foodru_131197,Паста с креветками и кальмарами в сливочном соусе,1.0,,,,,retail_spread_not_pasta,https://food.ru/recipes/131197-pasta-s-krevetkami-i-kalmarami-v-slivochnom-souse
perekrestok,4208166,"Паста Санта Бремор кальмар рубленый в сливочном соусе с креветкой, 150г",review,2,foodru_116666,Паста с креветками и кальмарами,0.7227,sauce,,,,"missing_named_components, retail_spread_not_pasta",https://food.ru/recipes/116666-pasta-s-krevetkami-i-kalmarami-1645185269
perekrestok,4208166,"Паста Санта Бремор кальмар рубленый в сливочном соусе с креветкой, 150г",review,3,foodru_45437,Паста с морепродуктами в сливочном соусе,0.576,,moreprodukt,,,"extra_recipe_components, retail_spread_not_pasta, low_name_score",https://food.ru/recipes/45437-pasta-s-moreproduktami-v-slivochnom-souse
perekrestok,4215386,"Блинчики с лососем и творожным сыром Перекрёсток Select, 160г",matched,1,foodru_75962,Блинчики с семгой и творожным сыром,1.0,,,,,,https://food.ru/recipes/75962-blinchiki-s-semgoi-i-tvorozhnym-syrom
perekrestok,4215386,"Блинчики с лососем и творожным сыром Перекрёсток Select, 160г",matched,2,foodru_125916,"Блинчики с семгой, помидорами и творожным сыром",0.9559,,tomato,,,extra_recipe_components,https://food.ru/recipes/125916-blinchiki-s-semgoi-pomidorami-i-tvorozhnym-syrom-1646392196
perekrestok,4215386,"Блинчики с лососем и творожным сыром Перекрёсток Select, 160г",matched,3,foodru_530,Блины с творогом,0.6001,"cheese, salmon",,"cheese, salmon",,"missing_named_components, named_ingredient_unconfirmed, protein_unconfirmed_in_ingredients, low_name_score",https://food.ru/recipes/530-bliny-s-tvorogom
perekrestok,4221854,"Жареный рис по-азиатски с креветками Перекрёсток Select, 250г",matched,1,foodru_116791,Рис по-азиатски,0.7811,,,,,,https://food.ru/recipes/116791-ris-po-aziatski-1645200412
perekrestok,4221854,"Жареный рис по-азиатски с креветками Перекрёсток Select, 250г",matched,2,foodru_68160,Рис с креветками и карри по-азиатски,0.9336,,karr,,,"dish_family_unconfirmed, extra_recipe_components",https://food.ru/recipes/68160-ris-s-krevetkami-i-karri-po-aziatski
perekrestok,4221854,"Жареный рис по-азиатски с креветками Перекрёсток Select, 250г",matched,3,foodru_256627,Тигровые креветки по-азиатски,0.6852,rice,tigr,rice,,"dish_family_unconfirmed, missing_named_components, extra_recipe_components, named_ingredient_unconfirmed, low_name_score",https://food.ru/recipes/256627-krevetki-po-aziatski-1751659045
perekrestok,4225649,"Салат Цезарь Перекрёсток Select, 220г",matched,1,foodru_43911,Салат «Цезарь»,1.0,,,,,,https://food.ru/recipes/43911-salat-cezar
perekrestok,4225649,"Салат Цезарь Перекрёсток Select, 220г",matched,2,foodru_70931,Домашний салат «Цезарь»,1.0,,,,,,https://food.ru/recipes/70931-domashnii-salat-cezar
perekrestok,4225649,"Салат Цезарь Перекрёсток Select, 220г",matched,3,foodru_60152,Классический салат «Цезарь» с курицей,0.9462,,chicken,,,extra_recipe_components,https://food.ru/recipes/60152-klassicheskii-salat-cezar-s-kuricei
perekrestok,4261613,"Шпроты в масле из Балтийской кильки Маркет, 160г",matched,1,foodru_157992,Вкусные домашние шпроты из кильки,0.7908,,,,,,https://food.ru/recipes/157992-vkusnye-domashnie-shproty-iz-kilki-1674649650
perekrestok,4261613,"Шпроты в масле из Балтийской кильки Маркет, 160г",matched,2,foodru_207563,Брускетты со шпротами и маслинами,0.6181,kilk,bruskett,,,"dish_family_unconfirmed, missing_named_components, extra_recipe_components, low_name_score",https://food.ru/recipes/207563-brusketty-iz-shprot-s-maslinami-1706043720
perekrestok,4261613,"Шпроты в масле из Балтийской кильки Маркет, 160г",matched,3,foodru_118880,Салат с килькой в томатном соусе,0.3763,"oil, shprot",tomato,,,"dish_family_unconfirmed, missing_named_components, extra_recipe_components, low_name_score",https://food.ru/recipes/118880-salat-s-kilkoi-v-tomatnom-souse
perekrestok,4268960,"Салат Цезарь с креветками Перекрёсток Select, 190г",matched,1,foodru_1373,Салат «Цезарь» с креветками,1.0,,,,,,https://food.ru/recipes/1373-salat-cezar-s-krevetkami
perekrestok,4268960,"Салат Цезарь с креветками Перекрёсток Select, 190г",matched,2,foodru_61228,Классический салат Цезарь с креветками,1.0,,,,,,https://food.ru/recipes/61228-klassicheskii-salat-cezar-s-krevetkami
perekrestok,4268960,"Салат Цезарь с креветками Перекрёсток Select, 190г",matched,3,foodru_70931,Домашний салат «Цезарь»,0.7503,,,,,,https://food.ru/recipes/70931-domashnii-salat-cezar
perekrestok,4276196,"Поке с креветками и соусом Альтерно Перекрёсток Select, 210г",matched,1,foodru_25630,Поке с креветками,0.8241,,,,,,https://food.ru/recipes/25630-poke-s-krevetkami
perekrestok,4276196,"Поке с креветками и соусом Альтерно Перекрёсток Select, 210г",matched,2,foodru_130,Поке с креветками в соусе свит чили,0.8932,,"chil, svit",,,extra_recipe_components,https://food.ru/recipes/130-poke-s-krevetkami-v-souse-svit-chili
perekrestok,4276196,"Поке с креветками и соусом Альтерно Перекрёсток Select, 210г",matched,3,foodru_70970,"Поке с креветкой, киноа и бобами эдамаме",0.6763,,"bobam, edamam, kino",,,"extra_recipe_components, low_name_score",https://food.ru/recipes/70970-poke-s-krevetkoi-kinoa-i-bobami-edamame
perekrestok,4279853,"Блинчики Останкино с мясом замороженные, 350г",matched,1,foodru_15241,Блины с мясом,1.0,,,,,,https://food.ru/recipes/15241-bliny-s-mjasom
perekrestok,4279853,"Блинчики Останкино с мясом замороженные, 350г",matched,2,foodru_139,Блинчики с мясом,1.0,,,,,,https://food.ru/recipes/139-blinchiki-s-mjasom
perekrestok,4279853,"Блинчики Останкино с мясом замороженные, 350г",matched,3,foodru_134226,Сытные блины с мясной начинкой,1.0,,,,,,https://food.ru/recipes/134226-sytnye-bliny-s-mjasnoi-nachinkoi
perekrestok,4280526,"Том Ям с морепродуктами Шеф Перекрёсток, 370г",matched,1,foodru_271604,Том Ям с морепродуктами,1.0,,,,,,https://food.ru/recipes/271604-tom-jam-s-moreproduktamI
perekrestok,4280526,"Том Ям с морепродуктами Шеф Перекрёсток, 370г",matched,2,foodru_4660,Том Ям с морепродуктами,1.0,,,,,,https://food.ru/recipes/4660-tom-jam-s-moreproduktami
perekrestok,4280526,"Том Ям с морепродуктами Шеф Перекрёсток, 370г",matched,3,foodru_52580,Суп Том Ям морепродуктами,0.9382,,,,,,https://food.ru/recipes/52580-sup-tom-jam-s-moreproduktami
perekrestok,4309968,"Кебабы мясные с картофелем Перекрёсток Select, 250г",review,1,foodru_61578,Домашний картофельный кебаб,0.7662,meat,,,,"missing_named_components, side_dish_unconfirmed",https://food.ru/recipes/61578-domashnii-kartofelnyi-kebab
perekrestok,4309968,"Кебабы мясные с картофелем Перекрёсток Select, 250г",review,2,foodru_90756,Вкусный шашлык с мясом и овощами,0.7109,potato,,potato,,"missing_named_components, named_ingredient_unconfirmed, side_dish_unconfirmed, low_name_score",https://food.ru/recipes/90756-vkusnyi-shashlyk-s-mjasom-i-ovoshchami
perekrestok,4309968,"Кебабы мясные с картофелем Перекрёсток Select, 250г",review,3,foodru_169923,«Кебаб» из картофеля с беконом,0.6763,meat,bacon,,,"missing_named_components, extra_recipe_components, side_dish_unconfirmed, low_name_score",https://food.ru/recipes/169923-kartofel-kebab-1685859380
perekrestok,4310836,"Круассан с ветчиной и сыром Перекрёсток Select, 115г",matched,1,foodru_182413,Круассаны с сыром и ветчиной,1.0,,,,,,https://food.ru/recipes/182413-kruassany-s-syrom-i-vetchinoi
perekrestok,4310836,"Круассан с ветчиной и сыром Перекрёсток Select, 115г",matched,2,foodru_151041,Круассан с ветчиной и сыром,1.0,,,,,,https://food.ru/recipes/151041-kruassan-s-vetchinoi-i-syrom-1666276748
perekrestok,4310836,"Круассан с ветчиной и сыром Перекрёсток Select, 115г",matched,3,foodru_253008,"Круассан с грушей, сливочным сыром, орехами пекан и шоколадом",0.576,ham,"chocolate, nuts, pear, pekan",ham,,"missing_named_components, extra_recipe_components, named_ingredient_unconfirmed, protein_unconfirmed_in_ingredients, low_name_score",https://food.ru/recipes/253008-kruassan-s-grushei-i-slivochnym-syrom-orekhami-pekan-i-shokoladom-1748112269
perekrestok,4312150,"Азу из говядины с картофельным пюре Перекрёсток Select, 300г",review,1,foodru_131300,Азу из филе говядины и картофеля,0.8139,mash,,,,"missing_named_components, side_dish_unconfirmed",https://food.ru/recipes/131300-azu-iz-file-govjadiny-i-kartofelja
perekrestok,4312150,"Азу из говядины с картофельным пюре Перекрёсток Select, 300г",review,2,foodru_68724,Азу из телятины в сладком тыквенном пюре,0.7513,potato,"pumpkin, sladk",potato,,"missing_named_components, extra_recipe_components, named_ingredient_unconfirmed, side_dish_unconfirmed",https://food.ru/recipes/68724-azu-iz-teljatiny-v-sladkom-tykvennom-piure
perekrestok,4312150,"Азу из говядины с картофельным пюре Перекрёсток Select, 300г",review,3,foodru_102098,Картофельное пюре с говядиной и грибами,0.6823,azu,mushroom,,,"dish_family_unconfirmed, missing_named_components, extra_recipe_components, side_dish_unconfirmed, low_name_score",https://food.ru/recipes/102098-kartofelnoe-piure-s-govjadinoi-i-gribami
perekrestok,4331972,"Салат из свеклы и брынзы с соусом песто Перекрёсток Select, 170г",review,1,foodru_246973,Салат из вареной свеклы с творожным сыром и соусом песто,0.9243,,"cottage_cheese, vare",,,extra_recipe_components,https://food.ru/recipes/246973-salat-iz-varenoi-svekly-s-tvorozhnym-syrom-i-sousom-pesto-1741962117
perekrestok,4331972,"Салат из свеклы и брынзы с соусом песто Перекрёсток Select, 170г",review,2,foodru_89294,"Салат со свеклой, базиликом и соусом песто",0.8206,,bazilik,,,extra_recipe_components,https://food.ru/recipes/89294-salat-so-svekloi-bazilikom-i-sousom-pesto
perekrestok,4331972,"Салат из свеклы и брынзы с соусом песто Перекрёсток Select, 170г",review,3,foodru_52551,Оригинальный салат со свеклой и соусом песто,0.8118,,original,,,extra_recipe_components,https://food.ru/recipes/52551-originalnyi-salat-so-svekloi-i-sousom-pesto
perekrestok,4332829,"Бефстроганов с картофельным пюре Перекрёсток Select, 250г",matched,1,foodru_198108,Бефстроганов с картофельным пюре на ужин,0.9355,,,,,,https://food.ru/recipes/198108-befstroganov-s-kartofelnym-piure-1700140349
perekrestok,4332829,"Бефстроганов с картофельным пюре Перекрёсток Select, 250г",matched,2,foodru_101906,Картофельное пюре с бефстроганов из вешенок,0.9244,,veshenok,,,"extra_recipe_components, side_dish_unconfirmed",https://food.ru/recipes/101906-kartofelnoe-piure-s-befstroganov-iz-veshenok
perekrestok,4332829,"Бефстроганов с картофельным пюре Перекрёсток Select, 250г",matched,3,foodru_31893,Картофельное пюре,0.6648,beefstroganoff,,,,"dish_family_unconfirmed, missing_named_components, side_dish_unconfirmed, low_name_score",https://food.ru/recipes/31893-kartofelnoe-piure
perekrestok,4336168,"Паста Санта Бремор с тунцом и лососем, 140г",review,1,foodru_30160,Домашние фетучини,0.4423,"salmon, tuna",,"salmon, tuna",,"missing_named_components, retail_spread_not_pasta, named_ingredient_unconfirmed, protein_unconfirmed_in_ingredients, low_name_score",https://food.ru/recipes/30160-domashnie-fetuchini
perekrestok,4336168,"Паста Санта Бремор с тунцом и лососем, 140г",review,2,foodru_30201,Макароны с сыром,0.3465,"salmon, tuna",cheese,"salmon, tuna",,"missing_named_components, extra_recipe_components, retail_spread_not_pasta, named_ingredient_unconfirmed, protein_unconfirmed_in_ingredients, low_name_score",https://food.ru/recipes/30201-makarony-s-syrom
perekrestok,4336168,"Паста Санта Бремор с тунцом и лососем, 140г",review,3,foodru_3138,Спагетти с сыром,0.3465,"salmon, tuna",cheese,"salmon, tuna",,"missing_named_components, extra_recipe_components, retail_spread_not_pasta, named_ingredient_unconfirmed, protein_unconfirmed_in_ingredients, low_name_score",https://food.ru/recipes/3138-spagetti-s-syrom
perekrestok,4340914,"Борщ Фросток замороженный, 1кг",matched,1,foodru_1381,Классический борщ,1.0,,,,,,https://food.ru/recipes/1381-klassicheskii-borshch
perekrestok,4340914,"Борщ Фросток замороженный, 1кг",matched,2,foodru_74293,ПП борщ,1.0,,,,,,https://food.ru/recipes/74293-pp-borshch
perekrestok,4340914,"Борщ Фросток замороженный, 1кг",matched,3,foodru_87556,Вкусный овощной борщ,0.9075,,,,,,https://food.ru/recipes/87556-vkusnyi-ovoshchnoi-borshch
perekrestok,4340929,"Бифштекс из говядины с картофельным пюре, Перекрёсток Select, 250г",review,1,foodru_102098,Картофельное пюре с говядиной и грибами,0.6719,bifshteks,mushroom,,,"dish_family_unconfirmed, missing_named_components, extra_recipe_components, low_name_score",https://food.ru/recipes/102098-kartofelnoe-piure-s-govjadinoi-i-gribami
perekrestok,4340929,"Бифштекс из говядины с картофельным пюре, Перекрёсток Select, 250г",review,2,foodru_130672,Бифштекс из говядины,0.671,"mash, potato",,potato,,"dish_family_unconfirmed, missing_named_components, named_ingredient_unconfirmed, low_name_score",https://food.ru/recipes/130672-bifshteks-iz-goviadiny-1648054192
perekrestok,4340929,"Бифштекс из говядины с картофельным пюре, Перекрёсток Select, 250г",review,3,foodru_32239,Бифштекс из говядины,0.671,"mash, potato",,potato,,"dish_family_unconfirmed, missing_named_components, named_ingredient_unconfirmed, low_name_score",https://food.ru/recipes/32239-bifshteks-iz-govjadiny
perekrestok,4355381,"Тофники Fitdelice кокосовые замороженные, 260г",review,1,foodru_72558,Нежные тофники на растительном молоке с кокосовой стружкой,0.8685,,"rastiteln, struzhk",,,"dish_family_unconfirmed, extra_recipe_components",https://food.ru/recipes/72558-nezhnye-tofniki-na-rastitelnom-moloke-s-kokosovoi-struzhkoi
perekrestok,4355381,"Тофники Fitdelice кокосовые замороженные, 260г",review,2,foodru_152510,Сырники из тофу «Тофники»,0.515,,"syrniki, tofu",,,"dish_family_unconfirmed, extra_recipe_components, low_name_score",https://food.ru/recipes/152510-tofniki-1668594873
perekrestok,4355381,"Тофники Fitdelice кокосовые замороженные, 260г",review,3,foodru_272380,Рисовая каша с кокосом,0.4272,tofnik,"porridge, rice",coconut,,"dish_family_unconfirmed, missing_named_components, extra_recipe_components, named_ingredient_unconfirmed, low_name_score",https://food.ru/recipes/272380-risovaia-kasha-s-kokosom-1776319161
perekrestok,4356615,"Чизкейк Cheeseberry New-York с малиной замороженный, 1кг",review,1,foodru_121990,Классический чизкейк с малиной,0.8828,"new, york",,,,missing_named_components,https://food.ru/recipes/121990-klassicheskii-chizkeik-s-malinoi
perekrestok,4356615,"Чизкейк Cheeseberry New-York с малиной замороженный, 1кг",review,2,foodru_177091,Малиновый чизкейк,0.8828,"new, york",,,,missing_named_components,https://food.ru/recipes/177091-malinovyi-chizkeik-1689250872
perekrestok,4356615,"Чизкейк Cheeseberry New-York с малиной замороженный, 1кг",review,3,foodru_270848,Шоколадные мини-чизкейки,0.5118,"new, raspberry, york",chocolate,raspberry,,"missing_named_components, extra_recipe_components, named_ingredient_unconfirmed, low_name_score",https://food.ru/recipes/270848-shokoladnye-mini-chizkeiki
perekrestok,4358607,"Сэндвич с ветчиной и сыром моцарелла Перекрёсток Select, 200г",matched,1,foodru_386,Бутерброды с ветчиной и сыром,1.0,,,,,,https://food.ru/recipes/386-buterbrody-s-vetchinoi-i-syrom
perekrestok,4358607,"Сэндвич с ветчиной и сыром моцарелла Перекрёсток Select, 200г",matched,2,foodru_25587,Сэндвич с ветчиной и сыром,1.0,,,,,,https://food.ru/recipes/25587-sendvich-s-vetchinoi-i-syrom
perekrestok,4358607,"Сэндвич с ветчиной и сыром моцарелла Перекрёсток Select, 200г",matched,3,foodru_1981,Клаб-сэндвич с ветчиной,0.7944,,,,,,https://food.ru/recipes/1981-klab-sendvich-s-vetchinoi
perekrestok,4359664,"Том ям Фросток с креветками замороженный, 300г",matched,1,foodru_2775,Том Ям с креветками,1.0,,,,,,https://food.ru/recipes/2775-tom-jam-s-krevetkami
perekrestok,4359664,"Том ям Фросток с креветками замороженный, 300г",matched,2,foodru_219511,Том Ям с креветками,1.0,,,,,,https://food.ru/recipes/219511-tom-yam-s-krevetkami-1718891836
perekrestok,4359664,"Том ям Фросток с креветками замороженный, 300г",matched,3,foodru_113014,Том Ям с креветками и рисом,0.9332,,rice,,,extra_recipe_components,https://food.ru/recipes/113014-tom-iam-s-krevetkami-i-risom-1644863973
perekrestok,4359667,Суп Фросток Харчо замороженный 300г,matched,1,foodru_84176,Суп а-ля харчо,1.0,,,,,,https://food.ru/recipes/84176-sup-a-lja-harcho
perekrestok,4359667,Суп Фросток Харчо замороженный 300г,matched,2,foodru_103297,Насыщенный суп харчо,0.9081,,nasyshch,,,extra_recipe_components,https://food.ru/recipes/103297-sup-kharcho-1643638296
perekrestok,4359667,Суп Фросток Харчо замороженный 300г,matched,3,foodru_162561,Суп харчо с овощами и специями,0.8933,,spec,,,extra_recipe_components,https://food.ru/recipes/162561-kharcho-1676509500
perekrestok,4361185,"Суп Фросток Солянка мясная замороженный, 300г",matched,1,foodru_199350,Суп-солянка мясная,1.0,,,,,,https://food.ru/recipes/199350-sup-solianka-miasnaia-1700166840
perekrestok,4361185,"Суп Фросток Солянка мясная замороженный, 300г",matched,2,foodru_188320,Суп «Очень мясная солянка»,0.9265,,ochen,,,extra_recipe_components,https://food.ru/recipes/188320-sup-ochen-miasnaia-solianka-1694700519
perekrestok,4361185,"Суп Фросток Солянка мясная замороженный, 300г",matched,3,foodru_43045,Супермакароны,0.4444,solyanka,,,,"missing_named_components, low_name_score",https://food.ru/recipes/43045-supermakarony
perekrestok,4362089,"Филе куриное су-вид с соусом Бешамель и овощными биточками Перекрёсток Select, 250г",review,1,foodru_1352,Куриные котлеты,0.4288,"beshamel, sauce, vid",,,,"missing_named_components, low_name_score",https://food.ru/recipes/1352-kurinye-kotlety
perekrestok,4362089,"Филе куриное су-вид с соусом Бешамель и овощными биточками Перекрёсток Select, 250г",review,2,foodru_259,Сочные куриные котлетки,0.4288,"beshamel, sauce, vid",,,,"missing_named_components, low_name_score",https://food.ru/recipes/259-sochnye-kurinye-kotletki
perekrestok,4362089,"Филе куриное су-вид с соусом Бешамель и овощными биточками Перекрёсток Select, 250г",review,3,foodru_187270,Котлеты из куриного фарша в томатно-сметанном соусе,0.3911,"beshamel, vid",tomato,,,"missing_named_components, extra_recipe_components, low_name_score",https://food.ru/recipes/187270-kotlety-iz-kurinogo-farsha-v-tomatno-smetannom-souse-1694414444
perekrestok,4364436,"Салат с куриным филе и картофелем пай Перекрёсток Select, 200г",matched,1,foodru_121430,Салат с картофелем пай,0.865,,,,,,https://food.ru/recipes/121430-salat-s-kartofelem-pai-1645981818
perekrestok,4364436,"Салат с куриным филе и картофелем пай Перекрёсток Select, 200г",matched,2,foodru_244243,Салат с картофелем пай,0.865,,,,,,https://food.ru/recipes/244243-salat-s-kartofelem-pai-1739509024
perekrestok,4364436,"Салат с куриным филе и картофелем пай Перекрёсток Select, 200г",matched,3,foodru_271808,"Салат с копченой курицей, картофелем и сельдереем",0.5559,pai,"herring, kopche",,,"missing_named_components, extra_recipe_components, low_name_score",https://food.ru/recipes/271808-salat-s-kopchenoi-kuricei-kartofelem-i-seldereem
perekrestok,4364437,"Котлета де-воляй из куриного филе с грибами и спагетти Перекрёсток Select, 250г",review,1,foodru_124528,Куриные котлетки с шампиньонами,0.7586,"pasta, vola",,,,missing_named_components,https://food.ru/recipes/124528-kurinye-kotletki-s-shampinonami-1646107318
perekrestok,4364437,"Котлета де-воляй из куриного филе с грибами и спагетти Перекрёсток Select, 250г",review,2,foodru_71718,Куриные котлетки с грибами,0.7586,"pasta, vola",,,,missing_named_components,https://food.ru/recipes/71718-kurinye-kotletki-s-gribami
perekrestok,4364437,"Котлета де-воляй из куриного филе с грибами и спагетти Перекрёсток Select, 250г",review,3,foodru_105537,Спагетти с куриными котлетками для детей и взрослых,0.632,"mushroom, vola","dete, vzroslyh",mushroom,,"missing_named_components, extra_recipe_components, named_ingredient_unconfirmed, low_name_score",https://food.ru/recipes/105537-spagetti-s-kurinymi-kotletkami-1643892486
perekrestok,4364439,"Оладьи из курицы с рисом и овощами Перекрёсток Select, 250г",review,1,foodru_253335,Мясные оладьи с рисом и овощами,0.8104,chicken,,chicken,,"missing_named_components, named_ingredient_unconfirmed, protein_unconfirmed_in_ingredients",https://food.ru/recipes/253335-miasnye-oladi-s-risom-i-ovoshchami-1748455888
perekrestok,4364439,"Оладьи из курицы с рисом и овощами Перекрёсток Select, 250г",review,2,foodru_43007,Курица с рисом и овощами,0.7583,fritter,,,,"dish_family_unconfirmed, missing_named_components",https://food.ru/recipes/43007-kurica-s-risom-i-ovoshchami
perekrestok,4364439,"Оладьи из курицы с рисом и овощами Перекрёсток Select, 250г",review,3,foodru_53519,Рис с курицей и овощами,0.7583,fritter,,,,"dish_family_unconfirmed, missing_named_components",https://food.ru/recipes/53519-ris-s-kuricei-i-ovoshchami
perekrestok,4364442,"Салат с тунцом и картофелем Перекрёсток Select, 200г",matched,1,foodru_57970,Нежный салат с тунцом и картофелем,1.0,,,,,,https://food.ru/recipes/57970-nezhnyi-salat-s-tuncom-i-kartofelem
perekrestok,4364442,"Салат с тунцом и картофелем Перекрёсток Select, 200г",matched,2,foodru_158967,Салат «Мимоза» с тунцом и картофелем,0.922,,mimoz,,,extra_recipe_components,https://food.ru/recipes/158967-salat-mimoza-s-tuncom-i-kartoshkoi
perekrestok,4364442,"Салат с тунцом и картофелем Перекрёсток Select, 200г",matched,3,foodru_1424,Салат с тунцом,0.7575,potato,,potato,,"missing_named_components, named_ingredient_unconfirmed",https://food.ru/recipes/1424-salat-s-tuncom
perekrestok,4366960,"Икра Люди Любят Классик с креветкой в соусе деликатесная, 180г",review,1,foodru_26602,Креветки и кальмары в сливочном соусе,0.3666,"delikatesna, ikra, klassik",squid,,,"missing_named_components, extra_recipe_components, low_name_score",https://food.ru/recipes/26602-krevetki-i-kalmary-v-slivochnom-souse
perekrestok,4366960,"Икра Люди Любят Классик с креветкой в соусе деликатесная, 180г",review,2,foodru_67071,Креветки с кальмарами в сливочном соусе,0.3666,"delikatesna, ikra, klassik",squid,,,"missing_named_components, extra_recipe_components, low_name_score",https://food.ru/recipes/67071-krevetki-s-kalmarami-v-slivochnom-souse
perekrestok,4366960,"Икра Люди Любят Классик с креветкой в соусе деликатесная, 180г",review,3,foodru_91829,Деликатесная грудка,0.3605,"ikra, klassik, sauce, shrimp",,shrimp,,"dish_family_unconfirmed, missing_named_components, named_ingredient_unconfirmed, protein_unconfirmed_in_ingredients, low_name_score",https://food.ru/recipes/91829-delikatesnaja-grudka
perekrestok,4366961,"Икра Люди Любят Классик с копчёным лососем в соусе деликатесная, 180г",review,1,foodru_152565,Лосось в соусе унаги,0.3474,"delikatesna, ikra, klassik, kopche",unag,,,"missing_named_components, extra_recipe_components, low_name_score",https://food.ru/recipes/152565-losos-v-souse-unagi-1668595339
perekrestok,4366961,"Икра Люди Любят Классик с копчёным лососем в соусе деликатесная, 180г",review,2,foodru_134288,Вкуснейший лосось под нежным сливочно-грибным соусом,0.3412,"delikatesna, ikra, klassik, kopche",mushroom,,,"missing_named_components, extra_recipe_components, low_name_score",https://food.ru/recipes/134288-vkusneishii-losos-pod-nezhnym-slivochno-gribnym-sousom
perekrestok,4366961,"Икра Люди Любят Классик с копчёным лососем в соусе деликатесная, 180г",review,3,foodru_73116,Икра из овощей,0.3015,"delikatesna, klassik, kopche, salmon, sauce",,salmon,,"dish_family_unconfirmed, missing_named_components, named_ingredient_unconfirmed, protein_unconfirmed_in_ingredients, low_name_score",https://food.ru/recipes/73116-ikra-iz-ovoshchei
perekrestok,4368151,"Стрипсы из куриного филе с картофелем Перекрёсток Select, 250г",review,1,foodru_257219,Картофельно-куриные наггетсы,1.0,,,,,side_dish_unconfirmed,https://food.ru/recipes/257219-kartofelno-kurinye-naggetsy-1752390407
perekrestok,4368151,"Стрипсы из куриного филе с картофелем Перекрёсток Select, 250г",review,2,foodru_147979,Картофельное пюре с куриными наггетсами,0.9393,,mash,,,"extra_recipe_components, side_dish_unconfirmed",https://food.ru/recipes/147979-kartofelnoe-piure-s-kurinymi-naggetsami-1660594124
perekrestok,4368151,"Стрипсы из куриного филе с картофелем Перекрёсток Select, 250г",review,3,foodru_235965,Картофельное пюре с куриными наггетсами,0.9393,,mash,,,"extra_recipe_components, side_dish_unconfirmed",https://food.ru/recipes/235965-kartofelnoe-piure-s-kurinymi-naggetsami-1732801019
perekrestok,4371075,"Хашбраун Зимняя Радуга картофельный жареный замороженный, 400г",matched,1,foodru_43818,Хашбраун (картофельные оладьи),1.0,,,,,,https://food.ru/recipes/43818-hashbraun-kartofelnye-oladi
perekrestok,4371075,"Хашбраун Зимняя Радуга картофельный жареный замороженный, 400г",matched,2,foodru_163756,Картофельный хашбраун с луком,0.9153,,,,,,https://food.ru/recipes/163756-kartofelnyi-khashbraun-s-lukom-1680424598
perekrestok,4371075,"Хашбраун Зимняя Радуга картофельный жареный замороженный, 400г",matched,3,foodru_1695,Картофельные оладьи из пюре,0.9241,,mash,,,extra_recipe_components,https://food.ru/recipes/1695-kartofelnye-oladi-iz-piure
perekrestok,4372008,"Соус Клубничный Перекрёсток Select, 35г",matched,1,foodru_54759,Клубничный соус,1.0,,,,,,https://food.ru/recipes/54759-klubnichnyi-sous
perekrestok,4372008,"Соус Клубничный Перекрёсток Select, 35г",matched,2,foodru_103910,Запеченный сыр с соусом из клубники,0.9459,,cheese,,,extra_recipe_components,https://food.ru/recipes/103910-zapechennyi-syr-s-sousom-iz-klubniki
perekrestok,4372008,"Соус Клубничный Перекрёсток Select, 35г",matched,3,foodru_3177,Томатный соус,0.3424,strawberry,tomato,strawberry,,"missing_named_components, extra_recipe_components, named_ingredient_unconfirmed, low_name_score",https://food.ru/recipes/3177-tomatnyi-sous
perekrestok,4372009,"Соус Малиновый Перекрёсток Select, 35г",matched,1,foodru_55871,Малиновый соус,1.0,,,,,,https://food.ru/recipes/55871-malinovyi-sous
perekrestok,4372009,"Соус Малиновый Перекрёсток Select, 35г",matched,2,foodru_208563,Малиновый соус к мясу,0.8903,,masu,,,extra_recipe_components,https://food.ru/recipes/208563-malinovyi-sous-k-miasu-1706813058
perekrestok,4372009,"Соус Малиновый Перекрёсток Select, 35г",matched,3,foodru_168124,Десерт с малиной,0.5618,sauce,desert,,,"dish_family_unconfirmed, missing_named_components, extra_recipe_components, low_name_score",https://food.ru/recipes/168124-desert-s-malinoi-1681336195
perekrestok,4372373,"Паста с куриным филе и соусом песто Перекрёсток Select, 250 г",review,1,foodru_108719,Паста с соусом песто,0.8543,chicken,,chicken,,"missing_named_components, named_ingredient_unconfirmed, protein_unconfirmed_in_ingredients",https://food.ru/recipes/108719-pasta-s-sousom-pesto-1644344250
perekrestok,4372373,"Паста с куриным филе и соусом песто Перекрёсток Select, 250 г",review,2,foodru_57851,Спагетти с соусом песто,0.8543,chicken,,chicken,,"missing_named_components, named_ingredient_unconfirmed, protein_unconfirmed_in_ingredients",https://food.ru/recipes/57851-spagetti-s-sousom-pesto
perekrestok,4372373,"Паста с куриным филе и соусом песто Перекрёсток Select, 250 г",review,3,foodru_102218,Фузилли с соусом песто,0.8543,chicken,,chicken,,"missing_named_components, named_ingredient_unconfirmed, protein_unconfirmed_in_ingredients",https://food.ru/recipes/102218-fuzilli-s-sousom-pesto-1643400287
perekrestok,4376942,"Онигири с креветками белоногими Перекрёсток Select, 110г",matched,1,foodru_65577,Онигири с креветками,1.0,,,,,,https://food.ru/recipes/65577-onigiri-s-krevetkami
perekrestok,4376942,"Онигири с креветками белоногими Перекрёсток Select, 110г",matched,2,foodru_246255,Онигири с креветками,1.0,,,,,,https://food.ru/recipes/246255-onigiri-s-krevetkami-1741361526
perekrestok,4376942,"Онигири с креветками белоногими Перекрёсток Select, 110г",matched,3,foodru_2141,Кальмар с креветками,0.4247,onigiri,squid,,,"dish_family_unconfirmed, missing_named_components, extra_recipe_components, low_name_score",https://food.ru/recipes/2141-kalmar-s-krevetkami
perekrestok,4376944,"Онигири с натуральным крабом Перекрёсток Select, 110г",review,1,foodru_263149,Онигири в с крабовой начинкой за 10 минут,0.8593,natural,minut,,,"missing_named_components, extra_recipe_components",https://food.ru/recipes/263149-onigiri-v-s-krabovoi-nachinkoi-1759059862
perekrestok,4376944,"Онигири с натуральным крабом Перекрёсток Select, 110г",review,2,foodru_65546,Онигири с крабовыми палочками,0.8571,natural,paloch,,,"missing_named_components, extra_recipe_components",https://food.ru/recipes/65546-onigiri-s-krabovymi-palochkami
perekrestok,4376944,"Онигири с натуральным крабом Перекрёсток Select, 110г",review,3,foodru_157862,Суши с крабовым мясом,0.4171,"natural, onigiri",sush,,,"dish_family_unconfirmed, missing_named_components, extra_recipe_components, low_name_score",https://food.ru/recipes/157862-sushi-s-krabovymi-palochkami-1674648655
perekrestok,4377397,"Салат Кимчи из квашеных овощей из пекинской капусты Перекрёсток Select, 200 г",review,1,foodru_266087,Овощной салат с пекинской капустой,0.7711,"kimch, kvashenyh",,,,missing_named_components,https://food.ru/recipes/266087-ovoshchnoi-salat-s-pekinskoi-kapustoi-1762486359
perekrestok,4377397,"Салат Кимчи из квашеных овощей из пекинской капусты Перекрёсток Select, 200 г",review,2,foodru_80414,Кимчи из пекинской капусты,0.7492,"kvashenyh, salad",,,,"dish_family_unconfirmed, missing_named_components",https://food.ru/recipes/80414-kimchi-iz-pekinskoi-kapusty
perekrestok,4377397,"Салат Кимчи из квашеных овощей из пекинской капусты Перекрёсток Select, 200 г",review,3,foodru_150768,"Зеленый овощной салат с пекинской капустой, огурцом и горошком",0.6606,"kimch, kvashenyh","cucumber, goroshk",,,"missing_named_components, extra_recipe_components, low_name_score",https://food.ru/recipes/150768-ovoshchnoi-salat-s-pekinskoi-kapustoi-1666274161
perekrestok,4381625,"Паста Санта Бремор Сальса из мяса мидии чилийской, 150г",review,1,foodru_258508,Паста «Сальса»,0.6295,"chiliisk, masa, midi",,,,"missing_named_components, retail_spread_not_pasta, low_name_score",https://food.ru/recipes/258508-pasta-salsa-1753861694
perekrestok,4381625,"Паста Санта Бремор Сальса из мяса мидии чилийской, 150г",review,2,foodru_30160,Домашние фетучини,0.3767,"chiliisk, masa, midi, sals",,,,"missing_named_components, retail_spread_not_pasta, low_name_score",https://food.ru/recipes/30160-domashnie-fetuchini
perekrestok,4381625,"Паста Санта Бремор Сальса из мяса мидии чилийской, 150г",review,3,foodru_30201,Макароны с сыром,0.281,"chiliisk, masa, midi, sals",cheese,,,"missing_named_components, extra_recipe_components, retail_spread_not_pasta, low_name_score",https://food.ru/recipes/30201-makarony-s-syrom
perekrestok,4381670,"Каша рисовая с мякотью кокоса Перекрёсток Select, 220г",review,1,foodru_272380,Рисовая каша с кокосом,0.7637,poppy,,"coconut, poppy",,"missing_named_components, named_ingredient_unconfirmed",https://food.ru/recipes/272380-risovaia-kasha-s-kokosom-1776319161
perekrestok,4381670,"Каша рисовая с мякотью кокоса Перекрёсток Select, 220г",review,2,foodru_83449,Рисовая каша на кокосовом молоке,0.7109,poppy,,poppy,,"missing_named_components, named_ingredient_unconfirmed, low_name_score",https://food.ru/recipes/83449-risovaja-kasha-na-kokosovom-moloke
perekrestok,4381670,"Каша рисовая с мякотью кокоса Перекрёсток Select, 220г",review,3,foodru_184346,Рисовая каша на молоке с маком и бананом,0.7068,coconut,banana,coconut,,"missing_named_components, extra_recipe_components, named_ingredient_unconfirmed, low_name_score",https://food.ru/recipes/184346-risovaia-kasha-s-makom-i-bananom-1692439898
perekrestok,4381902,"Колбаски по-нюрнбергски с картофелем и горчичным соусом Перекрёсток Select, 205г",review,1,foodru_80510,Сосиски с майонезно-горчичным соусом,0.7345,"nurnbergsk, potato",maionezno,potato,,"missing_named_components, extra_recipe_components, named_ingredient_unconfirmed",https://food.ru/recipes/80510-sosiski-s-maionezno-gorchichnym-sousom
perekrestok,4381902,"Колбаски по-нюрнбергски с картофелем и горчичным соусом Перекрёсток Select, 205г",review,2,foodru_203589,Медово-горчичный соус,0.4966,"nurnbergsk, potato, sausage",medovo,"potato, sausage",,"missing_named_components, extra_recipe_components, named_ingredient_unconfirmed, protein_unconfirmed_in_ingredients, low_name_score",https://food.ru/recipes/203589-sous-medovo-gorchichnyi
perekrestok,4381902,"Колбаски по-нюрнбергски с картофелем и горчичным соусом Перекрёсток Select, 205г",review,3,foodru_121966,Домашний медово-горчичный соус,0.4966,"nurnbergsk, potato, sausage",medovo,"potato, sausage",,"missing_named_components, extra_recipe_components, named_ingredient_unconfirmed, protein_unconfirmed_in_ingredients, low_name_score",https://food.ru/recipes/121966-domashnii-medovo-gorchichnyi-sous
perekrestok,4381904,"Котлета Пожарская с картофельным пюре Перекрёсток Select, 250г",review,1,foodru_110445,Котлеты «Сочные» с картофельным пюре,0.7057,pozharska,,potato,,"missing_named_components, named_ingredient_unconfirmed, low_name_score",https://food.ru/recipes/110445-kotlety-sochnye-s-kartofelnym-piure-1644669917
perekrestok,4381904,"Котлета Пожарская с картофельным пюре Перекрёсток Select, 250г",review,2,foodru_109435,Котлетки из картофельного пюре,0.7057,pozharska,,,,"missing_named_components, side_dish_unconfirmed, low_name_score",https://food.ru/recipes/109435-kotletki-iz-kartofelnogo-piure
perekrestok,4381904,"Котлета Пожарская с картофельным пюре Перекрёсток Select, 250г",review,3,foodru_2696,Картофельные котлеты из пюре,0.7057,pozharska,,,,"missing_named_components, side_dish_unconfirmed, low_name_score",https://food.ru/recipes/2696-kartofelnye-kotlety-iz-piure
perekrestok,4381913,"Шницель куриный в яйце с картофельным пюре Перекрёсток Select, 210г",review,1,foodru_80521,Картофельное пюре на яйце,0.6894,"chicken, schnitzel",,chicken,,"dish_family_unconfirmed, missing_named_components, named_ingredient_unconfirmed, protein_unconfirmed_in_ingredients, side_dish_unconfirmed, low_name_score",https://food.ru/recipes/80521-kartofelnoe-piure-na-jaice
perekrestok,4381913,"Шницель куриный в яйце с картофельным пюре Перекрёсток Select, 210г",review,2,foodru_156338,Куриный шницель с пюре и маринованными огурчиками,0.5666,"aice, potato","cucumber, marinovan",potato,Для пюре и подачи,"mixed_ingredient_group, missing_named_components, extra_recipe_components, named_ingredient_unconfirmed, side_dish_unconfirmed, low_name_score",https://food.ru/recipes/156338-kurinyi-shnicel-s-piure-i-marinovannymi-ogurchikami
perekrestok,4381913,"Шницель куриный в яйце с картофельным пюре Перекрёсток Select, 210г",review,3,foodru_31893,Картофельное пюре,0.4648,"aice, chicken, schnitzel",,chicken,,"dish_family_unconfirmed, missing_named_components, named_ingredient_unconfirmed, protein_unconfirmed_in_ingredients, side_dish_unconfirmed, low_name_score",https://food.ru/recipes/31893-kartofelnoe-piure
perekrestok,4389855,"Филе куриное с грибами под сырной корочкой с картофелем Перекрёсток Select, 240г",review,1,foodru_200577,Запеканка из куриной грудки с грибами и картофелем под сырной корочкой,0.9242,,bake,,,"dish_family_unconfirmed, extra_recipe_components",https://food.ru/recipes/200577-zapekanka-iz-kurinoi-grudki-s-gribami-i-kartofelem-pod-syrnoi-korochkoi-1700226444
perekrestok,4389855,"Филе куриное с грибами под сырной корочкой с картофелем Перекрёсток Select, 240г",review,2,foodru_217484,"Запеканка с картофелем, фаршем и грибами под сырной корочкой",0.8133,chicken,bake,chicken,,"dish_family_unconfirmed, missing_named_components, extra_recipe_components, named_ingredient_unconfirmed, protein_unconfirmed_in_ingredients",https://food.ru/recipes/217484-zapekanka-s-kartofelem-farshem-i-gribami-pod-syrnoi-korochkoi-1716958665
perekrestok,4389855,"Филе куриное с грибами под сырной корочкой с картофелем Перекрёсток Select, 240г",review,3,foodru_232312,Куриные бедра под сырной корочкой с грибами,0.7905,potato,,potato,,"dish_family_unconfirmed, missing_named_components, named_ingredient_unconfirmed",https://food.ru/recipes/232312-kurinye-bedra-pod-syrnoi-korochkoi-s-gribami-1729359937
perekrestok,4392893,"Сэндвич на угольном хлебе с индейкой перцем гриль и пикантным соусом Перекрёсток Select, 180г",review,1,foodru_87127,Индейка на гриле,0.4034,"bread, pepper, pikant, sandwich, sauce, ugoln",,,,"dish_family_unconfirmed, missing_named_components, low_name_score",https://food.ru/recipes/87127-indeika-na-grile
perekrestok,4392893,"Сэндвич на угольном хлебе с индейкой перцем гриль и пикантным соусом Перекрёсток Select, 180г",review,2,foodru_66061,Тост с индейкой,0.3907,"gril, pikant, sauce, ugoln",,,,"missing_named_components, low_name_score",https://food.ru/recipes/66061-tost-s-indeikoi
perekrestok,4392893,"Сэндвич на угольном хлебе с индейкой перцем гриль и пикантным соусом Перекрёсток Select, 180г",review,3,foodru_76406,Тост с филе индейки,0.3907,"gril, pikant, sauce, ugoln",,,,"missing_named_components, low_name_score",https://food.ru/recipes/76406-tost-s-file-indeiki
perekrestok,4396956,"Чебупели Горячая Штучка с ветчиной и сыром, 240г",matched,1,foodru_241058,Чебупели с ветчиной и сыром,1.0,,,,,,https://food.ru/recipes/241058-chebupeli-s-vetchinoi-i-syrom
perekrestok,4396956,"Чебупели Горячая Штучка с ветчиной и сыром, 240г",matched,2,foodru_4541,Пельмени с сыром,0.7394,ham,,"cheese, ham","Для начинки, соуса и украшения","mixed_ingredient_group, missing_named_components, named_ingredient_unconfirmed, protein_unconfirmed_in_ingredients",https://food.ru/recipes/4541-pelmeni-s-syrom
perekrestok,4396956,"Чебупели Горячая Штучка с ветчиной и сыром, 240г",matched,3,foodru_247737,Сытные маффины с ветчиной и сыром,0.5671,dumpling,maffin,,,"dish_family_unconfirmed, missing_named_components, extra_recipe_components, low_name_score",https://food.ru/recipes/247737-maffiny-s-vetchinoi-i-syrom
perekrestok,4396957,"Чебупели Горячая Штучка сочные с мясом, 240г",review,1,foodru_1488,Фарш для пельменей,1.0,,,,,component_recipe_not_whole_dish,https://food.ru/recipes/1488-farsh-dlja-pelmenei
perekrestok,4396957,"Чебупели Горячая Штучка сочные с мясом, 240г",review,2,foodru_59329,Вкусные пельмени с мясным фаршем,1.0,,,,Для теста и подачи,mixed_ingredient_group,https://food.ru/recipes/59329-vkusnye-pelmeni-s-mjasnym-farshem
perekrestok,4396957,"Чебупели Горячая Штучка сочные с мясом, 240г",review,3,foodru_181701,Фарш для пельменей,1.0,,,,,component_recipe_not_whole_dish,https://food.ru/recipes/181701-farsh-dlia-pelmenei-1691477891
perekrestok,4398544,"Салат Нисуаз с филе-кусочками тунца запеченного и горчично-медовым соусом Перекрёсток Select, 215г",review,1,foodru_25599,Салат «Нисуаз» с тунцом,0.4757,"gorchichno, medov, sauce, zapechen",,,Для соуса и подачи,"mixed_ingredient_group, missing_named_components, low_name_score",https://food.ru/recipes/25599-salat-nisuaz-s-tuncom
perekrestok,4398544,"Салат Нисуаз с филе-кусочками тунца запеченного и горчично-медовым соусом Перекрёсток Select, 215г",review,2,foodru_1424,Салат с тунцом,0.3526,"gorchichno, medov, nisuaz, sauce, zapechen",,,,"missing_named_components, low_name_score",https://food.ru/recipes/1424-salat-s-tuncom
perekrestok,4398544,"Салат Нисуаз с филе-кусочками тунца запеченного и горчично-медовым соусом Перекрёсток Select, 215г",review,3,foodru_2508,Классический салат с тунцом,0.3526,"gorchichno, medov, nisuaz, sauce, zapechen",,,,"missing_named_components, low_name_score",https://food.ru/recipes/2508-klassicheskii-salat-s-tuncom
perekrestok,4398580,"Паштет из горбуши Люди Любят тонкоизмельченный стерилизованный, 125г",review,1,foodru_30179,Паштет из горбуши,0.8923,"sterilizov, tonkoizmelch",,,,missing_named_components,https://food.ru/recipes/30179-pashtet-iz-gorbushi
perekrestok,4398580,"Паштет из горбуши Люди Любят тонкоизмельченный стерилизованный, 125г",review,2,foodru_109233,Рыбный паштет из горбуши,0.8182,"sterilizov, tonkoizmelch",rybn,,,"missing_named_components, extra_recipe_components",https://food.ru/recipes/109233-rybnyi-pashtet-iz-gorbushi-1644435094
perekrestok,4398580,"Паштет из горбуши Люди Любят тонкоизмельченный стерилизованный, 125г",review,3,foodru_66812,Натуральная домашняя икра из горбуши,0.4027,"patty, sterilizov, tonkoizmelch","ikra, naturalna",,,"dish_family_unconfirmed, missing_named_components, extra_recipe_components, low_name_score",https://food.ru/recipes/66812-naturalnaja-domashnjaja-ikra-iz-gorbushi
perekrestok,4401909,"Курица терияки на рисе Перекрёсток Select, 215г",matched,1,foodru_103540,Нежная курочка терияки с рисом,1.0,,,,,,https://food.ru/recipes/103540-nezhnaja-kurochka-terijaki-s-risom
perekrestok,4401909,"Курица терияки на рисе Перекрёсток Select, 215г",matched,2,foodru_106434,Аппетитная курочка под соусом терияки с рисом,0.9564,,,,,dish_family_unconfirmed,https://food.ru/recipes/106434-appetitnaja-kurochka-pod-sousom-terijaki-s-risom
perekrestok,4401909,"Курица терияки на рисе Перекрёсток Select, 215г",matched,3,foodru_69582,Рисовая лапша с курицей и овощами в соусе терияки,0.8936,,noodles,,,"dish_family_unconfirmed, extra_recipe_components",https://food.ru/recipes/69582-risovaja-lapsha-s-kuricei-i-ovoshchami-v-souse-terijaki
perekrestok,4401912,"Удон с курицей и овощами Перекрёсток Select, 215г",matched,1,foodru_11915,Лапша с курицей и овощами,1.0,,,,,,https://food.ru/recipes/11915-lapsha-s-kuricei-i-ovoshchami
perekrestok,4401912,"Удон с курицей и овощами Перекрёсток Select, 215г",matched,2,foodru_45534,Куриная лапша удон с овощами,1.0,,,,,,https://food.ru/recipes/45534-kurinaja-lapsha-udon-s-ovoshchami
perekrestok,4401912,"Удон с курицей и овощами Перекрёсток Select, 215г",matched,3,foodru_156324,Лапша вок с курицей и овощами,0.9306,,wok,,,extra_recipe_components,https://food.ru/recipes/156324-lapsha-vok-s-kuricei-i-ovoshchami
perekrestok,4402241,"Морковь По-Корейски Перекрёсток Select, 200г",matched,1,foodru_68524,Морковь по-корейски,1.0,,,,,,https://food.ru/recipes/68524-morkov-po-koreiski
perekrestok,4402241,"Морковь По-Корейски Перекрёсток Select, 200г",matched,2,foodru_89612,Морковка по-корейски,1.0,,,,,,https://food.ru/recipes/89612-morkovka-po-koreiski
perekrestok,4402241,"Морковь По-Корейски Перекрёсток Select, 200г",matched,3,foodru_73245,Салат с корейской морковью,0.9476,,,,,unexpected_protein_in_ingredients,https://food.ru/recipes/73245-salat-s-koreiskoi-morkoviu
perekrestok,4402242,Морковь По-Корейски Перекрёсток Select 500г,matched,1,foodru_68524,Морковь по-корейски,1.0,,,,,,https://food.ru/recipes/68524-morkov-po-koreiski
perekrestok,4402242,Морковь По-Корейски Перекрёсток Select 500г,matched,2,foodru_89612,Морковка по-корейски,1.0,,,,,,https://food.ru/recipes/89612-morkovka-po-koreiski
perekrestok,4402242,Морковь По-Корейски Перекрёсток Select 500г,matched,3,foodru_73245,Салат с корейской морковью,0.9476,,,,,unexpected_protein_in_ingredients,https://food.ru/recipes/73245-salat-s-koreiskoi-morkoviu
perekrestok,4402245,"Спаржа с морковью по-корейски Перекрёсток Select, 200г",matched,1,foodru_89008,Салат из спаржи с морковью по-корейски,0.9639,,,,,,https://food.ru/recipes/89008-salat-iz-sparzhi-s-morkoviu-po-koreiski
perekrestok,4402245,"Спаржа с морковью по-корейски Перекрёсток Select, 200г",matched,2,foodru_143562,Спаржа по-корейски,0.7511,,,,,,https://food.ru/recipes/143562-sparzha-po-koreiski-1654629230
perekrestok,4402245,"Спаржа с морковью по-корейски Перекрёсток Select, 200г",matched,3,foodru_55726,Спаржа по-корейски с морковью,1.0,,,,Для заправки и подачи,mixed_ingredient_group,https://food.ru/recipes/55726-sparzha-po-koreiski-s-morkoviu
perekrestok,4402370,"Щёки телячьи томлёные замороженные, 300г",review,1,foodru_117168,Фрикадельки томленые с гречкой,0.5266,"beef, shchek","buckwheat, meatball",beef,,"dish_family_unconfirmed, missing_named_components, extra_recipe_components, named_ingredient_unconfirmed, protein_unconfirmed_in_ingredients, low_name_score",https://food.ru/recipes/117168-frikadelki-tomlenye-s-grechkoi-1645276165
perekrestok,4402370,"Щёки телячьи томлёные замороженные, 300г",review,2,foodru_167300,Томленое сало в домашних условиях,0.5066,"beef, shchek","salo, uslov",beef,,"dish_family_unconfirmed, missing_named_components, extra_recipe_components, named_ingredient_unconfirmed, protein_unconfirmed_in_ingredients, low_name_score",https://food.ru/recipes/167300-salo-tomlenoe-1681323600
perekrestok,4402370,"Щёки телячьи томлёные замороженные, 300г",review,3,foodru_29070,Котлеты из говядины,0.3923,"shchek, tomlen",cutlet,,,"dish_family_unconfirmed, missing_named_components, extra_recipe_components, low_name_score",https://food.ru/recipes/29070-kotlety-iz-govjadiny
perekrestok,4402371,"Говядина томлёная с кавказскими травами замороженная, 260г",review,1,foodru_142770,Капустный салат с кавказскими травами,0.5915,"beef, tomlena",cabbage,beef,,"dish_family_unconfirmed, missing_named_components, extra_recipe_components, named_ingredient_unconfirmed, protein_unconfirmed_in_ingredients, low_name_score",https://food.ru/recipes/142770-kapustnyi-salat-s-kavkazskimi-travami-1654570704
perekrestok,4402371,"Говядина томлёная с кавказскими травами замороженная, 260г",review,2,foodru_251589,Томленая говядина в сковороде,0.4701,"kavkazskim, trav",skovorod,,,"dish_family_unconfirmed, missing_named_components, extra_recipe_components, low_name_score",https://food.ru/recipes/251589-tomlenaja-govjadina-na-skovorode
perekrestok,4402371,"Говядина томлёная с кавказскими травами замороженная, 260г",review,3,foodru_210831,Томленая говядина с репчатым луком,0.4358,"kavkazskim, trav",repchat,,,"dish_family_unconfirmed, missing_named_components, extra_recipe_components, low_name_score",https://food.ru/recipes/210831-tomlenaia-goviadina-1710270461
perekrestok,4402696,"Тунец Люди Любят полосатый рубленый в заливке, 185г",review,1,foodru_43376,Полосатые бутерброды,0.5797,"tuna, zalivk",,tuna,,"dish_family_unconfirmed, missing_named_components, named_ingredient_unconfirmed, protein_unconfirmed_in_ingredients, low_name_score",https://food.ru/recipes/43376-polosatye-buterbrody
perekrestok,4402696,"Тунец Люди Любят полосатый рубленый в заливке, 185г",review,2,foodru_59216,Вкусный жареный тунец,0.5033,"polosat, zalivk",,,,"dish_family_unconfirmed, missing_named_components, low_name_score",https://food.ru/recipes/59216-vkusnyi-zharenyi-tunec
perekrestok,4402696,"Тунец Люди Любят полосатый рубленый в заливке, 185г",review,3,foodru_1424,Салат с тунцом,0.4149,"polosat, zalivk",,,,"dish_family_unconfirmed, missing_named_components, low_name_score",https://food.ru/recipes/1424-salat-s-tuncom
perekrestok,4403475,"Котлеты Сочные из индейки жареные Перекрёсток Select, 240г",matched,1,foodru_29072,Котлеты из индейки,1.0,,,,,,https://food.ru/recipes/29072-kotlety-iz-indeiki
perekrestok,4403475,"Котлеты Сочные из индейки жареные Перекрёсток Select, 240г",matched,2,foodru_53133,Биточки с индейкой,1.0,,,,,,https://food.ru/recipes/53133-bitochki-s-indeikoi
perekrestok,4403475,"Котлеты Сочные из индейки жареные Перекрёсток Select, 240г",matched,3,foodru_264378,Гречка с котлетами из индейки,0.921,,buckwheat,,,extra_recipe_components,https://food.ru/recipes/264378-grechka-s-kotletami-iz-indeiki
perekrestok,4403479,"Сэндвич-ролл Цезарь с креветками Перекрёсток Select, 175г",review,1,foodru_86263,Тост с соусом цезарь,0.5718,"roll, shrimp",,shrimp,Для соуса и подачи,"mixed_ingredient_group, missing_named_components, named_ingredient_unconfirmed, protein_unconfirmed_in_ingredients, low_name_score",https://food.ru/recipes/86263-tost-s-sousom-cezar
perekrestok,4403479,"Сэндвич-ролл Цезарь с креветками Перекрёсток Select, 175г",review,2,foodru_76285,Тост с креветками,0.5643,"caesar, roll",,,,"missing_named_components, low_name_score",https://food.ru/recipes/76285-tost-s-krevetkami
perekrestok,4403479,"Сэндвич-ролл Цезарь с креветками Перекрёсток Select, 175г",review,3,foodru_274813,Сэндвичи «Цезарь» для пикника,0.5283,"roll, shrimp",piknik,shrimp,,"missing_named_components, extra_recipe_components, named_ingredient_unconfirmed, protein_unconfirmed_in_ingredients, low_name_score",https://food.ru/recipes/274813-sendvichi-cezar-dlja-piknika
perekrestok,4405296,"Щечки говяжьи томленые Перекрёсток Select, 300г",review,1,foodru_43110,Томленные в портвейне говяжьи щечки,0.5786,tomlen,"portvein, toml",,,"dish_family_unconfirmed, missing_named_components, extra_recipe_components, low_name_score",https://food.ru/recipes/43110-tomlennye-v-portveine-govjazhi-shchechki
perekrestok,4405296,"Щечки говяжьи томленые Перекрёсток Select, 300г",review,2,foodru_268070,Говяжьи щечки с овощным соте в мультиварке,0.5683,tomlen,"multivark, sote",,,"dish_family_unconfirmed, missing_named_components, extra_recipe_components, low_name_score",https://food.ru/recipes/268070-govjazhi-shchechki-s-ovoshchnym-sote-v-multivarke
perekrestok,4405296,"Щечки говяжьи томленые Перекрёсток Select, 300г",review,3,foodru_117168,Фрикадельки томленые с гречкой,0.3843,"beef, shchechk","buckwheat, meatball",beef,,"dish_family_unconfirmed, missing_named_components, extra_recipe_components, named_ingredient_unconfirmed, protein_unconfirmed_in_ingredients, low_name_score",https://food.ru/recipes/117168-frikadelki-tomlenye-s-grechkoi-1645276165
perekrestok,4405772,"Капуста с морковью по-корейски Перекрёсток Select, 200г",matched,1,foodru_159841,Морковка и капуста по-корейски,1.0,,,,,,https://food.ru/recipes/159841-morkovka-i-kapusta-po-koreiski-1676457401
perekrestok,4405772,"Капуста с морковью по-корейски Перекрёсток Select, 200г",matched,2,foodru_55717,Капуста с морковью по-корейски,1.0,,,,,,https://food.ru/recipes/55717-kapusta-s-morkoviu-po-koreiski
perekrestok,4405772,"Капуста с морковью по-корейски Перекрёсток Select, 200г",matched,3,foodru_68524,Морковь по-корейски,0.7631,cabbage,,cabbage,,"missing_named_components, named_ingredient_unconfirmed",https://food.ru/recipes/68524-morkov-po-koreiski
perekrestok,4405773,"Спаржа По-Корейски Перекрёсток Select, 200г",matched,1,foodru_143562,Спаржа по-корейски,1.0,,,,,,https://food.ru/recipes/143562-sparzha-po-koreiski-1654629230
perekrestok,4405773,"Спаржа По-Корейски Перекрёсток Select, 200г",matched,2,foodru_119578,Корейский салат со спаржей,0.9508,,,,,,https://food.ru/recipes/119578-salat-so-sparzhei-koreiskii-1645696354
perekrestok,4405773,"Спаржа По-Корейски Перекрёсток Select, 200г",matched,3,foodru_55726,Спаржа по-корейски с морковью,0.9298,,carrot,,Для заправки и подачи,"mixed_ingredient_group, extra_recipe_components",https://food.ru/recipes/55726-sparzha-po-koreiski-s-morkoviu
perekrestok,4406507,"Салат Крабовый Перекрёсток Select, 180г",matched,1,foodru_2643,Крабовый салат,1.0,,,,,,https://food.ru/recipes/2643-krabovyi-salat
perekrestok,4406507,"Салат Крабовый Перекрёсток Select, 180г",matched,2,foodru_73410,Крабовый салат «Домашний»,1.0,,,,,,https://food.ru/recipes/73410-krabovyi-salat-domashnii
perekrestok,4406507,"Салат Крабовый Перекрёсток Select, 180г",matched,3,foodru_219193,Салат «Морская капуста с крабовым мясом»,0.8575,,"cabbage, morska",,,extra_recipe_components,https://food.ru/recipes/219193-morskaia-kapusta-s-krabovym-miasom-1718703067
perekrestok,4407902,"Блинчики с курицей и грибами в сливочном соусе Перекрёсток Select, 160г",review,1,foodru_71513,Домашние блины с курицей,0.5089,"mushroom, sauce",,mushroom,,"missing_named_components, named_ingredient_unconfirmed, low_name_score",https://food.ru/recipes/71513-domashnie-bliny-s-kuricei
perekrestok,4407902,"Блинчики с курицей и грибами в сливочном соусе Перекрёсток Select, 160г",review,2,foodru_15244,Блины с курицей,0.5089,"cream, mushroom, sauce",,mushroom,,"missing_named_components, named_ingredient_unconfirmed, named_sauce_component_unconfirmed, low_name_score",https://food.ru/recipes/15244-bliny-s-kuricei
perekrestok,4407902,"Блинчики с курицей и грибами в сливочном соусе Перекрёсток Select, 160г",review,3,foodru_116979,Куриные блинчики,0.5089,"cream, mushroom, sauce",,mushroom,,"missing_named_components, named_ingredient_unconfirmed, named_sauce_component_unconfirmed, low_name_score",https://food.ru/recipes/116979-kurinye-blinchiki-1645249368
perekrestok,4407903,"Блинчики с курицей и грибами в сливочном соусе Перекрёсток Select, 400г",review,1,foodru_71513,Домашние блины с курицей,0.5089,"mushroom, sauce",,mushroom,,"missing_named_components, named_ingredient_unconfirmed, low_name_score",https://food.ru/recipes/71513-domashnie-bliny-s-kuricei
perekrestok,4407903,"Блинчики с курицей и грибами в сливочном соусе Перекрёсток Select, 400г",review,2,foodru_15244,Блины с курицей,0.5089,"cream, mushroom, sauce",,mushroom,,"missing_named_components, named_ingredient_unconfirmed, named_sauce_component_unconfirmed, low_name_score",https://food.ru/recipes/15244-bliny-s-kuricei
perekrestok,4407903,"Блинчики с курицей и грибами в сливочном соусе Перекрёсток Select, 400г",review,3,foodru_116979,Куриные блинчики,0.5089,"cream, mushroom, sauce",,mushroom,,"missing_named_components, named_ingredient_unconfirmed, named_sauce_component_unconfirmed, low_name_score",https://food.ru/recipes/116979-kurinye-blinchiki-1645249368
perekrestok,4407905,"Блинчики с творогом Перекрёсток Select, 160г",matched,1,foodru_530,Блины с творогом,1.0,,,,,,https://food.ru/recipes/530-bliny-s-tvorogom
perekrestok,4407905,"Блинчики с творогом Перекрёсток Select, 160г",matched,2,foodru_49015,Блинчики с творогом,1.0,,,,Для жарки и подачи,mixed_ingredient_group,https://food.ru/recipes/49015-blinchiki-s-tvorogom
perekrestok,4407905,"Блинчики с творогом Перекрёсток Select, 160г",matched,3,foodru_75962,Блинчики с семгой и творожным сыром,0.8872,,"cheese, salmon",,,extra_recipe_components,https://food.ru/recipes/75962-blinchiki-s-semgoi-i-tvorozhnym-syrom
perekrestok,4408479,"Блинчики Sибирская Коллекция с куриным филе и сыром замороженные, 400г",review,1,foodru_219591,Блинчики с куриным филе и сыром,0.6382,"kollekc, sibirska",,,,"missing_named_components, low_name_score",https://food.ru/recipes/219591-blinchiki-s-kurinym-file-i-syrom-1718959875
perekrestok,4408479,"Блинчики Sибирская Коллекция с куриным филе и сыром замороженные, 400г",review,2,foodru_132084,Простые блины с курицей и сыром,0.6382,"kollekc, sibirska",,,,"missing_named_components, low_name_score",https://food.ru/recipes/132084-prostye-bliny-s-kuricei-i-syrom
perekrestok,4408479,"Блинчики Sибирская Коллекция с куриным филе и сыром замороженные, 400г",review,3,foodru_71513,Домашние блины с курицей,0.5067,"kollekc, sibirska",,,,"missing_named_components, low_name_score",https://food.ru/recipes/71513-domashnie-bliny-s-kuricei
perekrestok,4409321,"Свинина в соусе барбекю с рисом Перекрёсток Select, 240г",review,1,foodru_271336,Запеченные свиные ребра в соусе барбекю,0.7425,rice,rebr,rice,,"missing_named_components, extra_recipe_components, named_ingredient_unconfirmed",https://food.ru/recipes/271336-zapechennye-svinye-rebra-v-souse-barbekiu
perekrestok,4409321,"Свинина в соусе барбекю с рисом Перекрёсток Select, 240г",review,2,foodru_236249,Свиные ребра в соусе барбекю,0.7425,rice,rebr,rice,,"missing_named_components, extra_recipe_components, named_ingredient_unconfirmed",https://food.ru/recipes/236249-svinye-rebra-v-souse-barbekiu-1733045414
perekrestok,4409321,"Свинина в соусе барбекю с рисом Перекрёсток Select, 240г",review,3,foodru_123191,Ароматное свиное рагу в соусе барбекю,0.7032,rice,"aromatn, ragu",rice,,"missing_named_components, extra_recipe_components, named_ingredient_unconfirmed, low_name_score",https://food.ru/recipes/123191-aromatnoe-svinoe-ragu-v-souse-barbekiu
perekrestok,4410398,"Клаб Сэндвич двойной с бужениной Перекрёсток Select, 180г",matched,1,foodru_76435,Тост с бужениной,1.0,,,,,,https://food.ru/recipes/76435-tost-s-buzheninoi
perekrestok,4410398,"Клаб Сэндвич двойной с бужениной Перекрёсток Select, 180г",matched,2,foodru_4557,Сэндвич простой,0.5214,buzhenina,,buzhenina,,"missing_named_components, named_ingredient_unconfirmed, protein_unconfirmed_in_ingredients, low_name_score",https://food.ru/recipes/4557-sendvich-prostoi
perekrestok,4410398,"Клаб Сэндвич двойной с бужениной Перекрёсток Select, 180г",matched,3,foodru_43376,Полосатые бутерброды,0.3816,buzhenina,polosat,buzhenina,,"missing_named_components, extra_recipe_components, named_ingredient_unconfirmed, protein_unconfirmed_in_ingredients, low_name_score",https://food.ru/recipes/43376-polosatye-buterbrody
perekrestok,4410399,"Сэндвич-ролл с ветчиной и португальским салатом Перекрёсток Select, 185г",review,1,foodru_268824,Тосты с ветчиной и салатом,0.7357,"portugalskim, roll",,,,missing_named_components,https://food.ru/recipes/268824-tosty-s-vetchinoi-i-salatom-1765511640
perekrestok,4410399,"Сэндвич-ролл с ветчиной и португальским салатом Перекрёсток Select, 185г",review,2,foodru_165103,Бутерброды с ветчиной и свежим салатом,0.6504,"portugalskim, roll",svezhim,,,"missing_named_components, extra_recipe_components, low_name_score",https://food.ru/recipes/165103-buterbrody-s-vetchinoi-i-svezhim-salatom-1681302526
perekrestok,4410399,"Сэндвич-ролл с ветчиной и португальским салатом Перекрёсток Select, 185г",review,3,foodru_1981,Клаб-сэндвич с ветчиной,0.5944,"portugalskim, roll, salad",,,,"missing_named_components, low_name_score",https://food.ru/recipes/1981-klab-sendvich-s-vetchinoi
perekrestok,4410402,"Оладьи печеночные жареные Перекрёсток Select, 280г",matched,1,foodru_2973,Печеночные оладьи,1.0,,,,,,https://food.ru/recipes/2973-pechenochnye-oladi
perekrestok,4410402,"Оладьи печеночные жареные Перекрёсток Select, 280г",matched,2,foodru_102179,Печеночные оладьи на ржаной муке и манной крупе,0.8478,,"flour, krup, mann, rzha",,,extra_recipe_components,https://food.ru/recipes/102179-pechenochnye-oladi-1643394355
perekrestok,4410402,"Оладьи печеночные жареные Перекрёсток Select, 280г",matched,3,foodru_235474,Оладьи по-домашнему,0.5481,pechenochn,,,,"missing_named_components, low_name_score",https://food.ru/recipes/235474-oladi-po-domashnemu-1732441686
perekrestok,4410403,"Голубцы ленивые в томатно-сметанном соусе Перекрёсток Select, 150г",review,1,foodru_29178,Ленивые голубцы в сметанном соусе,0.8792,,,,,named_sauce_component_unconfirmed,https://food.ru/recipes/29178-lenivye-golubcy-v-smetannom-souse
perekrestok,4410403,"Голубцы ленивые в томатно-сметанном соусе Перекрёсток Select, 150г",review,2,foodru_209368,Ленивые голубцы в томатном соусе,0.8275,sourcream,,,,"missing_named_components, named_sauce_component_unconfirmed",https://food.ru/recipes/209368-lenivye-golubcy-s-tomatnym-sousom
perekrestok,4410403,"Голубцы ленивые в томатно-сметанном соусе Перекрёсток Select, 150г",review,3,foodru_25836,Голубцы в томатно-сметанном соусе,0.7958,leniv,,,Для голубцов и подачи,"mixed_ingredient_group, missing_named_components",https://food.ru/recipes/25836-golubcy-v-tomatno-smetannom-souse
perekrestok,4412886,"Горбуша Жемчужина Сахалина натуральная, 240г",review,1,foodru_66812,Натуральная домашняя икра из горбуши,0.6065,"sahalin, zhemchuzhin",ikra,,,"dish_family_unconfirmed, missing_named_components, extra_recipe_components, low_name_score",https://food.ru/recipes/66812-naturalnaja-domashnjaja-ikra-iz-gorbushi
perekrestok,4412886,"Горбуша Жемчужина Сахалина натуральная, 240г",review,2,foodru_204887,Салат «Жемчужина»,0.4379,"naturalna, pink_salmon, sahalin",,pink_salmon,,"dish_family_unconfirmed, missing_named_components, named_ingredient_unconfirmed, protein_unconfirmed_in_ingredients, low_name_score",https://food.ru/recipes/204887-salat-zhemchuzhina
perekrestok,4412886,"Горбуша Жемчужина Сахалина натуральная, 240г",review,3,foodru_30179,Паштет из горбуши,0.3334,"naturalna, sahalin, zhemchuzhin",patty,,,"dish_family_unconfirmed, missing_named_components, extra_recipe_components, low_name_score",https://food.ru/recipes/30179-pashtet-iz-gorbushi
perekrestok,4413417,"Изделие кондитерское Рыбки Пуноппан с кремом, 420г",review,1,foodru_200904,Самый вкусный крем для прослойки кондитерских изделий,0.7118,"konditersk, punoppan, rybk","konditerskih, prosloik, samy",,,"dish_family_unconfirmed, missing_named_components, extra_recipe_components, low_name_score",https://food.ru/recipes/200904-samyi-vkusnyi-krem-dlia-prosloiki-konditerskikh-izdelii-1700237542
perekrestok,4413417,"Изделие кондитерское Рыбки Пуноппан с кремом, 420г",review,2,foodru_25632,Крем-суп из шампиньонов,0.3371,"izdeli, konditersk, punoppan, rybk",mushroom,,,"dish_family_unconfirmed, missing_named_components, extra_recipe_components, low_name_score",https://food.ru/recipes/25632-krem-sup-iz-shampinonov
perekrestok,4413417,"Изделие кондитерское Рыбки Пуноппан с кремом, 420г",review,3,foodru_122304,Нежный заварной крем с малиной,0.3216,"izdeli, konditersk, punoppan, rybk","raspberry, zavar",,,"dish_family_unconfirmed, missing_named_components, extra_recipe_components, low_name_score",https://food.ru/recipes/122304-nezhnyi-zavarnoi-krem-s-malinoi
perekrestok,4413419,"Корн-дог с сосиской с сыром замороженный, 80г",review,1,foodru_231832,Легкий корн-дог с сыром,0.7304,sausage,legki,sausage,,"dish_family_unconfirmed, missing_named_components, extra_recipe_components, named_ingredient_unconfirmed, protein_unconfirmed_in_ingredients",https://food.ru/recipes/231832-legkii-korn-dog-s-syrom
perekrestok,4413419,"Корн-дог с сосиской с сыром замороженный, 80г",review,2,foodru_157100,Корн дог,0.6825,cheese,,cheese,,"dish_family_unconfirmed, missing_named_components, named_ingredient_unconfirmed, low_name_score",https://food.ru/recipes/157100-korn-dog-1674643649
perekrestok,4413419,"Корн-дог с сосиской с сыром замороженный, 80г",review,3,foodru_98066,Корн-дог с разными соусами,0.5812,cheese,raznym,cheese,,"dish_family_unconfirmed, missing_named_components, extra_recipe_components, named_ingredient_unconfirmed, low_name_score",https://food.ru/recipes/98066-korn-dog-1643112620
perekrestok,4413421,"Корн-дог в картофельной панировке с сосиской с сыром замороженный, 100г",review,1,foodru_146766,Корн-дог в панировке из рисовой муки,0.6317,"cheese, potato","flour, rice","cheese, potato",,"dish_family_unconfirmed, missing_named_components, extra_recipe_components, named_ingredient_unconfirmed, low_name_score",https://food.ru/recipes/146766-korn-dog-v-panirovke-iz-risovoj-muki-1660569797
perekrestok,4413421,"Корн-дог в картофельной панировке с сосиской с сыром замороженный, 100г",review,2,foodru_231832,Легкий корн-дог с сыром,0.5287,"panirovk, potato, sausage",legki,"potato, sausage",,"dish_family_unconfirmed, missing_named_components, extra_recipe_components, named_ingredient_unconfirmed, protein_unconfirmed_in_ingredients, low_name_score",https://food.ru/recipes/231832-legkii-korn-dog-s-syrom
perekrestok,4413421,"Корн-дог в картофельной панировке с сосиской с сыром замороженный, 100г",review,3,foodru_157100,Корн дог,0.521,"cheese, panirovk, potato",,"cheese, potato",,"dish_family_unconfirmed, missing_named_components, named_ingredient_unconfirmed, low_name_score",https://food.ru/recipes/157100-korn-dog-1674643649
perekrestok,4413900,"Тунец скипджек Люди Любят филе-кусок в масле, 185г",review,1,foodru_76860,Рыбный салат с маслом и тунцом,0.7575,"kusok, skipdzhek",rybn,,,"dish_family_unconfirmed, missing_named_components, extra_recipe_components",https://food.ru/recipes/76860-rybnyi-salat-s-maslom-i-tuncom
perekrestok,4413900,"Тунец скипджек Люди Любят филе-кусок в масле, 185г",review,2,foodru_123033,Полезный салат с тунцом и маслинами,0.7537,"kusok, skipdzhek",polez,,,"dish_family_unconfirmed, missing_named_components, extra_recipe_components",https://food.ru/recipes/123033-poleznyi-salat-s-tuncom-i-maslinami
perekrestok,4413900,"Тунец скипджек Люди Любят филе-кусок в масле, 185г",review,3,foodru_56029,Багет с тунцом в масле рубленом,0.7462,"kusok, skipdzhek","bread, rublen",,,"dish_family_unconfirmed, missing_named_components, extra_recipe_components",https://food.ru/recipes/56029-baget-s-tuncom-v-masle-rublenom
perekrestok,4413901,"Тунец скипджек Люди Любят филе-кусок, 185г",review,1,foodru_59216,Вкусный жареный тунец,0.7766,"kusok, skipdzhek",,,,"dish_family_unconfirmed, missing_named_components",https://food.ru/recipes/59216-vkusnyi-zharenyi-tunec
perekrestok,4413901,"Тунец скипджек Люди Любят филе-кусок, 185г",review,2,foodru_1424,Салат с тунцом,0.6882,"kusok, skipdzhek",,,,"dish_family_unconfirmed, missing_named_components, low_name_score",https://food.ru/recipes/1424-salat-s-tuncom
perekrestok,4413901,"Тунец скипджек Люди Любят филе-кусок, 185г",review,3,foodru_2508,Классический салат с тунцом,0.6882,"kusok, skipdzhek",,,,"dish_family_unconfirmed, missing_named_components, low_name_score",https://food.ru/recipes/2508-klassicheskii-salat-s-tuncom
perekrestok,4413987,"Окрошка овощная Перекрёсток Select, 250г",review,1,foodru_60064,Овощная окрошка по-деревенски,0.9049,,derevensk,,,"dish_family_unconfirmed, extra_recipe_components",https://food.ru/recipes/60064-ovoshchnaja-okroshka-po-derevenski
perekrestok,4413987,"Окрошка овощная Перекрёсток Select, 250г",review,2,foodru_274863,Овощная окрошка с редисом и помидорами,0.8813,,"redis, tomato",,,"dish_family_unconfirmed, extra_recipe_components",https://food.ru/recipes/274863-ovoshchnaja-okroshka-s-redisom-i-pomidorami
perekrestok,4413987,"Окрошка овощная Перекрёсток Select, 250г",review,3,foodru_216078,Овощная окрошка с репой и цветной капустой,0.8573,,"cabbage, cvet, repo",,,"dish_family_unconfirmed, extra_recipe_components",https://food.ru/recipes/216078-ovoshchnaja-okroshka
perekrestok,4413988,"Набор для окрошки с куриной колбасой Перекрёсток Select, 250г",review,1,foodru_175739,Свекольник с набором для окрошки,0.6311,sausage,beet,sausage,,"dish_family_unconfirmed, missing_named_components, extra_recipe_components, named_ingredient_unconfirmed, protein_unconfirmed_in_ingredients, low_name_score",https://food.ru/recipes/175739-svekolnik-s-naborom-dlia-okroshki1688407721
perekrestok,4413988,"Набор для окрошки с куриной колбасой Перекрёсток Select, 250г",review,2,foodru_176262,Таратор с набором для окрошки,0.6125,"chicken, sausage",tarator,"chicken, sausage",,"dish_family_unconfirmed, missing_named_components, extra_recipe_components, named_ingredient_unconfirmed, protein_unconfirmed_in_ingredients, low_name_score",https://food.ru/recipes/176262-tarator-s-naborom-dlia-okroshki-1688729523
perekrestok,4413988,"Набор для окрошки с куриной колбасой Перекрёсток Select, 250г",review,3,foodru_52083,Куриные колбаски гриль с пряностями,0.3937,"nabor, okroshk",gril,sausage,,"dish_family_unconfirmed, missing_named_components, extra_recipe_components, named_ingredient_unconfirmed, protein_unconfirmed_in_ingredients, low_name_score",https://food.ru/recipes/52083-kurinye-kolbaski-gril-s-prjanostjami
perekrestok,4414705,"Свекольник на кефире Перекрёсток Select, 250г",matched,1,foodru_42494,Свекольник на кефире,1.0,,,,,,https://food.ru/recipes/42494-svekolnik-na-kefire
perekrestok,4414705,"Свекольник на кефире Перекрёсток Select, 250г",matched,2,foodru_224882,Свекольник на кефире за 60 минут,0.9222,,minut,,,"dish_family_unconfirmed, extra_recipe_components",https://food.ru/recipes/224882-svekolnik-na-kefire-1722795287
perekrestok,4414705,"Свекольник на кефире Перекрёсток Select, 250г",matched,3,foodru_1484,Оладьи на кефире,0.5484,beet,fritter,beet,,"dish_family_unconfirmed, missing_named_components, extra_recipe_components, named_ingredient_unconfirmed, low_name_score",https://food.ru/recipes/1484-oladi-na-kefire
perekrestok,4415661,"Печень По-Строгановски с картофельным пюре Перекрёсток Select, 300г",review,1,foodru_105441,Сочная печень по-строгановски,0.6811,"mash, potato",,potato,,"dish_family_unconfirmed, missing_named_components, named_ingredient_unconfirmed, low_name_score",https://food.ru/recipes/105441-pechen-po-stroganovski-1643881140
perekrestok,4415661,"Печень По-Строгановски с картофельным пюре Перекрёсток Select, 300г",review,2,foodru_161403,Куриная печень по-строгановски,0.6381,"mash, potato",chicken,potato,,"dish_family_unconfirmed, missing_named_components, extra_recipe_components, named_ingredient_unconfirmed, low_name_score",https://food.ru/recipes/161403-kurinaia-pechen-po-stroganovski-1676471097
perekrestok,4415661,"Печень По-Строгановски с картофельным пюре Перекрёсток Select, 300г",review,3,foodru_68220,Говяжья печень по-строгановски,0.6217,"mash, potato",beef,potato,,"dish_family_unconfirmed, missing_named_components, extra_recipe_components, named_ingredient_unconfirmed, low_name_score",https://food.ru/recipes/68220-govjazhja-pechen-po-stroganovski
perekrestok,4416810,"Картофель отварной с укропом Перекрёсток Select, 200г",matched,1,foodru_156898,Отварной картофель с укропом,1.0,,,,,,https://food.ru/recipes/156898-otvarnoi-kartofel-s-ukropom-1674642021
perekrestok,4416810,"Картофель отварной с укропом Перекрёсток Select, 200г",matched,2,foodru_274516,Отварной картофель с сыром и укропом,0.9636,,cheese,,,"dish_family_unconfirmed, extra_recipe_components",https://food.ru/recipes/274516-otvarnoi-kartofel-s-syrom-i-ukropom-1780252280
perekrestok,4416810,"Картофель отварной с укропом Перекрёсток Select, 200г",matched,3,foodru_47909,Хычины с зеленью,0.3554,"otvar, potato",hychin,"herbs, potato","Для начинки, соуса и подачи","mixed_ingredient_group, dish_family_unconfirmed, missing_named_components, extra_recipe_components, named_ingredient_unconfirmed, low_name_score",https://food.ru/recipes/47909-hychiny-s-zeleniu
perekrestok,4417712,"Соус Лёгкий майонезный 30% Зелёная Линия, 200г",review,1,foodru_252660,Паровки под сырно-майонезным соусом с зеленью,0.4966,"legki, lina","cheese, parovk",,,"missing_named_components, extra_recipe_components, low_name_score",https://food.ru/recipes/252660-parovki-pod-syrno-maioneznym-sousom-s-zeleniu-1747735444
perekrestok,4417712,"Соус Лёгкий майонезный 30% Зелёная Линия, 200г",review,2,foodru_122934,Майонезный соус,0.452,"legki, lina",,,,"missing_named_components, low_name_score",https://food.ru/recipes/122934-maioneznyi-sous
perekrestok,4417712,"Соус Лёгкий майонезный 30% Зелёная Линия, 200г",review,3,foodru_68419,Запеченные баклажаны с сырно-майонезным соусом,0.3317,"herbs, legki, lina","baklazhan, cheese",herbs,,"missing_named_components, extra_recipe_components, named_ingredient_unconfirmed, low_name_score",https://food.ru/recipes/68419-appetitnye-baklazhany-zapechennye-s-syrno-maioneznym-sousom
perekrestok,4419226,"Биточки мясные с картофельным пюре Перекрёсток Select, 300г",review,1,foodru_110445,Котлеты «Сочные» с картофельным пюре,0.816,meat,,potato,,"missing_named_components, named_ingredient_unconfirmed",https://food.ru/recipes/110445-kotlety-sochnye-s-kartofelnym-piure-1644669917
perekrestok,4419226,"Биточки мясные с картофельным пюре Перекрёсток Select, 300г",review,2,foodru_109435,Котлетки из картофельного пюре,0.816,meat,,meat,,"missing_named_components, named_ingredient_unconfirmed, meat_unconfirmed_in_ingredients, side_dish_unconfirmed",https://food.ru/recipes/109435-kotletki-iz-kartofelnogo-piure
perekrestok,4419226,"Биточки мясные с картофельным пюре Перекрёсток Select, 300г",review,3,foodru_2696,Картофельные котлеты из пюре,0.816,meat,,meat,,"missing_named_components, named_ingredient_unconfirmed, meat_unconfirmed_in_ingredients, side_dish_unconfirmed",https://food.ru/recipes/2696-kartofelnye-kotlety-iz-piure
perekrestok,4419634,"Соус Грибной с белыми грибами 30% Зелёная Линия, 200г",review,1,foodru_110786,Соус с белыми грибами,0.6385,"herbs, lina",,herbs,,"missing_named_components, named_ingredient_unconfirmed, low_name_score",https://food.ru/recipes/110786-sous-s-belymi-gribami-1644760454
perekrestok,4419634,"Соус Грибной с белыми грибами 30% Зелёная Линия, 200г",review,2,foodru_211073,Бургеры с грибным соусом,0.3167,"belym, herbs, lina",burger,herbs,,"missing_named_components, extra_recipe_components, named_ingredient_unconfirmed, low_name_score",https://food.ru/recipes/211073-burgery-s-gribnym-sousom-1710449092
perekrestok,4419634,"Соус Грибной с белыми грибами 30% Зелёная Линия, 200г",review,3,foodru_2293,Курица с шампиньонами в сливочном соусе,0.3099,"belym, lina",chicken,,,"missing_named_components, extra_recipe_components, low_name_score",https://food.ru/recipes/2293-kurica-s-shampinonami-v-slivochnom-souse
perekrestok,4420760,"Бризоль куриная с пенне и соусом Перекрёсток Select, 250г",review,1,foodru_188630,Бризоли куриные,0.5944,"penn, sauce",,,,"dish_family_unconfirmed, missing_named_components, low_name_score",https://food.ru/recipes/188630-brizoli-kurinye
perekrestok,4420760,"Бризоль куриная с пенне и соусом Перекрёсток Select, 250г",review,2,foodru_140355,Куриная бризоль,0.5944,"penn, sauce",,,,"dish_family_unconfirmed, missing_named_components, low_name_score",https://food.ru/recipes/140355-kurinaia-brizol-1651168628
perekrestok,4420760,"Бризоль куриная с пенне и соусом Перекрёсток Select, 250г",review,3,foodru_140035,Пенне в томатном соусе,0.5645,"brizol, chicken",tomato,chicken,,"missing_named_components, extra_recipe_components, named_ingredient_unconfirmed, protein_unconfirmed_in_ingredients, low_name_score",https://food.ru/recipes/140035-penne-v-tomatnom-souse-1651145446
perekrestok,4422046,"Соус Слобода Сливочный с нежным лососем 60%, 200мл",review,1,foodru_134288,Вкуснейший лосось под нежным сливочно-грибным соусом,0.8914,slobod,mushroom,,,"missing_named_components, extra_recipe_components",https://food.ru/recipes/134288-vkusneishii-losos-pod-nezhnym-slivochno-gribnym-sousom
perekrestok,4422046,"Соус Слобода Сливочный с нежным лососем 60%, 200мл",review,2,foodru_152565,Лосось в соусе унаги,0.5859,"cream, slobod",unag,,,"missing_named_components, extra_recipe_components, low_name_score",https://food.ru/recipes/152565-losos-v-souse-unagi-1668595339
perekrestok,4422046,"Соус Слобода Сливочный с нежным лососем 60%, 200мл",review,3,foodru_228934,Вермишель под нежным сливочным соусом,0.5356,"salmon, slobod",vermishel,salmon,,"missing_named_components, extra_recipe_components, named_ingredient_unconfirmed, protein_unconfirmed_in_ingredients, low_name_score",https://food.ru/recipes/228934-vermishel-pod-nezhnym-slivochnym-sousom-1726509004
perekrestok,4422195,"Сэндвич двойной с лососем и творожным сыром Перекрёсток Select, 185г",matched,1,foodru_127388,Тосты с творожным сыром и лососем,1.0,,,,,,https://food.ru/recipes/127388-tosty-s-tvorozhnym-syrom-i-lososem-1646509246
perekrestok,4422195,"Сэндвич двойной с лососем и творожным сыром Перекрёсток Select, 185г",matched,2,foodru_91152,"Бутерброды с творожным сыром, семгой и яйцом",0.9419,,aicom,cottage_cheese,,"extra_recipe_components, named_ingredient_unconfirmed",https://food.ru/recipes/91152-buterbrody-s-tvorozhnym-syrom-semgoi-i-iaitsom-1641316269
perekrestok,4422195,"Сэндвич двойной с лососем и творожным сыром Перекрёсток Select, 185г",matched,3,foodru_66166,Тост с копченым лососем,0.5816,,kopche,,,"extra_recipe_components, low_name_score",https://food.ru/recipes/66166-tost-s-kopchenym-lososem
perekrestok,4422949,"Говядина томленая в перечном соусе с орзо Перекрёсток Select, 270г",review,1,foodru_251589,Томленая говядина в сковороде,0.5502,"orzo, sauce",skovorod,,,"dish_family_unconfirmed, missing_named_components, extra_recipe_components, low_name_score",https://food.ru/recipes/251589-tomlenaja-govjadina-na-skovorode
perekrestok,4422949,"Говядина томленая в перечном соусе с орзо Перекрёсток Select, 270г",review,2,foodru_210831,Томленая говядина с репчатым луком,0.5159,"orzo, sauce",repchat,,,"dish_family_unconfirmed, missing_named_components, extra_recipe_components, low_name_score",https://food.ru/recipes/210831-tomlenaia-goviadina-1710270461
perekrestok,4422949,"Говядина томленая в перечном соусе с орзо Перекрёсток Select, 270г",review,3,foodru_60149,Фаршированный перец в томатном соусе,0.4478,"beef, orzo, tomlena",tomato,beef,,"missing_named_components, extra_recipe_components, named_ingredient_unconfirmed, protein_unconfirmed_in_ingredients, low_name_score",https://food.ru/recipes/60149-farshirovannyi-perec-v-tomatnom-souse
perekrestok,4424021,"Мясо криля Санта Бремор антарктического в заливке, 100г",review,1,foodru_182438,Салат с мясом криля,0.8285,"antarktichesk, zalivk",,,,"dish_family_unconfirmed, missing_named_components",https://food.ru/recipes/182438-salat-s-miasom-krilia-1691683166
perekrestok,4424021,"Мясо криля Санта Бремор антарктического в заливке, 100г",review,2,foodru_101798,Фаршированные яйца мясом криля,0.7939,"antarktichesk, zalivk",aica,,,"dish_family_unconfirmed, missing_named_components, extra_recipe_components",https://food.ru/recipes/101798-farshirovannye-jaica-mjasom-krilja
perekrestok,4424021,"Мясо криля Санта Бремор антарктического в заливке, 100г",review,3,foodru_15241,Блины с мясом,0.3464,"antarktichesk, kril, zalivk",pancake,,,"dish_family_unconfirmed, missing_named_components, extra_recipe_components, low_name_score",https://food.ru/recipes/15241-bliny-s-mjasom
perekrestok,4424332,"Вок Dostaевский курица терияки с гречневой лапшой замороженный, 320г",matched,1,foodru_16563,Вок с гречневой лапшой и курицей,0.8254,,,,,,https://food.ru/recipes/16563-vok-s-grechnevoi-lapshoi-i-kuricei
perekrestok,4424332,"Вок Dostaевский курица терияки с гречневой лапшой замороженный, 320г",matched,2,foodru_1667,Курица терияки с лапшой,0.65,"buckwheat, wok",,buckwheat,,"missing_named_components, named_ingredient_unconfirmed, low_name_score",https://food.ru/recipes/1667-kurica-terijaki-s-lapshoi
perekrestok,4424332,"Вок Dostaевский курица терияки с гречневой лапшой замороженный, 320г",matched,3,foodru_70929,Лапша удон с курицей терияки,0.65,"buckwheat, wok",,buckwheat,,"missing_named_components, named_ingredient_unconfirmed, low_name_score",https://food.ru/recipes/70929-lapsha-udon-s-kuricei-terijaki
perekrestok,4424333,"Вок Dostaевский курица терияки-удон замороженный, 320г",matched,1,foodru_45858,Лапша удон с овощами и куриным филе на вок,0.7246,,,,,,https://food.ru/recipes/45858-lapsha-udon-s-ovoshchami-i-kurinym-file-na-vok
perekrestok,4424333,"Вок Dostaевский курица терияки-удон замороженный, 320г",matched,2,foodru_1667,Курица терияки с лапшой,0.7697,wok,,,,missing_named_components,https://food.ru/recipes/1667-kurica-terijaki-s-lapshoi
perekrestok,4424333,"Вок Dostaевский курица терияки-удон замороженный, 320г",matched,3,foodru_70929,Лапша удон с курицей терияки,0.7697,wok,,,,missing_named_components,https://food.ru/recipes/70929-lapsha-udon-s-kuricei-terijaki
perekrestok,4424334,"Вок Dostaевский курица терияки-рис замороженный, 320г",matched,1,foodru_45909,Домашний вок с курицей в соусе «Терияки»,0.767,,,,,,https://food.ru/recipes/45909-domashnii-vok-s-kuricei-v-souse-terijaki
perekrestok,4424334,"Вок Dostaевский курица терияки-рис замороженный, 320г",matched,2,foodru_16557,Вок с курицей терияки,0.8082,rice,,rice,,"missing_named_components, named_ingredient_unconfirmed",https://food.ru/recipes/16557-vok-s-kuricei-terijaki
perekrestok,4424334,"Вок Dostaевский курица терияки-рис замороженный, 320г",matched,3,foodru_103540,Нежная курочка терияки с рисом,0.7668,wok,,,,"dish_family_unconfirmed, missing_named_components",https://food.ru/recipes/103540-nezhnaja-kurochka-terijaki-s-risom
perekrestok,4424335,"Вок Dostaевский со свининой и лапшой удон замороженный, 320г",matched,1,foodru_16558,Лапша вок со свининой,1.0,,,,,,https://food.ru/recipes/16558-lapsha-vok-so-svininoi
perekrestok,4424335,"Вок Dostaевский со свининой и лапшой удон замороженный, 320г",matched,2,foodru_45791,Свинина с лапшой вок с овощами,0.9547,,,,,,https://food.ru/recipes/45791-svinina-s-lapshoi-vok-s-ovoshchami
perekrestok,4424335,"Вок Dostaевский со свининой и лапшой удон замороженный, 320г",matched,3,foodru_157608,Рис со свининой и говядиной,0.3632,"noodles, wok","beef, rice",,,"dish_family_unconfirmed, missing_named_components, extra_recipe_components, low_name_score",https://food.ru/recipes/157608-ris-so-svininoy-i-govyadinoy-1674646804
perekrestok,4424684,"Стейк из форели на пару с отварными овощами Перекрёсток Select, 230г",review,1,foodru_257486,Стейк из форели с овощами,0.6477,"otvar, paru",,,,"dish_family_unconfirmed, missing_named_components, low_name_score",https://food.ru/recipes/257486-steik-iz-foreli-s-ovoshchami-1752610011
perekrestok,4424684,"Стейк из форели на пару с отварными овощами Перекрёсток Select, 230г",review,2,foodru_251041,Форель на пару с овощами в мультиварке,0.5797,"otvar, steik",multivark,,,"dish_family_unconfirmed, missing_named_components, extra_recipe_components, low_name_score",https://food.ru/recipes/251041-forel-na-paru-s-ovoshchami-v-multivarke-1746128156
perekrestok,4424684,"Стейк из форели на пару с отварными овощами Перекрёсток Select, 230г",review,3,foodru_174758,Форель с брокколи на пару,0.4646,"otvar, steik",brokkol,,,"dish_family_unconfirmed, missing_named_components, extra_recipe_components, low_name_score",https://food.ru/recipes/174758-forel-na-paru-s-brokkoli
perekrestok,4424760,"Пеламида Рыбное меню Филе бланшированное в масле, 175г",review,1,foodru_77644,Рыбный салат с маслом,0.7834,"blanshirovann, menu, pelamid",,,,"dish_family_unconfirmed, missing_named_components",https://food.ru/recipes/77644-rybnyi-salat-s-maslom
perekrestok,4424760,"Пеламида Рыбное меню Филе бланшированное в масле, 175г",review,2,foodru_101203,Рыбный салат с макаронами и маслинами,0.7459,"blanshirovann, menu, pelamid",,,,"dish_family_unconfirmed, missing_named_components",https://food.ru/recipes/101203-rybnyi-salat-s-makaronami-i-maslinami
perekrestok,4424760,"Пеламида Рыбное меню Филе бланшированное в масле, 175г",review,3,foodru_76860,Рыбный салат с маслом и тунцом,0.7401,"blanshirovann, menu, pelamid",tuna,,,"dish_family_unconfirmed, missing_named_components, extra_recipe_components",https://food.ru/recipes/76860-rybnyi-salat-s-maslom-i-tuncom
perekrestok,4425835,"Пирог Осетинский с сыром Перекрёсток Select, 200г",review,1,foodru_214256,Осетинский пирог с курицей и сыром,0.9642,,chicken,,,extra_recipe_components,https://food.ru/recipes/214256-osetinskii-pirog-s-kuricei-i-syrom
perekrestok,4425835,"Пирог Осетинский с сыром Перекрёсток Select, 200г",review,2,foodru_46251,Осетинский пирог с картошкой и сыром,0.9565,,potato,cheese,Для начинки и подачи,"mixed_ingredient_group, extra_recipe_components, named_ingredient_unconfirmed",https://food.ru/recipes/46251-osetinskii-pirog-s-kartoshkoi-i-syrom
perekrestok,4425835,"Пирог Осетинский с сыром Перекрёсток Select, 200г",review,3,foodru_121272,Осетинский пирог с сыром и картофелем,0.9565,,potato,,,extra_recipe_components,https://food.ru/recipes/121272-osetinskii-pirog-s-syrom-i-kartofelem-1645963137
perekrestok,4425836,"Пирог Осетинский с сыром Перекрёсток Select, 400г",review,1,foodru_214256,Осетинский пирог с курицей и сыром,0.9642,,chicken,,,extra_recipe_components,https://food.ru/recipes/214256-osetinskii-pirog-s-kuricei-i-syrom
perekrestok,4425836,"Пирог Осетинский с сыром Перекрёсток Select, 400г",review,2,foodru_46251,Осетинский пирог с картошкой и сыром,0.9565,,potato,cheese,Для начинки и подачи,"mixed_ingredient_group, extra_recipe_components, named_ingredient_unconfirmed",https://food.ru/recipes/46251-osetinskii-pirog-s-kartoshkoi-i-syrom
perekrestok,4425836,"Пирог Осетинский с сыром Перекрёсток Select, 400г",review,3,foodru_121272,Осетинский пирог с сыром и картофелем,0.9565,,potato,,,extra_recipe_components,https://food.ru/recipes/121272-osetinskii-pirog-s-syrom-i-kartofelem-1645963137
perekrestok,4425837,"Пирог Осетинский с картофелем и сыром Перекрёсток Select, 200г",matched,1,foodru_121272,Осетинский пирог с сыром и картофелем,1.0,,,,,,https://food.ru/recipes/121272-osetinskii-pirog-s-syrom-i-kartofelem-1645963137
perekrestok,4425837,"Пирог Осетинский с картофелем и сыром Перекрёсток Select, 200г",matched,2,foodru_46251,Осетинский пирог с картошкой и сыром,1.0,,,"cheese, potato",Для начинки и подачи,"mixed_ingredient_group, named_ingredient_unconfirmed",https://food.ru/recipes/46251-osetinskii-pirog-s-kartoshkoi-i-syrom
perekrestok,4425837,"Пирог Осетинский с картофелем и сыром Перекрёсток Select, 200г",matched,3,foodru_214256,Осетинский пирог с курицей и сыром,0.8101,potato,chicken,potato,,"missing_named_components, extra_recipe_components, named_ingredient_unconfirmed",https://food.ru/recipes/214256-osetinskii-pirog-s-kuricei-i-syrom
perekrestok,4427468,"Бефстроганов Слимкафе из курицы с грибами-овощами, 250г",matched,1,foodru_235063,Бефстроганов из курицы с грибами,0.8202,,,,,,https://food.ru/recipes/235063-befstroganov-iz-kuricy-s-gribami
perekrestok,4427468,"Бефстроганов Слимкафе из курицы с грибами-овощами, 250г",matched,2,foodru_179397,Бефстроганов из куриного филе с грибами в сливочном соусе,0.7403,,,,,,https://food.ru/recipes/179397-befstroganov-iz-kurinogo-file-s-gribami-v-slivochnom-souse-1690930944
perekrestok,4427468,"Бефстроганов Слимкафе из курицы с грибами-овощами, 250г",matched,3,foodru_43007,Курица с рисом и овощами,0.4471,beefstroganoff,rice,,,"dish_family_unconfirmed, missing_named_components, extra_recipe_components, low_name_score",https://food.ru/recipes/43007-kurica-s-risom-i-ovoshchami
perekrestok,4427786,"Эклеры Poppies шоколадные мини, 200г",review,1,foodru_47817,Шоколадный эклер,0.9443,poppies,,,,"dish_family_unconfirmed, missing_named_components",https://food.ru/recipes/47817-shokoladnyi-ekler
perekrestok,4427786,"Эклеры Poppies шоколадные мини, 200г",review,2,foodru_42092,Круассаны с шоколадной начинкой,0.3966,"ekler, poppies",croissant,,,"dish_family_unconfirmed, missing_named_components, extra_recipe_components, low_name_score",https://food.ru/recipes/42092-kruassany-s-shokoladnoi-nachinkoi
perekrestok,4427786,"Эклеры Poppies шоколадные мини, 200г",review,3,foodru_116062,Шоколадный маффин,0.393,"ekler, poppies",maffin,,,"dish_family_unconfirmed, missing_named_components, extra_recipe_components, low_name_score",https://food.ru/recipes/116062-shokoladnyi-maffin-1645084097
perekrestok,4428530,"Соус Чесночный майонезный Перекрёсток Select, 30г",matched,1,foodru_783,Сметанно-чесночный соус на майонезе,0.9329,,,,,,https://food.ru/recipes/783-smetanno-chesnochnyi-sous-na-maioneze
perekrestok,4428530,"Соус Чесночный майонезный Перекрёсток Select, 30г",matched,2,foodru_198857,"Соус из чеснока, майонеза и сметаны",0.9329,,,,,,https://food.ru/recipes/198857-sous-chesnok-i-maionez-i-smetankoi-1700155950
perekrestok,4428530,"Соус Чесночный майонезный Перекрёсток Select, 30г",matched,3,foodru_68404,Соус из кетчупа и майонеза с чесноком,0.9201,,ketchup,,,extra_recipe_components,https://food.ru/recipes/68404-sous-iz-ketchupa-i-maioneza-s-chesnokom
perekrestok,4428532,"Соус Чили Сладкий Перекрёсток Select, 30г",matched,1,foodru_231680,Соус «Сладкий чили»,1.0,,,,,,https://food.ru/recipes/231680-sous-sladkii-chili-1728723314
perekrestok,4428532,"Соус Чили Сладкий Перекрёсток Select, 30г",matched,2,foodru_145232,Курица в соусе сладкий чили,0.9651,,chicken,,,extra_recipe_components,https://food.ru/recipes/145232-kuritsa-v-souse-sladkii-chili-1657915074
perekrestok,4428532,"Соус Чили Сладкий Перекрёсток Select, 30г",matched,3,foodru_87898,"Окунь, запеченный в соусе свит чили",0.5336,sladki,"okun, svit",,,"missing_named_components, extra_recipe_components, low_name_score",https://food.ru/recipes/87898-okun-zapechennyi-v-souse-svit-chili
perekrestok,4428533,"Соус Сырный майонезный Перекрёсток Select, 30г",review,1,foodru_68419,Запеченные баклажаны с сырно-майонезным соусом,0.917,,baklazhan,,,extra_recipe_components,https://food.ru/recipes/68419-appetitnye-baklazhany-zapechennye-s-syrno-maioneznym-sousom
perekrestok,4428533,"Соус Сырный майонезный Перекрёсток Select, 30г",review,2,foodru_233653,"Картофель с домашним фаршем, запеченный под сырно-майонезным соусом",0.9124,,"meat, potato",,,extra_recipe_components,https://food.ru/recipes/233653-kartofel-s-domashnim-farshem-zapechennyi-pod-syrno-maioneznym-sousom-1730626453
perekrestok,4428533,"Соус Сырный майонезный Перекрёсток Select, 30г",review,3,foodru_252660,Паровки под сырно-майонезным соусом с зеленью,0.8842,,parovk,,,extra_recipe_components,https://food.ru/recipes/252660-parovki-pod-syrno-maioneznym-sousom-s-zeleniu-1747735444
perekrestok,4428799,"Конвертики с курицей сыром и томатами Перекрёсток Select, 140г",matched,1,foodru_271364,Куриный конвертик с сыром и помидорами,1.0,,,,,,https://food.ru/recipes/271364-kurinyi-konvertik-s-syrom-i-pomidorami-1771402641
perekrestok,4428799,"Конвертики с курицей сыром и томатами Перекрёсток Select, 140г",matched,2,foodru_271811,Конвертик из куриного фарша с томатами и сыром,0.9585,,,tomato,,named_ingredient_unconfirmed,https://food.ru/recipes/271811-kurinye-konvertiki-s-tomatami-i-syrom
perekrestok,4428799,"Конвертики с курицей сыром и томатами Перекрёсток Select, 140г",matched,3,foodru_137741,"Куриное филе, запеченное под сыром и помидорами",0.605,konvertik,zapechenn,,,"dish_family_unconfirmed, missing_named_components, extra_recipe_components, low_name_score",https://food.ru/recipes/137741-kurinoe-file-zapechennoe-pod-syrom-i-pomidorami
perekrestok,4428967,"Тортилья с куриным филе хашбрауном и овощами Перекрёсток Select, 245г",matched,1,foodru_11974,Тортилья с курицей и хашбрауном,0.836,,,,,,https://food.ru/recipes/11974-tortilja-s-kuricei-i-hashbraunom
perekrestok,4428967,"Тортилья с куриным филе хашбрауном и овощами Перекрёсток Select, 245г",matched,2,foodru_11979,Тортилья с хашбрауном,0.7154,chicken,,chicken,,"missing_named_components, named_ingredient_unconfirmed, protein_unconfirmed_in_ingredients, low_name_score",https://food.ru/recipes/11979-tortilja-s-hashbraunom
perekrestok,4428967,"Тортилья с куриным филе хашбрауном и овощами Перекрёсток Select, 245г",matched,3,foodru_2950,Куриные оладьи,0.549,"tortil, vegetable",,,,"missing_named_components, low_name_score",https://food.ru/recipes/2950-kurinye-oladi
perekrestok,4429146,"Риет Меридиан лососевый с миндалем, 100г",review,1,foodru_139341,Риет из лосося с миндалем,0.7803,meridan,,,,"dish_family_unconfirmed, missing_named_components",https://food.ru/recipes/139341-riet-iz-lososja-s-mindalem
perekrestok,4429146,"Риет Меридиан лососевый с миндалем, 100г",review,2,foodru_30157,Риет «Меридиан»,0.6283,mindalem,,,,"dish_family_unconfirmed, missing_named_components, low_name_score",https://food.ru/recipes/30157-riet-meridian
perekrestok,4429146,"Риет Меридиан лососевый с миндалем, 100г",review,3,foodru_16559,Риет из скумбрии,0.2953,"meridan, mindalem, salmon",skumbri,salmon,,"dish_family_unconfirmed, missing_named_components, extra_recipe_components, named_ingredient_unconfirmed, protein_unconfirmed_in_ingredients, low_name_score",https://food.ru/recipes/16559-riet-iz-skumbrii
perekrestok,4429357,"Конвертики с сырным кремом и малиновой начинкой Перекрёсток Select, 140г",review,1,foodru_214216,Малиновый крем с творожным сыром,0.6837,konvertik,cottage_cheese,,,"dish_family_unconfirmed, missing_named_components, extra_recipe_components, low_name_score",https://food.ru/recipes/214216-malinovyi-krem-s-tvorozhnym-syrom-1713343987
perekrestok,4429357,"Конвертики с сырным кремом и малиновой начинкой Перекрёсток Select, 140г",review,2,foodru_195,Конвертики с малиной,0.6685,"cheese, krem",,cheese,,"dish_family_unconfirmed, missing_named_components, named_ingredient_unconfirmed, low_name_score",https://food.ru/recipes/195-konvertiki-s-malinoi
perekrestok,4429357,"Конвертики с сырным кремом и малиновой начинкой Перекрёсток Select, 140г",review,3,foodru_122304,Нежный заварной крем с малиной,0.5191,"cheese, konvertik",zavar,cheese,,"dish_family_unconfirmed, missing_named_components, extra_recipe_components, named_ingredient_unconfirmed, low_name_score",https://food.ru/recipes/122304-nezhnyi-zavarnoi-krem-s-malinoi
perekrestok,4429868,"Кутабы с сыром и помидорами Перекрёсток Select, 150г",review,1,foodru_31508,Кутабы с сыром,0.7675,tomato,,tomato,,"dish_family_unconfirmed, missing_named_components, named_ingredient_unconfirmed",https://food.ru/recipes/31508-kutaby-s-syrom
perekrestok,4429868,"Кутабы с сыром и помидорами Перекрёсток Select, 150г",review,2,foodru_115113,Кутабы с картошкой и сыром,0.7066,tomato,potato,tomato,,"dish_family_unconfirmed, missing_named_components, extra_recipe_components, named_ingredient_unconfirmed, low_name_score",https://food.ru/recipes/115113-kutaby-s-kartoshkoi-i-syrom
perekrestok,4429868,"Кутабы с сыром и помидорами Перекрёсток Select, 150г",review,3,foodru_73328,Кутабы с зеленью и сыром,0.6914,tomato,,tomato,,"dish_family_unconfirmed, missing_named_components, named_ingredient_unconfirmed, low_name_score",https://food.ru/recipes/73328-kutaby-s-zeleniu-i-syrom
perekrestok,4430711,"Лапша с соусом терияки Asiatique, 280г",review,1,foodru_358,Удон с курицей в соусе терияки,0.959,,chicken,,,extra_recipe_components,https://food.ru/recipes/358-udon-s-kuricei-v-souse-terijaki
perekrestok,4430711,"Лапша с соусом терияки Asiatique, 280г",review,2,foodru_25693,Лапша удон с креветками в соусе терияки,0.945,,shrimp,,,extra_recipe_components,https://food.ru/recipes/25693-lapsha-udon-s-krevetkami-v-souse-terijaki
perekrestok,4430711,"Лапша с соусом терияки Asiatique, 280г",review,3,foodru_92503,Индейка с лапшой удон в соусе терияки,0.9416,,turkey,,,extra_recipe_components,https://food.ru/recipes/92503-indeika-s-lapshoi-udon-v-souse-terijaki
perekrestok,4430712,"Курица Терияки Asiatique с рисом, 280г",matched,1,foodru_103540,Нежная курочка терияки с рисом,1.0,,,,,,https://food.ru/recipes/103540-nezhnaja-kurochka-terijaki-s-risom
perekrestok,4430712,"Курица Терияки Asiatique с рисом, 280г",matched,2,foodru_106434,Аппетитная курочка под соусом терияки с рисом,0.9564,,,,,dish_family_unconfirmed,https://food.ru/recipes/106434-appetitnaja-kurochka-pod-sousom-terijaki-s-risom
perekrestok,4430712,"Курица Терияки Asiatique с рисом, 280г",matched,3,foodru_69582,Рисовая лапша с курицей и овощами в соусе терияки,0.8936,,noodles,,,"dish_family_unconfirmed, extra_recipe_components",https://food.ru/recipes/69582-risovaja-lapsha-s-kuricei-i-ovoshchami-v-souse-terijaki
perekrestok,4430713,"Тайское зеленое карри Asiatique с курицей и рисом, 280г",review,1,foodru_249802,Карри с рисом и курицей,0.761,"herbs, taisk",,herbs,,"dish_family_unconfirmed, missing_named_components, named_ingredient_unconfirmed",https://food.ru/recipes/249802-karri-s-risom-i-kuricei
perekrestok,4430713,"Тайское зеленое карри Asiatique с курицей и рисом, 280г",review,2,foodru_208305,Курица с рисом и карри,0.761,"herbs, taisk",,herbs,,"dish_family_unconfirmed, missing_named_components, named_ingredient_unconfirmed",https://food.ru/recipes/208305-kurica-s-risom-i-karri
perekrestok,4430713,"Тайское зеленое карри Asiatique с курицей и рисом, 280г",review,3,foodru_43007,Курица с рисом и овощами,0.4267,"karr, taisk",,,,"dish_family_unconfirmed, missing_named_components, low_name_score",https://food.ru/recipes/43007-kurica-s-risom-i-ovoshchami
perekrestok,4430871,"Лапша с Курицей Терияки Asiatique, 280г",matched,1,foodru_1667,Курица терияки с лапшой,1.0,,,,,,https://food.ru/recipes/1667-kurica-terijaki-s-lapshoi
perekrestok,4430871,"Лапша с Курицей Терияки Asiatique, 280г",matched,2,foodru_70929,Лапша удон с курицей терияки,1.0,,,,,,https://food.ru/recipes/70929-lapsha-udon-s-kuricei-terijaki
perekrestok,4430871,"Лапша с Курицей Терияки Asiatique, 280г",matched,3,foodru_358,Удон с курицей в соусе терияки,0.957,,,,,,https://food.ru/recipes/358-udon-s-kuricei-v-souse-terijaki
perekrestok,4431736,"Дамплинги Bibigo с цельной креветкой замороженные, 200г",review,1,foodru_179070,Сырные дамплинги,0.5632,"bibigo, celn, shrimp",cheese,shrimp,,"dish_family_unconfirmed, missing_named_components, extra_recipe_components, named_ingredient_unconfirmed, protein_unconfirmed_in_ingredients, low_name_score",https://food.ru/recipes/179070-syrnye-damplingi-1690910875
perekrestok,4431736,"Дамплинги Bibigo с цельной креветкой замороженные, 200г",review,2,foodru_271321,Капустные дамплинги,0.5438,"bibigo, celn, shrimp",cabbage,shrimp,,"dish_family_unconfirmed, missing_named_components, extra_recipe_components, named_ingredient_unconfirmed, protein_unconfirmed_in_ingredients, low_name_score",https://food.ru/recipes/271321-kapustnye-damplingi
perekrestok,4431736,"Дамплинги Bibigo с цельной креветкой замороженные, 200г",review,3,foodru_76285,Тост с креветками,0.36,"bibigo, celn, dampling",,,,"dish_family_unconfirmed, missing_named_components, low_name_score",https://food.ru/recipes/76285-tost-s-krevetkami
perekrestok,4431738,"Спринг-роллы Bibigo с кимчи замороженные, 250г",review,1,foodru_54492,Классические спринг-роллы,0.7013,"bibigo, kimch",,,,"missing_named_components, low_name_score",https://food.ru/recipes/54492-klassicheskie-spring-rolly
perekrestok,4431738,"Спринг-роллы Bibigo с кимчи замороженные, 250г",review,2,foodru_54493,Простой рецепт спринг-роллов,0.7013,"bibigo, kimch",,,,"missing_named_components, low_name_score",https://food.ru/recipes/54493-prostoi-recept-spring-rollov
perekrestok,4431738,"Спринг-роллы Bibigo с кимчи замороженные, 250г",review,3,foodru_73531,Кимчи с рисом,0.3919,"bibigo, roll, spring",rice,,,"dish_family_unconfirmed, missing_named_components, extra_recipe_components, low_name_score",https://food.ru/recipes/73531-kimchi-s-risom
perekrestok,4432804,"Соус Махеевъ Бургер-соус, 200г",matched,1,foodru_199707,Классический соус для бургеров,1.0,,,,,,https://food.ru/recipes/199707-klassicheskii-sous-dlia-burgerov-1700187700
perekrestok,4432804,"Соус Махеевъ Бургер-соус, 200г",matched,2,foodru_4537,Соус для бургера,1.0,,,,,,https://food.ru/recipes/4537-sous-dlja-burgera
perekrestok,4432804,"Соус Махеевъ Бургер-соус, 200г",matched,3,foodru_211073,Бургеры с грибным соусом,0.9346,,mushroom,,,extra_recipe_components,https://food.ru/recipes/211073-burgery-s-gribnym-sousom-1710449092
perekrestok,4433332,"Хычин Delis Frost с картошкой и сыром замороженный, 580г",matched,1,foodru_206648,Хычины с сыром и картофелем,1.0,,,,,,https://food.ru/recipes/206648-hychiny-s-syrom-i-kartofelem
perekrestok,4433332,"Хычин Delis Frost с картошкой и сыром замороженный, 580г",matched,2,foodru_157443,Хычин с сыром и картофелем,1.0,,,,,,https://food.ru/recipes/157443-khychin-s-syrom-i-kartofelem-1674645898
perekrestok,4433332,"Хычин Delis Frost с картошкой и сыром замороженный, 580г",matched,3,foodru_171689,Хычины с картофелем и сыром,1.0,,,,,,https://food.ru/recipes/171689-khychiny-s-kartofelem-i-syrom-1686747104
perekrestok,4435181,"Клаб Сэндвич двойной с курицей и беконом Перекрёсток Select, 200г",matched,1,foodru_238773,Хрустящий сэндвич с куриным филе и беконом,1.0,,,,,,https://food.ru/recipes/238773-khrustiashchii-sendvich-s-kurinym-file-i-bekonom-1734848450
perekrestok,4435181,"Клаб Сэндвич двойной с курицей и беконом Перекрёсток Select, 200г",matched,2,foodru_364,Куриное филе в беконе,0.7483,sandwich,,,,"dish_family_unconfirmed, missing_named_components",https://food.ru/recipes/364-kurinoe-file-v-bekone
perekrestok,4435181,"Клаб Сэндвич двойной с курицей и беконом Перекрёсток Select, 200г",matched,3,foodru_90906,Куриное филе в беконе с сыром,0.6924,sandwich,cheese,,,"dish_family_unconfirmed, missing_named_components, extra_recipe_components, low_name_score",https://food.ru/recipes/90906-kurinoe-file-v-bekone-1640981732
perekrestok,4435666,"Салат Мимоза с неркой Перекрёсток Select, 200г",review,1,foodru_88418,Салат «Мимоза»,0.929,nerk,,,,"missing_named_components, unexpected_protein_in_ingredients",https://food.ru/recipes/88418-salat-mimoza
perekrestok,4435666,"Салат Мимоза с неркой Перекрёсток Select, 200г",review,2,foodru_158967,Салат «Мимоза» с тунцом и картофелем,0.8264,nerk,"potato, tuna",,,"missing_named_components, extra_recipe_components, unexpected_protein_in_ingredients",https://food.ru/recipes/158967-salat-mimoza-s-tuncom-i-kartoshkoi
perekrestok,4435666,"Салат Мимоза с неркой Перекрёсток Select, 200г",review,3,foodru_90858,Салат «Мимоза» с консервированной скумбрией,0.803,nerk,"konservirovan, skumbri",,,"missing_named_components, extra_recipe_components",https://food.ru/recipes/90858-salat-mimoza-1640956007
perekrestok,4435872,Стейк из куриной грудки с овощами на гриле Перекрёсток Select 220г,review,1,foodru_181704,Стейки из куриной грудки на гриле,0.8692,vegetable,,,,"dish_family_unconfirmed, missing_named_components",https://food.ru/recipes/181704-steiki-iz-kurinoi-grudki-na-grile-1691479038
perekrestok,4435872,Стейк из куриной грудки с овощами на гриле Перекрёсток Select 220г,review,2,foodru_210170,Куриные стейки в медовой глазури на гриле с овощами,0.7091,breast,"glazur, medov",breast,,"dish_family_unconfirmed, missing_named_components, extra_recipe_components, named_ingredient_unconfirmed, low_name_score",https://food.ru/recipes/210170-steiki-iz-grudki-na-grile-s-ovoshchami
perekrestok,4435872,Стейк из куриной грудки с овощами на гриле Перекрёсток Select 220г,review,3,foodru_127900,Куриные стейки на гриле,0.6758,"breast, vegetable",,breast,,"dish_family_unconfirmed, missing_named_components, named_ingredient_unconfirmed, low_name_score",https://food.ru/recipes/127900-kurinye-steiki-na-grile-1646673319
perekrestok,4436507,"Блинчики с ветчиной и сыром Перекрёсток Select, 160г",matched,1,foodru_106570,Блины с ветчиной и сыром,1.0,,,,,,https://food.ru/recipes/106570-bliny-s-vetchinoi-i-syrom-1643973566
perekrestok,4436507,"Блинчики с ветчиной и сыром Перекрёсток Select, 160г",matched,2,foodru_72111,Блины с ветчиной и сыром,1.0,,,,,,https://food.ru/recipes/72111-bliny-s-vetchinoi-i-syrom
perekrestok,4436507,"Блинчики с ветчиной и сыром Перекрёсток Select, 160г",matched,3,foodru_102304,Завтрак из омлетного блина с ветчиной и сыром,0.8898,,omelette,,,extra_recipe_components,https://food.ru/recipes/102304-zavtrak-iz-omletnogo-blina-s-vetchinoi-i-syrom-1643448028
perekrestok,4436606,"Котлеты из куриной грудки Перекрёсток Select, 160г",review,1,foodru_1352,Куриные котлеты,0.6497,breast,,breast,,"missing_named_components, named_ingredient_unconfirmed, low_name_score",https://food.ru/recipes/1352-kurinye-kotlety
perekrestok,4436606,"Котлеты из куриной грудки Перекрёсток Select, 160г",review,2,foodru_259,Сочные куриные котлетки,0.6497,breast,,breast,,"missing_named_components, named_ingredient_unconfirmed, low_name_score",https://food.ru/recipes/259-sochnye-kurinye-kotletki
perekrestok,4436606,"Котлеты из куриной грудки Перекрёсток Select, 160г",review,3,foodru_181704,Стейки из куриной грудки на гриле,0.6228,cutlet,"gril, steik",,,"dish_family_unconfirmed, missing_named_components, extra_recipe_components, low_name_score",https://food.ru/recipes/181704-steiki-iz-kurinoi-grudki-na-grile-1691479038
perekrestok,4437060,"Лазанья по-милански с курицей и соусом бешамель Перекрёсток Select, 330г",review,1,foodru_89988,"Аппетитная лазанья с курицей, грибами и соусом бешамель",0.9161,milansk,mushroom,,,"missing_named_components, extra_recipe_components",https://food.ru/recipes/89988-appetitnaja-lazanja-s-kuricei-gribami-i-sousom-beshamel
perekrestok,4437060,"Лазанья по-милански с курицей и соусом бешамель Перекрёсток Select, 330г",review,2,foodru_53158,Лазанья с соусом «Бешамель»,0.8333,"chicken, milansk",,chicken,,"missing_named_components, named_ingredient_unconfirmed, protein_unconfirmed_in_ingredients",https://food.ru/recipes/53158-lazanja-s-sousom-beshamel
perekrestok,4437060,"Лазанья по-милански с курицей и соусом бешамель Перекрёсток Select, 330г",review,3,foodru_122516,Лазанья с моцареллой под соусом «Бешамель»,0.7939,"chicken, milansk",cheese,chicken,,"missing_named_components, extra_recipe_components, named_ingredient_unconfirmed, protein_unconfirmed_in_ingredients",https://food.ru/recipes/122516-lazanja-s-mocarelloi-pod-sousom-beshamel
perekrestok,4437080,"Блинчики с ветчиной и сыром Перекрёсток Select, 240г",matched,1,foodru_106570,Блины с ветчиной и сыром,1.0,,,,,,https://food.ru/recipes/106570-bliny-s-vetchinoi-i-syrom-1643973566
perekrestok,4437080,"Блинчики с ветчиной и сыром Перекрёсток Select, 240г",matched,2,foodru_72111,Блины с ветчиной и сыром,1.0,,,,,,https://food.ru/recipes/72111-bliny-s-vetchinoi-i-syrom
perekrestok,4437080,"Блинчики с ветчиной и сыром Перекрёсток Select, 240г",matched,3,foodru_102304,Завтрак из омлетного блина с ветчиной и сыром,0.8898,,omelette,,,extra_recipe_components,https://food.ru/recipes/102304-zavtrak-iz-omletnogo-blina-s-vetchinoi-i-syrom-1643448028
perekrestok,4437243,"Клаб Сэндвич двойной с ветчиной и сыром Перекрёсток Select, 190г",matched,1,foodru_386,Бутерброды с ветчиной и сыром,1.0,,,,,,https://food.ru/recipes/386-buterbrody-s-vetchinoi-i-syrom
perekrestok,4437243,"Клаб Сэндвич двойной с ветчиной и сыром Перекрёсток Select, 190г",matched,2,foodru_25587,Сэндвич с ветчиной и сыром,1.0,,,,,,https://food.ru/recipes/25587-sendvich-s-vetchinoi-i-syrom
perekrestok,4437243,"Клаб Сэндвич двойной с ветчиной и сыром Перекрёсток Select, 190г",matched,3,foodru_1981,Клаб-сэндвич с ветчиной,0.7944,,,,,,https://food.ru/recipes/1981-klab-sendvich-s-vetchinoi
perekrestok,4437462,"Мясо по-французски с курицей и шампиньонами Перекрёсток Select, 190г",matched,1,foodru_101164,Мясо по-французски из куриного бедра с шампиньонами,0.9365,,,,,,https://food.ru/recipes/101164-mjaso-po-francuzski-iz-kurinogo-bedra-s-shampinonami
perekrestok,4437462,"Мясо по-французски с курицей и шампиньонами Перекрёсток Select, 190г",matched,2,foodru_59120,Курица по-французски с шампиньонами,0.8231,meat,,,,"dish_family_unconfirmed, missing_named_components",https://food.ru/recipes/59120-kurica-po-francuzski-s-shampinonami
perekrestok,4437462,"Мясо по-французски с курицей и шампиньонами Перекрёсток Select, 190г",matched,3,foodru_101113,Мясо по-французски из куриного филе,0.8151,mushroom,,mushroom,,"dish_family_unconfirmed, missing_named_components, named_ingredient_unconfirmed",https://food.ru/recipes/101113-mjaso-po-francuzski-iz-kurinogo-file
perekrestok,4437477,"Блинчики с мясом Перекрёсток Select, 240г",matched,1,foodru_15241,Блины с мясом,1.0,,,,,,https://food.ru/recipes/15241-bliny-s-mjasom
perekrestok,4437477,"Блинчики с мясом Перекрёсток Select, 240г",matched,2,foodru_139,Блинчики с мясом,1.0,,,,,,https://food.ru/recipes/139-blinchiki-s-mjasom
perekrestok,4437477,"Блинчики с мясом Перекрёсток Select, 240г",matched,3,foodru_134226,Сытные блины с мясной начинкой,1.0,,,,,,https://food.ru/recipes/134226-sytnye-bliny-s-mjasnoi-nachinkoi
perekrestok,4437971,"Борщ с говядиной Перекрёсток Select, 270г",matched,1,foodru_3047,Борщ с говядиной,1.0,,,,,,https://food.ru/recipes/3047-borshch-s-govjadinoi
perekrestok,4437971,"Борщ с говядиной Перекрёсток Select, 270г",matched,2,foodru_124275,Борщ классический из говядины,1.0,,,,,,https://food.ru/recipes/124275-borshch-klassicheskii-iz-goviadiny-1646066452
perekrestok,4437971,"Борщ с говядиной Перекрёсток Select, 270г",matched,3,foodru_1381,Классический борщ,0.6504,,,,,low_name_score,https://food.ru/recipes/1381-klassicheskii-borshch
perekrestok,4438005,Блинчики с мясом Перекрёсток Select 160г,matched,1,foodru_15241,Блины с мясом,1.0,,,,,,https://food.ru/recipes/15241-bliny-s-mjasom
perekrestok,4438005,Блинчики с мясом Перекрёсток Select 160г,matched,2,foodru_139,Блинчики с мясом,1.0,,,,,,https://food.ru/recipes/139-blinchiki-s-mjasom
perekrestok,4438005,Блинчики с мясом Перекрёсток Select 160г,matched,3,foodru_134226,Сытные блины с мясной начинкой,1.0,,,,,,https://food.ru/recipes/134226-sytnye-bliny-s-mjasnoi-nachinkoi
perekrestok,4438329,"Блинчики с мясом Перекрёсток Select, 400г",matched,1,foodru_15241,Блины с мясом,1.0,,,,,,https://food.ru/recipes/15241-bliny-s-mjasom
perekrestok,4438329,"Блинчики с мясом Перекрёсток Select, 400г",matched,2,foodru_139,Блинчики с мясом,1.0,,,,,,https://food.ru/recipes/139-blinchiki-s-mjasom
perekrestok,4438329,"Блинчики с мясом Перекрёсток Select, 400г",matched,3,foodru_134226,Сытные блины с мясной начинкой,1.0,,,,,,https://food.ru/recipes/134226-sytnye-bliny-s-mjasnoi-nachinkoi
perekrestok,4438505,"Салат сырный Перекрёсток Select, 170г",review,1,foodru_103710,ПП салат с сыром,1.0,,,,,unexpected_protein_in_ingredients,https://food.ru/recipes/103710-pp-salat-s-syrom
perekrestok,4438505,"Салат сырный Перекрёсток Select, 170г",review,2,foodru_44106,Сырный салат,1.0,,,,,unexpected_protein_in_ingredients,https://food.ru/recipes/44106-syrnyi-salat
perekrestok,4438505,"Салат сырный Перекрёсток Select, 170г",review,3,foodru_103757,ПП салат с брынзой,1.0,,,,,unexpected_protein_in_ingredients,https://food.ru/recipes/103757-pp-salat-s-brynzoi
perekrestok,4438506,"Винегрет овощной с маслом Перекрёсток Select, 170г",matched,1,foodru_207474,Винегрет с овощами на оливковом масле,0.9249,,,,,,https://food.ru/recipes/207474-vinegret-s-ovoshchami-na-olivkovom-masle-1706008749
perekrestok,4438506,"Винегрет овощной с маслом Перекрёсток Select, 170г",matched,2,foodru_105915,Винегрет с маслинами,0.7896,,,,,,https://food.ru/recipes/105915-vinegret-s-maslinami
perekrestok,4438506,"Винегрет овощной с маслом Перекрёсток Select, 170г",matched,3,foodru_269490,Винегрет с кунжутным маслом,0.7032,,kunzhut,,,"extra_recipe_components, low_name_score",https://food.ru/recipes/269490-vinegret-s-kunzhutnym-maslom-1766249916
perekrestok,4438507,Салат Оливье Перекрёсток Select 170г,matched,1,foodru_59226,Классический салат оливье,1.0,,,,,,https://food.ru/recipes/59226-klassicheskii-salat-olive
perekrestok,4438507,Салат Оливье Перекрёсток Select 170г,matched,2,foodru_96382,Нежный салат «Оливье»,1.0,,,,,,https://food.ru/recipes/96382-nezhnyi-salat-olive
perekrestok,4438507,Салат Оливье Перекрёсток Select 170г,matched,3,foodru_178788,Салат оливье с вареной говядиной и соленым огурцом,0.8433,,"beef, cucumber, sole, vare",,,extra_recipe_components,https://food.ru/recipes/178788-salat-olive-s-goviadinoi-i-solionym-ogurtsom-1690901910
perekrestok,4438509,Салат с копчёной курицей-яблоками-орехами-сельдереем Перекрёсток Select 170г,review,1,foodru_87550,Салат из копченой курицы с сельдереем,0.7048,"apple, nuts",,"apple, nuts",,"missing_named_components, named_ingredient_unconfirmed, low_name_score",https://food.ru/recipes/87550-salat-iz-kopchenoi-kuricy-s-seldereem
perekrestok,4438509,Салат с копчёной курицей-яблоками-орехами-сельдереем Перекрёсток Select 170г,review,2,foodru_271808,"Салат с копченой курицей, картофелем и сельдереем",0.6686,"apple, nuts",potato,"apple, nuts",,"missing_named_components, extra_recipe_components, named_ingredient_unconfirmed, low_name_score",https://food.ru/recipes/271808-salat-s-kopchenoi-kuricei-kartofelem-i-seldereem
perekrestok,4438509,Салат с копчёной курицей-яблоками-орехами-сельдереем Перекрёсток Select 170г,review,3,foodru_129309,Рулетики из баклажанов с ореховой начинкой,0.2189,"apple, chicken, herring, kopche, salad","baklazhan, ruletik","apple, chicken, herring",,"dish_family_unconfirmed, missing_named_components, extra_recipe_components, named_ingredient_unconfirmed, protein_unconfirmed_in_ingredients, low_name_score",https://food.ru/recipes/129309-ruletiki-iz-baklazhan-s-orekhovoi-nachinkoi-1647332915
perekrestok,4438510,Салат Оливье с говядиной Перекрёсток Select 170г,matched,1,foodru_2160,Оливье с говядиной,0.8133,,,,,,https://food.ru/recipes/2160-olive-s-govjadinoi
perekrestok,4438510,Салат Оливье с говядиной Перекрёсток Select 170г,matched,2,foodru_178788,Салат оливье с вареной говядиной и соленым огурцом,0.8734,,"cucumber, sole, vare",,,extra_recipe_components,https://food.ru/recipes/178788-salat-olive-s-goviadinoi-i-solionym-ogurtsom-1690901910
perekrestok,4438510,Салат Оливье с говядиной Перекрёсток Select 170г,matched,3,foodru_132012,"Салат оливье с перепелиными яйцами, абрикосами и говядиной",0.8679,,"aicam, apricot, perepeli",,,extra_recipe_components,https://food.ru/recipes/132012-salat-olive-s-perepelinymi-jaicami-abrikosami-i-govjadinoi
perekrestok,4438649,"Суп куриный с фрикадельками Перекрёсток Select, 280г",matched,1,foodru_88695,Суп с куриными фрикадельками,1.0,,,,,,https://food.ru/recipes/88695-sup-s-kurinymi-frikadelkami
perekrestok,4438649,"Суп куриный с фрикадельками Перекрёсток Select, 280г",matched,2,foodru_107705,Суп с куриными фрикадельками,1.0,,,,,,https://food.ru/recipes/107705-sup-s-kurinymi-frikadelkami-1644245454
perekrestok,4438649,"Суп куриный с фрикадельками Перекрёсток Select, 280г",matched,3,foodru_59525,Куриный суп с домашней лапшой,0.588,meatball,noodles,,,"missing_named_components, extra_recipe_components, low_name_score",https://food.ru/recipes/59525-kurinyi-sup-s-domashnei-lapshoi
perekrestok,4438651,"Котлета из говядины с соусом из белых грибов и картофельным пюре Перекрёсток Select, 280г",review,1,foodru_102098,Картофельное пюре с говядиной и грибами,0.7417,"belyh, cutlet, sauce",,,,"dish_family_unconfirmed, missing_named_components",https://food.ru/recipes/102098-kartofelnoe-piure-s-govjadinoi-i-gribami
perekrestok,4438651,"Котлета из говядины с соусом из белых грибов и картофельным пюре Перекрёсток Select, 280г",review,2,foodru_110445,Котлеты «Сочные» с картофельным пюре,0.6106,"belyh, mushroom, sauce",,"mushroom, potato",,"missing_named_components, named_ingredient_unconfirmed, low_name_score",https://food.ru/recipes/110445-kotlety-sochnye-s-kartofelnym-piure-1644669917
perekrestok,4438651,"Котлета из говядины с соусом из белых грибов и картофельным пюре Перекрёсток Select, 280г",review,3,foodru_109435,Котлетки из картофельного пюре,0.6106,"beef, belyh, mushroom, sauce",,"beef, mushroom",,"missing_named_components, named_ingredient_unconfirmed, protein_unconfirmed_in_ingredients, low_name_score",https://food.ru/recipes/109435-kotletki-iz-kartofelnogo-piure
perekrestok,4439261,"Филе минтая под маринадом Перекрёсток Select, 200г",matched,1,foodru_144862,Минтай под маринадом,1.0,,,,,,https://food.ru/recipes/144862-mintai-pod-marinadom-1657908059
perekrestok,4439261,"Филе минтая под маринадом Перекрёсток Select, 200г",matched,2,foodru_197561,Минтай в микроволновке,0.4766,marinad,mikrovolnovk,,,"dish_family_unconfirmed, missing_named_components, extra_recipe_components, low_name_score",https://food.ru/recipes/197561-mintai-v-marinade
perekrestok,4440000,"Зразы картофельные со шпинатом и грибами замороженные Зелёная Линия, 500г",review,1,foodru_30092,Картофельные зразы с грибами,0.5416,"herbs, lina, spinach",,"herbs, spinach",,"dish_family_unconfirmed, missing_named_components, named_ingredient_unconfirmed, low_name_score",https://food.ru/recipes/30092-kartofelnye-zrazy-s-gribami
perekrestok,4440000,"Зразы картофельные со шпинатом и грибами замороженные Зелёная Линия, 500г",review,2,foodru_43261,Домашние картофельные зразы с грибами,0.5416,"lina, spinach",,spinach,,"dish_family_unconfirmed, missing_named_components, named_ingredient_unconfirmed, low_name_score",https://food.ru/recipes/43261-domashnie-kartofelnye-zrazy-s-gribami
perekrestok,4440000,"Зразы картофельные со шпинатом и грибами замороженные Зелёная Линия, 500г",review,3,foodru_1426,Картофельные зразы,0.4471,"herbs, lina, mushroom, spinach",,"herbs, mushroom, spinach",,"dish_family_unconfirmed, missing_named_components, named_ingredient_unconfirmed, low_name_score",https://food.ru/recipes/1426-kartofelnye-zrazy
perekrestok,4440025,"Галеты из брокколи постные замороженные Зелёная Линия, 300г",review,1,foodru_126165,Постные галеты,0.5626,"brokkol, herbs, lina",,herbs,Для начинки и подачи,"mixed_ingredient_group, dish_family_unconfirmed, missing_named_components, named_ingredient_unconfirmed, low_name_score",https://food.ru/recipes/126165-postnye-galety
perekrestok,4440025,"Галеты из брокколи постные замороженные Зелёная Линия, 300г",review,2,foodru_91406,Котлеты из линя,0.3203,"brokkol, galet, herbs, postn",cutlet,herbs,,"dish_family_unconfirmed, missing_named_components, extra_recipe_components, named_ingredient_unconfirmed, low_name_score",https://food.ru/recipes/91406-kotlety-i-linia-1641538649
perekrestok,4440025,"Галеты из брокколи постные замороженные Зелёная Линия, 300г",review,3,foodru_87141,Индейка с брокколи,0.2612,"galet, lina, postn",turkey,,,"dish_family_unconfirmed, missing_named_components, extra_recipe_components, low_name_score",https://food.ru/recipes/87141-indeika-s-brokkoli
perekrestok,4440026,"Галеты из цветной капусты постные замороженные Зелёная Линия, 300г",review,1,foodru_126111,Постные котлеты из цветной капусты,0.5413,"galet, lina",cutlet,,,"dish_family_unconfirmed, missing_named_components, extra_recipe_components, low_name_score",https://food.ru/recipes/126111-postnye-kotlety-iz-cvetnoi-kapusty
perekrestok,4440026,"Галеты из цветной капусты постные замороженные Зелёная Линия, 300г",review,2,foodru_126165,Постные галеты,0.5177,"cabbage, cvet, herbs, lina",,"cabbage, herbs",Для начинки и подачи,"mixed_ingredient_group, dish_family_unconfirmed, missing_named_components, named_ingredient_unconfirmed, low_name_score",https://food.ru/recipes/126165-postnye-galety
perekrestok,4440026,"Галеты из цветной капусты постные замороженные Зелёная Линия, 300г",review,3,foodru_239450,«Рис» из цветной капусты,0.3793,"galet, lina, postn",rice,,,"dish_family_unconfirmed, missing_named_components, extra_recipe_components, low_name_score",https://food.ru/recipes/239450-ris-iz-cvetnoi-kapusty
perekrestok,4441218,"Соус Медово-Горчичный Перекрёсток Select, 30г",matched,1,foodru_203589,Медово-горчичный соус,1.0,,,,,,https://food.ru/recipes/203589-sous-medovo-gorchichnyi
perekrestok,4441218,"Соус Медово-Горчичный Перекрёсток Select, 30г",matched,2,foodru_121966,Домашний медово-горчичный соус,1.0,,,,,,https://food.ru/recipes/121966-domashnii-medovo-gorchichnyi-sous
perekrestok,4441218,"Соус Медово-Горчичный Перекрёсток Select, 30г",matched,3,foodru_80510,Сосиски с майонезно-горчичным соусом,0.544,medovo,"maionezno, sausage",,,"missing_named_components, extra_recipe_components, low_name_score",https://food.ru/recipes/80510-sosiski-s-maionezno-gorchichnym-sousom
perekrestok,4441220,"Соус Сальса Перекрёсток Select, 30г",matched,1,foodru_706,Соус «Сальса»,1.0,,,,,,https://food.ru/recipes/706-sous-salsa
perekrestok,4441220,"Соус Сальса Перекрёсток Select, 30г",matched,2,foodru_227672,Простой соус «Сальса»,1.0,,,,,,https://food.ru/recipes/227672-prostoi-sous-salsa
perekrestok,4441220,"Соус Сальса Перекрёсток Select, 30г",matched,3,foodru_3177,Томатный соус,0.3424,sals,tomato,,,"missing_named_components, extra_recipe_components, low_name_score",https://food.ru/recipes/3177-tomatnyi-sous
perekrestok,4441233,Салат из свеклы с чесноком Перекрёсток Select 170г,matched,1,foodru_128262,Свекольный салат с чесноком,1.0,,,,,,https://food.ru/recipes/128262-svekolnyi-salat-s-chesnokom-1646835569
perekrestok,4441233,Салат из свеклы с чесноком Перекрёсток Select 170г,matched,2,foodru_72147,Салат из свеклы с чесноком,1.0,,,,,,https://food.ru/recipes/72147-salat-iz-svekly-s-chesnokom
perekrestok,4441233,Салат из свеклы с чесноком Перекрёсток Select 170г,matched,3,foodru_77596,Свекольный салат,0.7094,,,,,low_name_score,https://food.ru/recipes/77596-svekolnyi-salat
perekrestok,4441234,Плов с курицей Перекрёсток Select 200г,matched,1,foodru_1447,Плов с курицей,1.0,,,,,,https://food.ru/recipes/1447-plov-s-kuricei
perekrestok,4441234,Плов с курицей Перекрёсток Select 200г,matched,2,foodru_54203,Нежный плов с курицей,1.0,,,,,,https://food.ru/recipes/54203-nezhnyi-plov-s-kuricei
perekrestok,4441234,Плов с курицей Перекрёсток Select 200г,matched,3,foodru_364,Куриное филе в беконе,0.3008,pilaf,bacon,,,"dish_family_unconfirmed, missing_named_components, extra_recipe_components, low_name_score",https://food.ru/recipes/364-kurinoe-file-v-bekone
perekrestok,4441235,"Плов с курицей Перекрёсток Select, 500г",matched,1,foodru_1447,Плов с курицей,1.0,,,,,,https://food.ru/recipes/1447-plov-s-kuricei
perekrestok,4441235,"Плов с курицей Перекрёсток Select, 500г",matched,2,foodru_54203,Нежный плов с курицей,1.0,,,,,,https://food.ru/recipes/54203-nezhnyi-plov-s-kuricei
perekrestok,4441235,"Плов с курицей Перекрёсток Select, 500г",matched,3,foodru_364,Куриное филе в беконе,0.3008,pilaf,bacon,,,"dish_family_unconfirmed, missing_named_components, extra_recipe_components, low_name_score",https://food.ru/recipes/364-kurinoe-file-v-bekone
perekrestok,4442431,Суп-лапша грибная Перекрёсток Select 250г,review,1,foodru_112852,Суп-лапша с грибами,1.0,,,mushroom,,named_ingredient_unconfirmed,https://food.ru/recipes/112852-sup-lapsha-s-gribami
perekrestok,4442431,Суп-лапша грибная Перекрёсток Select 250г,review,2,foodru_168433,Суп-лапша с грибами на курином бульоне,0.9113,,"bulon, chicken",,,extra_recipe_components,https://food.ru/recipes/168433-sup-lapsha-s-gribami-1681360166
perekrestok,4442431,Суп-лапша грибная Перекрёсток Select 250г,review,3,foodru_59525,Куриный суп с домашней лапшой,0.7022,mushroom,chicken,mushroom,,"missing_named_components, extra_recipe_components, named_ingredient_unconfirmed, low_name_score",https://food.ru/recipes/59525-kurinyi-sup-s-domashnei-lapshoi
perekrestok,4442571,"Хычин Delis Frost с сыром и зеленью замороженный, 580г",matched,1,foodru_259047,Хычины с сыром и зеленью,1.0,,,,,,https://food.ru/recipes/259047-khychiny-s-syrom-i-zeleniu-1754420250
perekrestok,4442571,"Хычин Delis Frost с сыром и зеленью замороженный, 580г",matched,2,foodru_47909,Хычины с зеленью,0.827,cheese,,"cheese, herbs","Для начинки, соуса и подачи","mixed_ingredient_group, dish_family_unconfirmed, missing_named_components, named_ingredient_unconfirmed",https://food.ru/recipes/47909-hychiny-s-zeleniu
perekrestok,4442571,"Хычин Delis Frost с сыром и зеленью замороженный, 580г",matched,3,foodru_47907,Хычины с сыром,0.7174,herbs,,"cheese, herbs",Для начинки и подачи,"mixed_ingredient_group, dish_family_unconfirmed, missing_named_components, named_ingredient_unconfirmed, low_name_score",https://food.ru/recipes/47907-hychiny-s-syrom
perekrestok,4442610,"Харчо Перекрёсток Select, 250г",matched,1,foodru_84176,Суп а-ля харчо,0.9095,,,,,,https://food.ru/recipes/84176-sup-a-lja-harcho
perekrestok,4442610,"Харчо Перекрёсток Select, 250г",matched,2,foodru_106667,Харчо сытный со специями,0.892,,spec,,,extra_recipe_components,https://food.ru/recipes/106667-kharcho-1643997336
perekrestok,4442610,"Харчо Перекрёсток Select, 250г",matched,3,foodru_103297,Насыщенный суп харчо,0.8555,,nasyshch,,,extra_recipe_components,https://food.ru/recipes/103297-sup-kharcho-1643638296
perekrestok,4443011,"Салат пикантный с сыром Перекрёсток Select, 170г",review,1,foodru_229067,Пикантный салат с сыром,1.0,,,,,unexpected_protein_in_ingredients,https://food.ru/recipes/229067-pikantnyi-salat-s-syrom-liebendorf-1726576823
perekrestok,4443011,"Салат пикантный с сыром Перекрёсток Select, 170г",review,2,foodru_197177,Салат «Пикантный» с сыром и ананасом,0.9233,,pineapple,,,extra_recipe_components,https://food.ru/recipes/197177-salat-pikantnyi-s-syrom-i-ananasom-1698680693
perekrestok,4443011,"Салат пикантный с сыром Перекрёсток Select, 170г",review,3,foodru_59908,Пикантный салат с адыгейским сыром,0.9186,,adygeiskim,,,extra_recipe_components,https://food.ru/recipes/59908-pikantnyi-salat-s-adygeiskim-syrom
perekrestok,4443041,"Салат из свёклы с черносливом Перекрёсток Select, 170г",matched,1,foodru_166031,Салат из свеклы и чернослива,1.0,,,,,,https://food.ru/recipes/166031-salat-iz-svekly-i-chernosliva-1681310707
perekrestok,4443041,"Салат из свёклы с черносливом Перекрёсток Select, 170г",matched,2,foodru_194846,Салат «Свекла с черносливом»,1.0,,,,,,https://food.ru/recipes/194846-salat-svekla-s-chernoslivom-1697462377
perekrestok,4443041,"Салат из свёклы с черносливом Перекрёсток Select, 170г",matched,3,foodru_77596,Свекольный салат,0.6491,,,,,low_name_score,https://food.ru/recipes/77596-svekolnyi-salat
perekrestok,4443506,"Филе цыплёнка су-вид слайсами Зелёная Линия, 130г",review,1,foodru_190046,Сэндвич-ролл с курочкой су-вид,0.3662,"herbs, lina, slais",roll,herbs,,"dish_family_unconfirmed, missing_named_components, extra_recipe_components, named_ingredient_unconfirmed, low_name_score",https://food.ru/recipes/190046-sendvich-roll-s-kurochkoi-su-vid-1696012333
perekrestok,4443506,"Филе цыплёнка су-вид слайсами Зелёная Линия, 130г",review,2,foodru_91406,Котлеты из линя,0.3377,"chicken, herbs, slais, vid",cutlet,"chicken, herbs",,"dish_family_unconfirmed, missing_named_components, extra_recipe_components, named_ingredient_unconfirmed, protein_unconfirmed_in_ingredients, low_name_score",https://food.ru/recipes/91406-kotlety-i-linia-1641538649
perekrestok,4443506,"Филе цыплёнка су-вид слайсами Зелёная Линия, 130г",review,3,foodru_244122,"Омлет с куриной ветчиной, укропом, помидорами и сыром",0.2773,"lina, slais, vid","cheese, ham, omelette, tomato",,,"dish_family_unconfirmed, missing_named_components, extra_recipe_components, low_name_score",https://food.ru/recipes/244122-omlet-s-kurinoi-vetchinoi-ukropom-pomidorami-i-syrom-1739422360
perekrestok,4443645,"Салат Коул Слоу капустный Перекрёсток Select, 170г",matched,1,foodru_244050,Капустный салат «Коул слоу»,1.0,,,,,,https://food.ru/recipes/244050-kapustnyi-salat-koul-slou-1739376579
perekrestok,4443645,"Салат Коул Слоу капустный Перекрёсток Select, 170г",matched,2,foodru_133576,Классический салат коул слоу с пекинской капустой,0.9509,,pekinsk,,,extra_recipe_components,https://food.ru/recipes/133576-klassicheskii-salat-koul-slou-s-pekinskoi-kapustoi
perekrestok,4443645,"Салат Коул Слоу капустный Перекрёсток Select, 170г",matched,3,foodru_228239,Салат из корейской капусты,0.4157,"koul, slou",korean,,,"missing_named_components, extra_recipe_components, low_name_score",https://food.ru/recipes/228239-salat-iz-koreiskoi-kapusty-1726038381
perekrestok,4443653,"Биточек куриный со спагетти в томатном соусе Перекрёсток Select, 315г",review,1,foodru_187270,Котлеты из куриного фарша в томатно-сметанном соусе,0.7392,pasta,,,,"missing_named_components, side_dish_unconfirmed",https://food.ru/recipes/187270-kotlety-iz-kurinogo-farsha-v-tomatno-smetannom-souse-1694414444
perekrestok,4443653,"Биточек куриный со спагетти в томатном соусе Перекрёсток Select, 315г",review,2,foodru_193683,Котлеты из куриного фарша в соусе из свежих помидоров,0.7303,pasta,svezhih,,,"missing_named_components, extra_recipe_components, side_dish_unconfirmed",https://food.ru/recipes/193683-kotlety-iz-kurinogo-farsha-v-souse-iz-svezhikh-pomidor-1697257213
perekrestok,4443653,"Биточек куриный со спагетти в томатном соусе Перекрёсток Select, 315г",review,3,foodru_105537,Спагетти с куриными котлетками для детей и взрослых,0.5699,"sauce, tomato","dete, vzroslyh",tomato,,"missing_named_components, extra_recipe_components, named_ingredient_unconfirmed, named_sauce_component_unconfirmed, side_dish_unconfirmed, low_name_score",https://food.ru/recipes/105537-spagetti-s-kurinymi-kotletkami-1643892486
perekrestok,4443654,"Салат из морской капусты с крабовыми палочками Перекрёсток Select, 170г",matched,1,foodru_122887,Классический салат из морской капусты с крабовыми палочками,1.0,,,,,,https://food.ru/recipes/122887-klassicheskii-salat-iz-morskoi-kapusty-s-krabovymi-palochkami
perekrestok,4443654,"Салат из морской капусты с крабовыми палочками Перекрёсток Select, 170г",matched,2,foodru_228771,Салат с крабовыми палочками и морской капустой,1.0,,,,,,https://food.ru/recipes/228771-salat-s-krabovymi-palochkami-i-morskoi-kapustoi-1726418422
perekrestok,4443654,"Салат из морской капусты с крабовыми палочками Перекрёсток Select, 170г",matched,3,foodru_260930,Салат из морской капусты с чесноком и майонезом,0.5455,"crab, paloch",maionez,crab,,"missing_named_components, extra_recipe_components, named_ingredient_unconfirmed, protein_unconfirmed_in_ingredients, low_name_score",https://food.ru/recipes/260930-salat-iz-morskoi-kapusty-s-chesnokom-i-maionezom
perekrestok,4443937,Сырники запечённые Перекрёсток Select 220г,matched,1,foodru_411,Сырники классические,1.0,,,,,,https://food.ru/recipes/411-syrniki-klassicheskie
perekrestok,4443937,Сырники запечённые Перекрёсток Select 220г,matched,2,foodru_71337,Жареные сырники,1.0,,,,,,https://food.ru/recipes/71337-zharenye-syrniki
perekrestok,4443937,Сырники запечённые Перекрёсток Select 220г,matched,3,foodru_77935,Сырники без сахара,0.878,,,,,,https://food.ru/recipes/77935-syrniki-bez-sahara
perekrestok,4443973,"Сырники запечённые Перекрёсток Select, 110г",matched,1,foodru_411,Сырники классические,1.0,,,,,,https://food.ru/recipes/411-syrniki-klassicheskie
perekrestok,4443973,"Сырники запечённые Перекрёсток Select, 110г",matched,2,foodru_71337,Жареные сырники,1.0,,,,,,https://food.ru/recipes/71337-zharenye-syrniki
perekrestok,4443973,"Сырники запечённые Перекрёсток Select, 110г",matched,3,foodru_77935,Сырники без сахара,0.878,,,,,,https://food.ru/recipes/77935-syrniki-bez-sahara
perekrestok,4444017,"Макароны с сыром и зеленью Перекрёсток Select, 200г",matched,1,foodru_248618,Спагетти с сыром и зеленью к ужину,0.9275,,,,,,https://food.ru/recipes/248618-spagetti-s-syrom-i-zeleniu-1743600668
perekrestok,4444017,"Макароны с сыром и зеленью Перекрёсток Select, 200г",matched,2,foodru_121494,Спагетти с сыром и зеленью,1.0,,,herbs,,named_ingredient_unconfirmed,https://food.ru/recipes/121494-spagetti-s-syrom-i-zeleniu-1645986122
perekrestok,4444017,"Макароны с сыром и зеленью Перекрёсток Select, 200г",matched,3,foodru_30201,Макароны с сыром,0.6758,herbs,,herbs,,"missing_named_components, named_ingredient_unconfirmed, low_name_score",https://food.ru/recipes/30201-makarony-s-syrom
perekrestok,4444231,"Чумокпаб Hanok из риса с кимчи и сыром, 100г",review,1,foodru_73531,Кимчи с рисом,0.786,"cheese, chumokpab",,cheese,,"dish_family_unconfirmed, missing_named_components, named_ingredient_unconfirmed",https://food.ru/recipes/73531-kimchi-s-risom
perekrestok,4444231,"Чумокпаб Hanok из риса с кимчи и сыром, 100г",review,2,foodru_250409,Кимчи с грибами и рисом,0.7263,"cheese, chumokpab",mushroom,cheese,,"dish_family_unconfirmed, missing_named_components, extra_recipe_components, named_ingredient_unconfirmed",https://food.ru/recipes/250409-kimchi-s-gribami-i-risom-1745579962
perekrestok,4444231,"Чумокпаб Hanok из риса с кимчи и сыром, 100г",review,3,foodru_80414,Кимчи из пекинской капусты,0.4231,"cheese, chumokpab, rice","cabbage, pekinsk","cheese, rice",,"dish_family_unconfirmed, missing_named_components, extra_recipe_components, named_ingredient_unconfirmed, low_name_score",https://food.ru/recipes/80414-kimchi-iz-pekinskoi-kapusty
perekrestok,4444232,"Чумокпаб Hanok из риса с филе тунца и майонезом замороженный, 100г",review,1,foodru_61926,Жареный рис с тунцом,0.6852,"chumokpab, maionez",,,,"dish_family_unconfirmed, missing_named_components, low_name_score",https://food.ru/recipes/61926-zharenyi-ris-s-tuncom
perekrestok,4444232,"Чумокпаб Hanok из риса с филе тунца и майонезом замороженный, 100г",review,2,foodru_61858,Салат с консервированным тунцом и майонезом,0.6257,"chumokpab, rice",konservirovan,rice,,"dish_family_unconfirmed, missing_named_components, extra_recipe_components, named_ingredient_unconfirmed, low_name_score",https://food.ru/recipes/61858-salat-s-konservirovannym-tuncom-i-maionezom
perekrestok,4444232,"Чумокпаб Hanok из риса с филе тунца и майонезом замороженный, 100г",review,3,foodru_59216,Вкусный жареный тунец,0.467,"chumokpab, maionez, rice",,rice,,"dish_family_unconfirmed, missing_named_components, named_ingredient_unconfirmed, low_name_score",https://food.ru/recipes/59216-vkusnyi-zharenyi-tunec
perekrestok,4444310,"Рис Hanok жареный с кимчи и сыром замороженный, 300г",review,1,foodru_73531,Кимчи с рисом,0.8258,cheese,,cheese,,"dish_family_unconfirmed, missing_named_components, named_ingredient_unconfirmed",https://food.ru/recipes/73531-kimchi-s-risom
perekrestok,4444310,"Рис Hanok жареный с кимчи и сыром замороженный, 300г",review,2,foodru_250409,Кимчи с грибами и рисом,0.7661,cheese,mushroom,cheese,,"dish_family_unconfirmed, missing_named_components, extra_recipe_components, named_ingredient_unconfirmed",https://food.ru/recipes/250409-kimchi-s-gribami-i-risom-1745579962
perekrestok,4444310,"Рис Hanok жареный с кимчи и сыром замороженный, 300г",review,3,foodru_80414,Кимчи из пекинской капусты,0.447,"cheese, rice","cabbage, pekinsk","cheese, rice",,"dish_family_unconfirmed, missing_named_components, extra_recipe_components, named_ingredient_unconfirmed, low_name_score",https://food.ru/recipes/80414-kimchi-iz-pekinskoi-kapusty
perekrestok,4444311,"Рис Hanok жареный с кимчи и сыром замороженный, 300г",review,1,foodru_73531,Кимчи с рисом,0.8258,cheese,,cheese,,"dish_family_unconfirmed, missing_named_components, named_ingredient_unconfirmed",https://food.ru/recipes/73531-kimchi-s-risom
perekrestok,4444311,"Рис Hanok жареный с кимчи и сыром замороженный, 300г",review,2,foodru_250409,Кимчи с грибами и рисом,0.7661,cheese,mushroom,cheese,,"dish_family_unconfirmed, missing_named_components, extra_recipe_components, named_ingredient_unconfirmed",https://food.ru/recipes/250409-kimchi-s-gribami-i-risom-1745579962
perekrestok,4444311,"Рис Hanok жареный с кимчи и сыром замороженный, 300г",review,3,foodru_80414,Кимчи из пекинской капусты,0.447,"cheese, rice","cabbage, pekinsk","cheese, rice",,"dish_family_unconfirmed, missing_named_components, extra_recipe_components, named_ingredient_unconfirmed, low_name_score",https://food.ru/recipes/80414-kimchi-iz-pekinskoi-kapusty
perekrestok,4444312,"Рис Hanok жареный с кимчи замороженный, 300г",matched,1,foodru_73531,Кимчи с рисом,1.0,,,,,,https://food.ru/recipes/73531-kimchi-s-risom
perekrestok,4444312,"Рис Hanok жареный с кимчи замороженный, 300г",matched,2,foodru_250409,Кимчи с грибами и рисом,0.9402,,mushroom,,,"dish_family_unconfirmed, extra_recipe_components",https://food.ru/recipes/250409-kimchi-s-gribami-i-risom-1745579962
perekrestok,4444312,"Рис Hanok жареный с кимчи замороженный, 300г",matched,3,foodru_80414,Кимчи из пекинской капусты,0.5517,rice,"cabbage, pekinsk",rice,,"dish_family_unconfirmed, missing_named_components, extra_recipe_components, named_ingredient_unconfirmed, low_name_score",https://food.ru/recipes/80414-kimchi-iz-pekinskoi-kapusty
perekrestok,4444373,"Салат с тунцом и эстрагоном Перекрёсток Select, 170г",review,1,foodru_1424,Салат с тунцом,0.9164,estragon,,,,missing_named_components,https://food.ru/recipes/1424-salat-s-tuncom
perekrestok,4444373,"Салат с тунцом и эстрагоном Перекрёсток Select, 170г",review,2,foodru_2508,Классический салат с тунцом,0.9164,estragon,,,,missing_named_components,https://food.ru/recipes/2508-klassicheskii-salat-s-tuncom
perekrestok,4444373,"Салат с тунцом и эстрагоном Перекрёсток Select, 170г",review,3,foodru_57970,Нежный салат с тунцом и картофелем,0.848,estragon,potato,,,"missing_named_components, extra_recipe_components",https://food.ru/recipes/57970-nezhnyi-salat-s-tuncom-i-kartofelem
perekrestok,4444374,"Салат Грибное Лукошко Перекрёсток Select, 150г",review,1,foodru_236668,"Нежный салат с морковью, луком и грибамм",0.9351,,carrot,,,extra_recipe_components,https://food.ru/recipes/236668-nezhnyi-salat-s-morkoviu-lukom-i-gribamm-1733308276
perekrestok,4444374,"Салат Грибное Лукошко Перекрёсток Select, 150г",review,2,foodru_51368,Салат с маринованным луком и грибами,0.9227,,marinovan,,,"extra_recipe_components, unexpected_protein_in_ingredients",https://food.ru/recipes/51368-salat-s-marinovannym-lukom-i-gribami
perekrestok,4444374,"Салат Грибное Лукошко Перекрёсток Select, 150г",review,3,foodru_257403,"Салат «Грибное лукошко» с шампиньонами, овощами и сыром",0.9216,,cheese,,,"extra_recipe_components, unexpected_protein_in_ingredients",https://food.ru/recipes/257403-salat-gribnoe-lukoshko-1752513289
perekrestok,4444865,"Уха по-фински Перекрёсток Select, 270г",matched,1,foodru_112822,Уха по-фински,1.0,,,,,,https://food.ru/recipes/112822-uha-po-finski
perekrestok,4444865,"Уха по-фински Перекрёсток Select, 270г",matched,2,foodru_194225,Уха по-фински с форелью и плавленым сыром,0.8806,,"cheese, forel, plavle",,,"dish_family_unconfirmed, extra_recipe_components",https://food.ru/recipes/194225-ukha-po-finski-1697359392
perekrestok,4444907,"Блинчики с вишней и крем-чизом Перекрёсток Select, 160г",review,1,foodru_248522,Соленые блинчики с крем-чизом,0.7385,cherry,solen,cherry,,"missing_named_components, extra_recipe_components, named_ingredient_unconfirmed",https://food.ru/recipes/248522-solenye-blinchiki-s-krem-chizom-1743495303
perekrestok,4444907,"Блинчики с вишней и крем-чизом Перекрёсток Select, 160г",review,2,foodru_163189,Меренговый рулет с кремом чиз и вишневым джемом,0.7228,pancake,"dzhem, mereng, rulet",cherry,,"dish_family_unconfirmed, missing_named_components, extra_recipe_components, named_ingredient_unconfirmed",https://food.ru/recipes/163189-merengovyi-rulet-s-kremom-chiz-i-vishnevym-dzhemom-1678569376
perekrestok,4444907,"Блинчики с вишней и крем-чизом Перекрёсток Select, 160г",review,3,foodru_156354,Блинный торт с апельсиновым крем-чизом,0.7053,cherry,"apelsin, tort",cherry,"Для крема, ганаша и подачи","mixed_ingredient_group, missing_named_components, extra_recipe_components, named_ingredient_unconfirmed, low_name_score",https://food.ru/recipes/156354-blinnyi-tort-s-apelsinovym-krem-chizom
perekrestok,4444924,"Блины пшеничные Перекрёсток Select, 200г",matched,1,foodru_160131,Блины из пшеничной муки,0.9163,,,,,,https://food.ru/recipes/160131-bliny-iz-pshenichnoi-muki-1676459182
perekrestok,4444924,"Блины пшеничные Перекрёсток Select, 200г",matched,2,foodru_91355,Блины пшенично-ржаные,0.9047,,rzhan,,,extra_recipe_components,https://food.ru/recipes/91355-bliny-pshenichno-rzhanye-1641487508
perekrestok,4444924,"Блины пшеничные Перекрёсток Select, 200г",matched,3,foodru_223308,Овсяно-пшеничные блинчики к завтраку,0.8761,,oat,,,extra_recipe_components,https://food.ru/recipes/223308-ovsiano-pshenichnye-blinchiki-1721484669
perekrestok,4444925,"Блины пшеничные Перекрёсток Select, 400г",matched,1,foodru_160131,Блины из пшеничной муки,0.9163,,,,,,https://food.ru/recipes/160131-bliny-iz-pshenichnoi-muki-1676459182
perekrestok,4444925,"Блины пшеничные Перекрёсток Select, 400г",matched,2,foodru_91355,Блины пшенично-ржаные,0.9047,,rzhan,,,extra_recipe_components,https://food.ru/recipes/91355-bliny-pshenichno-rzhanye-1641487508
perekrestok,4444925,"Блины пшеничные Перекрёсток Select, 400г",matched,3,foodru_223308,Овсяно-пшеничные блинчики к завтраку,0.8761,,oat,,,extra_recipe_components,https://food.ru/recipes/223308-ovsiano-pshenichnye-blinchiki-1721484669
perekrestok,4444926,"Блинчики с яблоком мёдом и корицей Перекрёсток Select, 160г",review,1,foodru_59726,Запеченные яблоки с медом и корицей,0.8609,pancake,,,,"dish_family_unconfirmed, missing_named_components",https://food.ru/recipes/59726-zapechennye-jabloki-s-medom-i-koricei
perekrestok,4444926,"Блинчики с яблоком мёдом и корицей Перекрёсток Select, 160г",review,2,foodru_52744,Домашняя яблочная пастила с медом и корицей,0.7997,pancake,pastil,,,"dish_family_unconfirmed, missing_named_components, extra_recipe_components",https://food.ru/recipes/52744-domashnjaja-jablochnaja-pastila-s-medom-i-koricei
perekrestok,4444926,"Блинчики с яблоком мёдом и корицей Перекрёсток Select, 160г",review,3,foodru_226493,Блины с яблоками и корицей,0.7669,medom,,,,missing_named_components,https://food.ru/recipes/226493-blinchiki-s-jablokami-i-koricei
perekrestok,4445378,"Блинчики с маковой начинкой Перекрёсток Select, 160г",matched,1,foodru_131731,Блинчики с маковой начинкой,1.0,,,,,,https://food.ru/recipes/131731-blinchiki-s-makovoi-nachinkoi
perekrestok,4445378,"Блинчики с маковой начинкой Перекрёсток Select, 160г",matched,2,foodru_262546,Маковые блины,1.0,,,,,filling_not_batter,https://food.ru/recipes/262546-makovye-blinchiki
perekrestok,4445378,"Блинчики с маковой начинкой Перекрёсток Select, 160г",matched,3,foodru_1601,Блины с начинкой,0.5195,poppy,,poppy,,"missing_named_components, named_ingredient_unconfirmed, low_name_score",https://food.ru/recipes/1601-bliny-s-nachinkoi
perekrestok,4445379,"Блины с малиной клубникой и заварным кремом Перекрёсток Select, 180г",review,1,foodru_122304,Нежный заварной крем с малиной,0.6993,"pancake, strawberry",,strawberry,,"dish_family_unconfirmed, missing_named_components, named_ingredient_unconfirmed, low_name_score",https://food.ru/recipes/122304-nezhnyi-zavarnoi-krem-s-malinoi
perekrestok,4445379,"Блины с малиной клубникой и заварным кремом Перекрёсток Select, 180г",review,2,foodru_249321,Пасха с заварным кремом и малиной,0.6303,"pancake, strawberry",pash,strawberry,Для заварного крема и подачи,"mixed_ingredient_group, dish_family_unconfirmed, missing_named_components, extra_recipe_components, named_ingredient_unconfirmed, low_name_score",https://food.ru/recipes/249321-pasha-s-zavarnym-kremom-i-malinoi
perekrestok,4445379,"Блины с малиной клубникой и заварным кремом Перекрёсток Select, 180г",review,3,foodru_214505,Блинный торт с малиновым кремом,0.5479,"strawberry, zavar",tort,strawberry,,"missing_named_components, extra_recipe_components, named_ingredient_unconfirmed, low_name_score",https://food.ru/recipes/214505-blinnyi-tort-s-malinovym-kremom-1713536554
perekrestok,4445416,"Мак-энд-чиз Сырный глянец со сливочно-сырным соусом Перекрёсток Select, 200г",review,1,foodru_126781,Мак-н-чиз в сырном соусе,0.8,"end, glanec",,poppy,,"missing_named_components, named_ingredient_unconfirmed",https://food.ru/recipes/126781-mak-end-chiz
perekrestok,4445416,"Мак-энд-чиз Сырный глянец со сливочно-сырным соусом Перекрёсток Select, 200г",review,2,foodru_2293,Курица с шампиньонами в сливочном соусе,0.348,"chiz, end, glanec, poppy","chicken, mushroom",poppy,,"missing_named_components, extra_recipe_components, named_ingredient_unconfirmed, low_name_score",https://food.ru/recipes/2293-kurica-s-shampinonami-v-slivochnom-souse
perekrestok,4445416,"Мак-энд-чиз Сырный глянец со сливочно-сырным соусом Перекрёсток Select, 200г",review,3,foodru_111667,Сливочный грибной соус с курицей,0.348,"cheese, chiz, end, glanec, poppy","chicken, mushroom","cheese, poppy",,"missing_named_components, extra_recipe_components, named_ingredient_unconfirmed, named_sauce_component_unconfirmed, low_name_score",https://food.ru/recipes/111667-slivochnyi-gribnoi-sous-s-kuricei
perekrestok,4445448,"Блинчики с бананом и шоколадно-ореховой пастой Перекрёсток Select, 160г",matched,1,foodru_247253,Блины с бананово-шоколадной пастой,0.8265,,,,,,https://food.ru/recipes/247253-bliny-s-bananovo-shokoladnoi-pastoi-1742199154
perekrestok,4445448,"Блинчики с бананом и шоколадно-ореховой пастой Перекрёсток Select, 160г",matched,2,foodru_225632,Вкуснейший рисовый блинчик с шоколадно-ореховой пастой и бананом,0.9689,,rice,,,extra_recipe_components,https://food.ru/recipes/225632-vkusneishii-risovyi-blinchik-s-shokoladno-orekhovoi-pastoi-i-bananom-1723364845
perekrestok,4445448,"Блинчики с бананом и шоколадно-ореховой пастой Перекрёсток Select, 160г",matched,3,foodru_216312,Блинчики с шоколадной пастой и бананом,0.8265,nuts,,nuts,,"missing_named_components, named_ingredient_unconfirmed",https://food.ru/recipes/216312-blinchiki-s-shokoladnoi-pastoi-i-bananom-1715323045
perekrestok,4445540,"Пюре картофельное Перекрёсток Select, 200г",matched,1,foodru_31893,Картофельное пюре,1.0,,,,,,https://food.ru/recipes/31893-kartofelnoe-piure
perekrestok,4445540,"Пюре картофельное Перекрёсток Select, 200г",matched,2,foodru_55759,Простой рецепт картофельного пюре,1.0,,,,,,https://food.ru/recipes/55759-prostoi-recept-kartofelnogo-piure
perekrestok,4445540,"Пюре картофельное Перекрёсток Select, 200г",matched,3,foodru_110445,Котлеты «Сочные» с картофельным пюре,0.9252,,cutlet,potato,,"dish_family_unconfirmed, extra_recipe_components, named_ingredient_unconfirmed",https://food.ru/recipes/110445-kotlety-sochnye-s-kartofelnym-piure-1644669917
perekrestok,4445541,"Пюре картофельное Перекрёсток Select, 400г",matched,1,foodru_31893,Картофельное пюре,1.0,,,,,,https://food.ru/recipes/31893-kartofelnoe-piure
perekrestok,4445541,"Пюре картофельное Перекрёсток Select, 400г",matched,2,foodru_55759,Простой рецепт картофельного пюре,1.0,,,,,,https://food.ru/recipes/55759-prostoi-recept-kartofelnogo-piure
perekrestok,4445541,"Пюре картофельное Перекрёсток Select, 400г",matched,3,foodru_110445,Котлеты «Сочные» с картофельным пюре,0.9252,,cutlet,potato,,"dish_family_unconfirmed, extra_recipe_components, named_ingredient_unconfirmed",https://food.ru/recipes/110445-kotlety-sochnye-s-kartofelnym-piure-1644669917
perekrestok,4445782,"Пудинг Grand Dessert со вкусом фисташки и сливочно-малиновым муссом молочный 4.7%, 200г",review,1,foodru_196550,Малиновый пудинг,0.5105,"dessert, fistashk, grand, milk, muss, vkus",,,,"dish_family_unconfirmed, missing_named_components, low_name_score",https://food.ru/recipes/196550-malinovyi-puding-1697786635
perekrestok,4445782,"Пудинг Grand Dessert со вкусом фисташки и сливочно-малиновым муссом молочный 4.7%, 200г",review,2,foodru_222191,Малиновый мусс со сливками,0.4338,"dessert, fistashk, grand, puding, vkus",sliv,,,"dish_family_unconfirmed, missing_named_components, extra_recipe_components, low_name_score",https://food.ru/recipes/222191-malinovyi-muss
perekrestok,4445782,"Пудинг Grand Dessert со вкусом фисташки и сливочно-малиновым муссом молочный 4.7%, 200г",review,3,foodru_126904,Овсяная каша на молоке и сливочном масле с малиной,0.4283,"dessert, fistashk, grand, muss, puding, vkus","oat, oil, porridge",,,"dish_family_unconfirmed, missing_named_components, extra_recipe_components, low_name_score",https://food.ru/recipes/126904-ovsianaia-kasha-na-moloke-i-slivochnom-masle-s-malinoi-1646466136
perekrestok,4446004,"Говядина су-вид в бульоне Перекрёсток Select, 200г",review,1,foodru_123213,Вкусная телятина в бульоне,0.6861,vid,,,,"dish_family_unconfirmed, missing_named_components, low_name_score",https://food.ru/recipes/123213-vkusnaja-teljatina-v-bulone
perekrestok,4446004,"Говядина су-вид в бульоне Перекрёсток Select, 200г",review,2,foodru_85015,Рассольник на бульоне из говядины,0.5926,vid,rassolnik,,,"dish_family_unconfirmed, missing_named_components, extra_recipe_components, low_name_score",https://food.ru/recipes/85015-rassolnik-na-bulone-iz-govjadiny
perekrestok,4446004,"Говядина су-вид в бульоне Перекрёсток Select, 200г",review,3,foodru_29070,Котлеты из говядины,0.313,"bulon, vid",cutlet,,,"dish_family_unconfirmed, missing_named_components, extra_recipe_components, low_name_score",https://food.ru/recipes/29070-kotlety-iz-govjadiny
perekrestok,4446146,"Запеканка творожная с вишней Перекрёсток Select, 220г",matched,1,foodru_57940,Запеканка из творога с вишней,1.0,,,,,,https://food.ru/recipes/57940-zapekanka-iz-tvoroga-s-vishnei
perekrestok,4446146,"Запеканка творожная с вишней Перекрёсток Select, 220г",matched,2,foodru_238062,Нежные творожные мини-запеканки с вишней,1.0,,,,,,https://food.ru/recipes/238062-nezhnye-tvorozhnye-mini-zapekanki-s-vishnei-1734365198
perekrestok,4446146,"Запеканка творожная с вишней Перекрёсток Select, 220г",matched,3,foodru_116778,Творожная запеканка на сахарозаменителе с вишней,0.9333,,,,,,https://food.ru/recipes/116778-tvorozhnaia-zapekanka-s-vishnei-1645199193
perekrestok,4446154,"Микс фруктовый ананас + киви + виноград Перекрёсток Select, 150г",review,1,foodru_2923,"Фруктовое канапе с бананом, яблоками, виноградом и киви",0.6763,"miks, pineapple","apple, banana, kanap",pineapple,,"dish_family_unconfirmed, missing_named_components, extra_recipe_components, named_ingredient_unconfirmed, low_name_score",https://food.ru/recipes/2923-fruktovoe-kanape-s-bananom-jablokami-vinogradom-i-kivi
perekrestok,4446154,"Микс фруктовый ананас + киви + виноград Перекрёсток Select, 150г",review,2,foodru_2051,"Фруктовое канапе с виноградом, яблоками, апельсином и ананасом",0.6716,"kivi, miks","apelsin, apple, kanap",,,"dish_family_unconfirmed, missing_named_components, extra_recipe_components, low_name_score",https://food.ru/recipes/2051-fruktovoe-kanape-s-vinogradom-jablokami-apelsinom-i-ananasom
perekrestok,4446154,"Микс фруктовый ананас + киви + виноград Перекрёсток Select, 150г",review,3,foodru_197177,Салат «Пикантный» с сыром и ананасом,0.2696,"frukt, kivi, miks, vinograd","cheese, pikant",,,"dish_family_unconfirmed, missing_named_components, extra_recipe_components, low_name_score",https://food.ru/recipes/197177-salat-pikantnyi-s-syrom-i-ananasom-1698680693
perekrestok,4446262,Оладьи на кефире жареные Перекрёсток Select 130г,matched,1,foodru_1484,Оладьи на кефире,1.0,,,,,,https://food.ru/recipes/1484-oladi-na-kefire
perekrestok,4446262,Оладьи на кефире жареные Перекрёсток Select 130г,matched,2,foodru_2733,Простые оладьи на кефире,1.0,,,,,,https://food.ru/recipes/2733-prostye-oladi-na-kefire
perekrestok,4446262,Оладьи на кефире жареные Перекрёсток Select 130г,matched,3,foodru_235474,Оладьи по-домашнему,0.5678,kefir,,,,"missing_named_components, low_name_score",https://food.ru/recipes/235474-oladi-po-domashnemu-1732441686
perekrestok,4446267,"Котлета По-Киевски Перекрёсток Select, 300г",matched,1,foodru_1354,Котлеты по-киевски,1.0,,,,,,https://food.ru/recipes/1354-kotlety-po-kievski
perekrestok,4446267,"Котлета По-Киевски Перекрёсток Select, 300г",matched,2,foodru_73346,Домашние котлеты по-киевски,1.0,,,,,,https://food.ru/recipes/73346-domashnie-kotlety-po-kievski
perekrestok,4446267,"Котлета По-Киевски Перекрёсток Select, 300г",matched,3,foodru_274682,Картофельное пюре с печеным перцем к котлетам по-киевски,0.8526,,"mash, peche, potato",,,extra_recipe_components,https://food.ru/recipes/274682-kartofelnoe-piure-s-pechenym-percem-k-kotletam-po-kievski
perekrestok,4446269,Котлета по-киевски с картофельным пюре Перекрёсток Select 280г,review,1,foodru_274682,Картофельное пюре с печеным перцем к котлетам по-киевски,0.9083,,peche,,,"extra_recipe_components, side_dish_unconfirmed",https://food.ru/recipes/274682-kartofelnoe-piure-s-pechenym-percem-k-kotletam-po-kievski
perekrestok,4446269,Котлета по-киевски с картофельным пюре Перекрёсток Select 280г,review,2,foodru_110445,Котлеты «Сочные» с картофельным пюре,0.7331,kievsk,,potato,,"missing_named_components, named_ingredient_unconfirmed",https://food.ru/recipes/110445-kotlety-sochnye-s-kartofelnym-piure-1644669917
perekrestok,4446269,Котлета по-киевски с картофельным пюре Перекрёсток Select 280г,review,3,foodru_109435,Котлетки из картофельного пюре,0.7331,kievsk,,,,"missing_named_components, side_dish_unconfirmed",https://food.ru/recipes/109435-kotletki-iz-kartofelnogo-piure
perekrestok,4446870,"Тортильони с индейкой и соусом с фенхелем Перекрёсток Select, 230г",review,1,foodru_92494,Индейка с бататом и фенхелем,0.7216,"sauce, tortilon",batat,,,"dish_family_unconfirmed, missing_named_components, extra_recipe_components",https://food.ru/recipes/92494-indeika-s-batatom-i-fenhelem
perekrestok,4446870,"Тортильони с индейкой и соусом с фенхелем Перекрёсток Select, 230г",review,2,foodru_153723,Соус с индейкой,0.5873,"fenhelem, tortilon",,,,"missing_named_components, low_name_score",https://food.ru/recipes/153723-sous-s-indeikoi-1668609145
perekrestok,4446870,"Тортильони с индейкой и соусом с фенхелем Перекрёсток Select, 230г",review,3,foodru_121741,Филе индейки в соусе из бычков в томате,0.4574,"fenhelem, tortilon","bychk, tomato",,,"missing_named_components, extra_recipe_components, low_name_score",https://food.ru/recipes/121741-file-indeiki-s-souse-iz-bychkov-v-tomate
perekrestok,4446872,"Спагетти Неро с креветками в томатном соусе Перекрёсток Select, 250г",review,1,foodru_26601,Паста с креветками в томатном соусе,0.9533,nero,,,Для маринада и подачи,"mixed_ingredient_group, missing_named_components",https://food.ru/recipes/26601-pasta-s-krevetkami-v-tomatnom-souse
perekrestok,4446872,"Спагетти Неро с креветками в томатном соусе Перекрёсток Select, 250г",review,2,foodru_259586,Спагетти с креветками в томатном соусе,0.9533,nero,,,,missing_named_components,https://food.ru/recipes/259586-spagetti-s-krevetkami-v-tomatnom-souse-1754998841
perekrestok,4446872,"Спагетти Неро с креветками в томатном соусе Перекрёсток Select, 250г",review,3,foodru_72100,Макароны с креветками в томатном соусе,0.9533,nero,,,,missing_named_components,https://food.ru/recipes/72100-makarony-s-krevetkami-v-tomatnom-souse
perekrestok,4446876,"Салат Дачный Перекрёсток Select, 160г",matched,1,foodru_216658,Салат «Дачный»,1.0,,,,,,https://food.ru/recipes/216658-dachnyi-salat
perekrestok,4446876,"Салат Дачный Перекрёсток Select, 160г",matched,2,foodru_224399,Салат «Дачный»,1.0,,,,,,https://food.ru/recipes/224399-salat-dachnyi-1722425723
perekrestok,4446876,"Салат Дачный Перекрёсток Select, 160г",matched,3,foodru_103710,ПП салат с сыром,0.3642,dach,cheese,,,"missing_named_components, extra_recipe_components, unexpected_protein_in_ingredients, low_name_score",https://food.ru/recipes/103710-pp-salat-s-syrom
perekrestok,4446877,"Филе индейки су-вид слайсами Перекрёсток Select, 120г",review,1,foodru_212354,Салат с индейкой су-вид под йогуртово-медовым соусом,0.549,slais,"iogurtovo, medov",,,"dish_family_unconfirmed, missing_named_components, extra_recipe_components, low_name_score",https://food.ru/recipes/212354-salat-s-indeikoi-su-vid-pod-iogurtovo-medovym-sousom
perekrestok,4446877,"Филе индейки су-вид слайсами Перекрёсток Select, 120г",review,2,foodru_146021,Слайсы мясные с морковью и луком,0.3853,"turkey, vid",carrot,turkey,,"dish_family_unconfirmed, missing_named_components, extra_recipe_components, named_ingredient_unconfirmed, protein_unconfirmed_in_ingredients, low_name_score",https://food.ru/recipes/146021-slaisy-miasnye-s-morkoviu-i-lukom-1657960348
perekrestok,4446877,"Филе индейки су-вид слайсами Перекрёсток Select, 120г",review,3,foodru_153723,Соус с индейкой,0.3195,"slais, vid",,,,"dish_family_unconfirmed, missing_named_components, low_name_score",https://food.ru/recipes/153723-sous-s-indeikoi-1668609145
perekrestok,4446987,"Брокколи на пару Перекрёсток Select, 180г",review,1,foodru_210804,Котлеты на пару с брокколи,0.9412,,cutlet,,,"dish_family_unconfirmed, extra_recipe_components",https://food.ru/recipes/210804-kotlety-na-paru-s-brokkoli-1710264803
perekrestok,4446987,"Брокколи на пару Перекрёсток Select, 180г",review,2,foodru_174758,Форель с брокколи на пару,0.9279,,forel,,,"dish_family_unconfirmed, extra_recipe_components",https://food.ru/recipes/174758-forel-na-paru-s-brokkoli
perekrestok,4446987,"Брокколи на пару Перекрёсток Select, 180г",review,3,foodru_175139,Кета на пару с брокколи,0.9133,,keta,,,"dish_family_unconfirmed, extra_recipe_components",https://food.ru/recipes/175139-keta-na-paru-s-brokkoli-1688302550
perekrestok,4447366,"Филе куриной грудки запечённое с томатами под сыром Перекрёсток Select, 150г",matched,1,foodru_137741,"Куриное филе, запеченное под сыром и помидорами",0.8008,,,,,,https://food.ru/recipes/137741-kurinoe-file-zapechennoe-pod-syrom-i-pomidorami
perekrestok,4447366,"Филе куриной грудки запечённое с томатами под сыром Перекрёсток Select, 150г",matched,2,foodru_241569,"Куриное филе, запеченное с сыром и помидорами",0.8008,breast,,breast,,"dish_family_unconfirmed, missing_named_components, named_ingredient_unconfirmed",https://food.ru/recipes/241569-kurinoe-file-zapechennoe-s-syrom-i-pomidorami-1737552045
perekrestok,4447366,"Филе куриной грудки запечённое с томатами под сыром Перекрёсток Select, 150г",matched,3,foodru_200577,Запеканка из куриной грудки с грибами и картофелем под сырной корочкой,0.4902,"tomato, zapechenn","bake, korochk, mushroom, potato","breast, tomato",,"dish_family_unconfirmed, missing_named_components, extra_recipe_components, named_ingredient_unconfirmed, low_name_score",https://food.ru/recipes/200577-zapekanka-iz-kurinoi-grudki-s-gribami-i-kartofelem-pod-syrnoi-korochkoi-1700226444
perekrestok,4447598,"Каша пшённая со льном на кокосовом молоке Перекрёсток Select, 200г",review,1,foodru_240102,Пшенная каша на кокосовом молоке,0.9632,lnom,,,,missing_named_components,https://food.ru/recipes/240102-pshennaia-kasha-na-kokosovom-moloke-1736782748
perekrestok,4447598,"Каша пшённая со льном на кокосовом молоке Перекрёсток Select, 200г",review,2,foodru_164274,Пшенная каша на кокосовом молоке,0.9632,lnom,,,,missing_named_components,https://food.ru/recipes/164274-pshennaia-kasha-na-kokosovom-moloke-1681296665
perekrestok,4447598,"Каша пшённая со льном на кокосовом молоке Перекрёсток Select, 200г",review,3,foodru_198243,Пшенная каша на кокосовом молоке,0.9632,lnom,,,,missing_named_components,https://food.ru/recipes/198243-pshennaia-kasha-na-kokosovom-moloke-1700143286
perekrestok,4447766,"Ризотто Магуро с тунцом, 230г",review,1,foodru_48017,Сочное грибное ризотто с тунцом,0.884,maguro,mushroom,,,"dish_family_unconfirmed, missing_named_components, extra_recipe_components",https://food.ru/recipes/48017-sochnoe-gribnoe-rizotto-s-tuncom
perekrestok,4447766,"Ризотто Магуро с тунцом, 230г",review,2,foodru_59216,Вкусный жареный тунец,0.5183,"maguro, rizotto",,,,"dish_family_unconfirmed, missing_named_components, low_name_score",https://food.ru/recipes/59216-vkusnyi-zharenyi-tunec
perekrestok,4447766,"Ризотто Магуро с тунцом, 230г",review,3,foodru_66770,Ризотто со смесью овощей и пармезаном,0.4923,"maguro, tuna","cheese, smes",tuna,,"dish_family_unconfirmed, missing_named_components, extra_recipe_components, named_ingredient_unconfirmed, protein_unconfirmed_in_ingredients, low_name_score",https://food.ru/recipes/66770-rizotto
perekrestok,4448231,"Филе куриное су-вид с гречкой зелёной и овощами Перекрёсток Select, 200г",review,1,foodru_238177,Гречка с курицей и овощами,0.6068,"herbs, vid",,herbs,,"dish_family_unconfirmed, missing_named_components, named_ingredient_unconfirmed, low_name_score",https://food.ru/recipes/238177-grechka-s-kuriczej-i-ovoshhami-1734453666
perekrestok,4448231,"Филе куриное су-вид с гречкой зелёной и овощами Перекрёсток Select, 200г",review,2,foodru_66676,Гречка с овощами и куриным филе,0.6068,"herbs, vid",,herbs,,"dish_family_unconfirmed, missing_named_components, named_ingredient_unconfirmed, low_name_score",https://food.ru/recipes/66676-grechka-s-ovoshchami-i-kurinym-file
perekrestok,4448231,"Филе куриное су-вид с гречкой зелёной и овощами Перекрёсток Select, 200г",review,3,foodru_3168,Гречка с овощами,0.5116,"chicken, vid",,chicken,,"dish_family_unconfirmed, missing_named_components, named_ingredient_unconfirmed, protein_unconfirmed_in_ingredients, low_name_score",https://food.ru/recipes/3168-grechka-s-ovoshchami
perekrestok,4448232,"Завтрак с индейкой су-вид, яйцом и брокколи Перекрёсток Select, 150г",review,1,foodru_19981,Брокколи с яйцом,0.5368,"turkey, vid, zavtrak",,turkey,,"dish_family_unconfirmed, missing_named_components, named_ingredient_unconfirmed, protein_unconfirmed_in_ingredients, low_name_score",https://food.ru/recipes/19981-brokkoli-s-jaicom
perekrestok,4448232,"Завтрак с индейкой су-вид, яйцом и брокколи Перекрёсток Select, 150г",review,2,foodru_87141,Индейка с брокколи,0.4985,"aicom, vid, zavtrak",,,,"dish_family_unconfirmed, missing_named_components, low_name_score",https://food.ru/recipes/87141-indeika-s-brokkoli
perekrestok,4448232,"Завтрак с индейкой су-вид, яйцом и брокколи Перекрёсток Select, 150г",review,3,foodru_274564,Сырные лодочки с яйцом на завтрак,0.4324,"brokkol, turkey, vid","cheese, lodochk",turkey,,"dish_family_unconfirmed, missing_named_components, extra_recipe_components, named_ingredient_unconfirmed, protein_unconfirmed_in_ingredients, low_name_score",https://food.ru/recipes/274564-syrnye-lodochki-s-jaicom-na-zavtrak
perekrestok,4448233,"Завтрак с яйцом бобами эдамаме и брынзой Перекрёсток Select, 140г",review,1,foodru_274564,Сырные лодочки с яйцом на завтрак,0.5422,"bobam, edamam",lodochk,,,"dish_family_unconfirmed, missing_named_components, extra_recipe_components, low_name_score",https://food.ru/recipes/274564-syrnye-lodochki-s-jaicom-na-zavtrak
perekrestok,4448233,"Завтрак с яйцом бобами эдамаме и брынзой Перекрёсток Select, 140г",review,2,foodru_70970,"Поке с креветкой, киноа и бобами эдамаме",0.4839,"aicom, cheese, zavtrak","kino, poke, shrimp",cheese,,"dish_family_unconfirmed, missing_named_components, extra_recipe_components, named_ingredient_unconfirmed, low_name_score",https://food.ru/recipes/70970-poke-s-krevetkoi-kinoa-i-bobami-edamame
perekrestok,4448233,"Завтрак с яйцом бобами эдамаме и брынзой Перекрёсток Select, 140г",review,3,foodru_204557,Салат из сайры с сыром и яйцом,0.3421,"bobam, edamam, zavtrak",sair,,,"dish_family_unconfirmed, missing_named_components, extra_recipe_components, low_name_score",https://food.ru/recipes/204557-salat-iz-sairy
perekrestok,4448234,"Завтрак протеиновый с креветками яйцом и киноа Перекрёсток Select, 160г",review,1,foodru_148848,Протеиновый завтрак,0.5526,"aicom, kino, shrimp",,,,"dish_family_unconfirmed, missing_named_components, low_name_score",https://food.ru/recipes/148848-proteinovyi-zavtrak-1663655984
perekrestok,4448234,"Завтрак протеиновый с креветками яйцом и киноа Перекрёсток Select, 160г",review,2,foodru_29190,Киноа с креветками,0.5105,"aicom, protein, zavtrak",,,Для соуса и подачи,"mixed_ingredient_group, dish_family_unconfirmed, missing_named_components, low_name_score",https://food.ru/recipes/29190-kinoa-s-krevetkami
perekrestok,4448234,"Завтрак протеиновый с креветками яйцом и киноа Перекрёсток Select, 160г",review,3,foodru_274564,Сырные лодочки с яйцом на завтрак,0.4248,"kino, protein, shrimp","cheese, lodochk",,,"dish_family_unconfirmed, missing_named_components, extra_recipe_components, low_name_score",https://food.ru/recipes/274564-syrnye-lodochki-s-jaicom-na-zavtrak
perekrestok,4448237,"Салат из куриной грудки и фасоли с греческим йогуртом Перекрёсток Select, 180г",review,1,foodru_129853,Куриная грудка в йогурте с гречкой,0.7418,"beans, salad",,beans,,"dish_family_unconfirmed, missing_named_components, named_ingredient_unconfirmed",https://food.ru/recipes/129853-kurinaja-grudka-v-iogurte-s-grechkoi
perekrestok,4448237,"Салат из куриной грудки и фасоли с греческим йогуртом Перекрёсток Select, 180г",review,2,foodru_167,Салат с курицей и фасолью,0.5518,"buckwheat, iogurt",,buckwheat,,"missing_named_components, named_ingredient_unconfirmed, low_name_score",https://food.ru/recipes/167-salat-s-kuricei-i-fasoliu
perekrestok,4448237,"Салат из куриной грудки и фасоли с греческим йогуртом Перекрёсток Select, 180г",review,3,foodru_245291,Куриное филе с шампиньонами и греческим йогуртом,0.5467,"beans, breast, salad",mushroom,"beans, breast",,"dish_family_unconfirmed, missing_named_components, extra_recipe_components, named_ingredient_unconfirmed, low_name_score",https://food.ru/recipes/245291-kurinoe-file-s-shampinonami-i-grecheskim-iogurtom-1740507091
perekrestok,4448422,"Каша овсяная на молоке Перекрёсток Select, 250г",matched,1,foodru_29047,Овсяная каша на молоке,1.0,,,,,,https://food.ru/recipes/29047-ovsjanaja-kasha-na-moloke
perekrestok,4448422,"Каша овсяная на молоке Перекрёсток Select, 250г",matched,2,foodru_230209,Молочная овсяная каша с тыквой и малиной,0.9136,,"pumpkin, raspberry",,,extra_recipe_components,https://food.ru/recipes/230209-molochnaia-ovsianaia-kasha-s-tykvoi-i-malinoi-1727381357
perekrestok,4448422,"Каша овсяная на молоке Перекрёсток Select, 250г",matched,3,foodru_259082,Овсяная каша на миндальном молоке с малиной,0.9013,,"mindaln, raspberry",,,extra_recipe_components,https://food.ru/recipes/259082-ovsianaia-kasha-na-mindalnom-moloke-s-malinoi-1754463573
perekrestok,4448423,"Каша пшённая на молоке Перекрёсток Select, 250г",matched,1,foodru_29044,Пшенная каша на молоке,1.0,,,,,,https://food.ru/recipes/29044-pshennaja-kasha-na-moloke
perekrestok,4448423,"Каша пшённая на молоке Перекрёсток Select, 250г",matched,2,foodru_173269,Пшенная каша на молоке,1.0,,,,,,https://food.ru/recipes/173269-pshennaia-kasha-na-moloke-1687075332
perekrestok,4448423,"Каша пшённая на молоке Перекрёсток Select, 250г",matched,3,foodru_156311,Пшенная каша с тыквой на молоке,0.9425,,pumpkin,,,extra_recipe_components,https://food.ru/recipes/156311-pshennaja-kasha-s-tykvoi-na-moloke
perekrestok,4448946,"Котлеты домашние с говядиной Перекрёсток Select, 160г",matched,1,foodru_29070,Котлеты из говядины,1.0,,,,,,https://food.ru/recipes/29070-kotlety-iz-govjadiny
perekrestok,4448946,"Котлеты домашние с говядиной Перекрёсток Select, 160г",matched,2,foodru_20139,Котлеты из телятины,1.0,,,,,,https://food.ru/recipes/20139-kotlety-iz-teljatiny
perekrestok,4448946,"Котлеты домашние с говядиной Перекрёсток Select, 160г",matched,3,foodru_123213,Вкусная телятина в бульоне,0.4923,cutlet,bulon,,,"dish_family_unconfirmed, missing_named_components, extra_recipe_components, low_name_score",https://food.ru/recipes/123213-vkusnaja-teljatina-v-bulone
perekrestok,4449831,"Кето-сырники на миндальной муке Перекрёсток Select, 110г",review,1,foodru_172189,Панкейки ПП на миндальной муке,0.5247,"keto, syrniki",pankeik,,,"dish_family_unconfirmed, missing_named_components, extra_recipe_components, low_name_score",https://food.ru/recipes/172189-pankeiki-na-mindalnoi-muke-pp-1686769149
perekrestok,4449831,"Кето-сырники на миндальной муке Перекрёсток Select, 110г",review,2,foodru_165451,Сырники с замороженной вишней и рисовой мукой,0.4278,"keto, mindal","cherry, rice, zamorozhen",,,"missing_named_components, extra_recipe_components, low_name_score",https://food.ru/recipes/165451-syrniki-s-vishnei-1681305277
perekrestok,4449831,"Кето-сырники на миндальной муке Перекрёсток Select, 110г",review,3,foodru_411,Сырники классические,0.3801,"keto, mindal",,,,"missing_named_components, low_name_score",https://food.ru/recipes/411-syrniki-klassicheskie
perekrestok,4450080,"Креветки обжаренные на масле гхи с фунчозой и брокколи Перекрёсток Select, 200г",review,1,foodru_94129,Фунчоза с брокколи,0.5491,"ghi, obzhar, shrimp",,shrimp,,"dish_family_unconfirmed, missing_named_components, named_ingredient_unconfirmed, protein_unconfirmed_in_ingredients, low_name_score",https://food.ru/recipes/94129-funchoza-s-brokkoli-1642258468
perekrestok,4450080,"Креветки обжаренные на масле гхи с фунчозой и брокколи Перекрёсток Select, 200г",review,2,foodru_248590,Масло гхи,0.5365,"brokkol, funchoz, obzhar, shrimp",,shrimp,,"dish_family_unconfirmed, missing_named_components, named_ingredient_unconfirmed, protein_unconfirmed_in_ingredients, low_name_score",https://food.ru/recipes/248590-maslo-gkhi-1743564782
perekrestok,4450080,"Креветки обжаренные на масле гхи с фунчозой и брокколи Перекрёсток Select, 200г",review,3,foodru_242720,Корейский салат «Фунчоза»,0.2774,"brokkol, ghi, obzhar, shrimp",korean,shrimp,,"dish_family_unconfirmed, missing_named_components, extra_recipe_components, named_ingredient_unconfirmed, protein_unconfirmed_in_ingredients, low_name_score",https://food.ru/recipes/242720-koreiskii-salat-funchoza-1738309008
perekrestok,4450437,"Каша овсяная на молоке с малиной замороженная Перекрёсток Select, 230г",review,1,foodru_230209,Молочная овсяная каша с тыквой и малиной,0.9546,,pumpkin,,,extra_recipe_components,https://food.ru/recipes/230209-molochnaia-ovsianaia-kasha-s-tykvoi-i-malinoi-1727381357
perekrestok,4450437,"Каша овсяная на молоке с малиной замороженная Перекрёсток Select, 230г",review,2,foodru_259082,Овсяная каша на миндальном молоке с малиной,0.9385,,mindaln,,,extra_recipe_components,https://food.ru/recipes/259082-ovsianaia-kasha-na-mindalnom-moloke-s-malinoi-1754463573
perekrestok,4450437,"Каша овсяная на молоке с малиной замороженная Перекрёсток Select, 230г",review,3,foodru_126904,Овсяная каша на молоке и сливочном масле с малиной,0.9299,,oil,,,extra_recipe_components,https://food.ru/recipes/126904-ovsianaia-kasha-na-moloke-i-slivochnom-masle-s-malinoi-1646466136
perekrestok,4450527,"Клаб Сэндвич с мортаделлой-трюфелем-сыром Перекрёсток Select, 210г",review,1,foodru_386,Бутерброды с ветчиной и сыром,0.7567,"mortadell, trufelem",ham,,,"missing_named_components, extra_recipe_components",https://food.ru/recipes/386-buterbrody-s-vetchinoi-i-syrom
perekrestok,4450527,"Клаб Сэндвич с мортаделлой-трюфелем-сыром Перекрёсток Select, 210г",review,2,foodru_25587,Сэндвич с ветчиной и сыром,0.7567,"mortadell, trufelem",ham,,,"missing_named_components, extra_recipe_components",https://food.ru/recipes/25587-sendvich-s-vetchinoi-i-syrom
perekrestok,4450527,"Клаб Сэндвич с мортаделлой-трюфелем-сыром Перекрёсток Select, 210г",review,3,foodru_235996,Сырный клаб-сэндвич в духовке,0.7412,"mortadell, trufelem",duhovk,,,"missing_named_components, extra_recipe_components",https://food.ru/recipes/235996-syrnyi-klab-sendvich-v-dukhovke-1732819287
perekrestok,4450545,"Омлет Классический Перекрёсток Select, 150г",matched,1,foodru_44097,Запеченный омлет,1.0,,,,,,https://food.ru/recipes/44097-zapechennyi-omlet
perekrestok,4450545,"Омлет Классический Перекрёсток Select, 150г",matched,2,foodru_246653,Скрэмбл с сосиской,0.8911,,sausage,,,extra_recipe_components,https://food.ru/recipes/246653-skrembl-s-sosiskoi-1741749972
perekrestok,4450545,"Омлет Классический Перекрёсток Select, 150г",matched,3,foodru_79858,Нежный пышный омлет,0.873,,pysh,,,extra_recipe_components,https://food.ru/recipes/79858-nezhnyi-omlet
perekrestok,4450664,"Запеканка творожная с черной смородиной без сахара Перекрёсток Select, 200г",review,1,foodru_171922,Творожная запеканка с черной смородиной,0.8259,,,,,excluded_ingredient_present,https://food.ru/recipes/171922-tvorozhnaia-zapekanka-s-chernoi-smorodinoi-1686758350
perekrestok,4450664,"Запеканка творожная с черной смородиной без сахара Перекрёсток Select, 200г",review,2,foodru_201243,Творожная запеканка с черной смородиной,0.8259,,,,,excluded_ingredient_present,https://food.ru/recipes/201243-tvorozhnaia-zapekanka-s-chernoi-smorodinoi-1700250511
perekrestok,4450664,"Запеканка творожная с черной смородиной без сахара Перекрёсток Select, 200г",review,3,foodru_259660,Воздушная творожная запеканка с черной смородиной без муки,0.7411,,"flour, vozdushna",,,"extra_recipe_components, excluded_ingredient_present",https://food.ru/recipes/259660-vozdushnaia-tvorozhnaia-zapekanka-s-chernoi-smorodinoi-bez-muki-1755056840
perekrestok,4450702,"Котлета куриная паровая с пюре из батата Перекрёсток Select, 250г",review,1,foodru_257968,Пюре с куриными котлетами,0.6709,"batat, parova",,,,"missing_named_components, side_dish_unconfirmed, low_name_score",https://food.ru/recipes/257968-piure-s-kurinymi-kotletami-1753205533
perekrestok,4450702,"Котлета куриная паровая с пюре из батата Перекрёсток Select, 250г",review,2,foodru_70875,Куриные котлеты с тыквенным пюре,0.6044,"batat, parova",pumpkin,,,"missing_named_components, extra_recipe_components, side_dish_unconfirmed, low_name_score",https://food.ru/recipes/70875-kurinye-kotlety-s-tykvennym-piure
perekrestok,4450702,"Котлета куриная паровая с пюре из батата Перекрёсток Select, 250г",review,3,foodru_1352,Куриные котлеты,0.495,"batat, mash, parova",,,,"missing_named_components, side_dish_unconfirmed, low_name_score",https://food.ru/recipes/1352-kurinye-kotlety
perekrestok,4450751,Суп Куриный с домашней лапшой Перекрёсток Select 270г,matched,1,foodru_59525,Куриный суп с домашней лапшой,1.0,,,,,,https://food.ru/recipes/59525-kurinyi-sup-s-domashnei-lapshoi
perekrestok,4450751,Суп Куриный с домашней лапшой Перекрёсток Select 270г,matched,2,foodru_61450,Суп из цыпленка с домашней лапшой,1.0,,,,,,https://food.ru/recipes/61450-sup-iz-cyplenka-s-domashnei-lapshoi
perekrestok,4450751,Суп Куриный с домашней лапшой Перекрёсток Select 270г,matched,3,foodru_168433,Суп-лапша с грибами на курином бульоне,0.8997,,"bulon, mushroom",chicken,,"extra_recipe_components, named_ingredient_unconfirmed, protein_unconfirmed_in_ingredients",https://food.ru/recipes/168433-sup-lapsha-s-gribami-1681360166
perekrestok,4450946,"Шарики сырные из моцареллы Перекрёсток Select, 130г",matched,1,foodru_11296,Сырные шарики,1.0,,,,,,https://food.ru/recipes/11296-syrnye-shariki
perekrestok,4450946,"Шарики сырные из моцареллы Перекрёсток Select, 130г",matched,2,foodru_103564,Сырные шарики домашние,1.0,,,,,,https://food.ru/recipes/103564-syrnye-shariki-domashnie
perekrestok,4450946,"Шарики сырные из моцареллы Перекрёсток Select, 130г",matched,3,foodru_218391,Шарики тапиоки для бабл ти,0.5959,cheese,"babl, tapiok",cheese,,"dish_family_unconfirmed, missing_named_components, extra_recipe_components, named_ingredient_unconfirmed, low_name_score",https://food.ru/recipes/218391-shariki-tapioki-dlia-babl-ti-1717852735
perekrestok,4451160,"Шримп-ролл Перекрёсток Select, 220г",review,1,foodru_4589,Роллы с креветками,1.0,,,,,ambiguous_roll_format,https://food.ru/recipes/4589-rolly-s-krevetkami
perekrestok,4451160,"Шримп-ролл Перекрёсток Select, 220г",review,2,foodru_91771,Ролл с креветками,1.0,,,,,ambiguous_roll_format,https://food.ru/recipes/91771-roll-s-krevetkami
perekrestok,4451160,"Шримп-ролл Перекрёсток Select, 220г",review,3,foodru_58124,"Домашние роллы с лососем, креветками и тунцом",0.8858,,"salmon, tuna",,,"ambiguous_roll_format, extra_recipe_components",https://food.ru/recipes/58124-domashnie-sushi-s-lososem-krevetkami-i-tuncom
perekrestok,4451290,"Кето-завтрак с лососем яйцом и рисом из цветной капусты Перекрёсток Select, 190г",review,1,foodru_239450,«Рис» из цветной капусты,0.5215,"aicom, keto, salmon, zavtrak",,rice,,"dish_family_unconfirmed, missing_named_components, named_ingredient_unconfirmed, low_name_score",https://food.ru/recipes/239450-ris-iz-cvetnoi-kapusty
perekrestok,4451290,"Кето-завтрак с лососем яйцом и рисом из цветной капусты Перекрёсток Select, 190г",review,2,foodru_89676,Пирог с филе семги и цветной капустой,0.4852,"aicom, keto, rice, zavtrak",pie,rice,,"dish_family_unconfirmed, missing_named_components, extra_recipe_components, named_ingredient_unconfirmed, low_name_score",https://food.ru/recipes/89676-pirog-s-file-semgi-i-cvetnoi-kapustoi
perekrestok,4451290,"Кето-завтрак с лососем яйцом и рисом из цветной капусты Перекрёсток Select, 190г",review,3,foodru_274564,Сырные лодочки с яйцом на завтрак,0.3518,"cabbage, cvet, keto, rice, salmon","cheese, lodochk","cabbage, rice",,"dish_family_unconfirmed, missing_named_components, extra_recipe_components, named_ingredient_unconfirmed, low_name_score",https://food.ru/recipes/274564-syrnye-lodochki-s-jaicom-na-zavtrak
perekrestok,4451555,"Блинчики Сытный Край с мясом замороженные, 380г",matched,1,foodru_15241,Блины с мясом,1.0,,,,,,https://food.ru/recipes/15241-bliny-s-mjasom
perekrestok,4451555,"Блинчики Сытный Край с мясом замороженные, 380г",matched,2,foodru_139,Блинчики с мясом,1.0,,,,,,https://food.ru/recipes/139-blinchiki-s-mjasom
perekrestok,4451555,"Блинчики Сытный Край с мясом замороженные, 380г",matched,3,foodru_134226,Сытные блины с мясной начинкой,1.0,,,,,,https://food.ru/recipes/134226-sytnye-bliny-s-mjasnoi-nachinkoi
perekrestok,4451764,"Котлеты куриные на пару Перекрёсток Select, 120г",matched,1,foodru_140973,Куриные котлетки на пару,1.0,,,,,,https://food.ru/recipes/140973-kurinye-kotletki-na-paru-1653396726
perekrestok,4451764,"Котлеты куриные на пару Перекрёсток Select, 120г",matched,2,foodru_108814,Куриные котлеты со специями на пару,0.9304,,spec,,,extra_recipe_components,https://food.ru/recipes/108814-kurinye-kotlety-na-paru-1644350132
perekrestok,4451764,"Котлеты куриные на пару Перекрёсток Select, 120г",matched,3,foodru_210804,Котлеты на пару с брокколи,0.7451,chicken,brokkol,chicken,,"missing_named_components, extra_recipe_components, named_ingredient_unconfirmed, protein_unconfirmed_in_ingredients",https://food.ru/recipes/210804-kotlety-na-paru-s-brokkoli-1710264803
perekrestok,4451962,"Курица в соусе сладкий чили с кунжутом Перекрёсток Select, 150г",review,1,foodru_145232,Курица в соусе сладкий чили,0.7862,kunzhut,,,,missing_named_components,https://food.ru/recipes/145232-kuritsa-v-souse-sladkii-chili-1657915074
perekrestok,4451962,"Курица в соусе сладкий чили с кунжутом Перекрёсток Select, 150г",review,2,foodru_231680,Соус «Сладкий чили»,0.6963,"chicken, kunzhut",,chicken,,"missing_named_components, named_ingredient_unconfirmed, protein_unconfirmed_in_ingredients, low_name_score",https://food.ru/recipes/231680-sous-sladkii-chili-1728723314
perekrestok,4451962,"Курица в соусе сладкий чили с кунжутом Перекрёсток Select, 150г",review,3,foodru_165411,Куриный гуляш со сливками и сладким соусом чили,0.4421,"kunzhut, sladki","gulash, sladkim, sliv",,,"missing_named_components, extra_recipe_components, low_name_score",https://food.ru/recipes/165411-kurinyi-guliash-s-slivkami-i-sousom-sladkii-chili-1681304965
perekrestok,4452074,"Сырники без сахара замороженные  Перекресток Select, 330г",matched,1,foodru_77935,Сырники без сахара,1.0,,,,,,https://food.ru/recipes/77935-syrniki-bez-sahara
perekrestok,4452074,"Сырники без сахара замороженные  Перекресток Select, 330г",matched,2,foodru_97297,Нежные творожные сырники без сахара,0.94,,cottage_cheese,,,extra_recipe_components,https://food.ru/recipes/97297-syrniki-bez-sakhara-1642789156
perekrestok,4452074,"Сырники без сахара замороженные  Перекресток Select, 330г",matched,3,foodru_411,Сырники классические,0.5673,sugar,,,,"missing_named_components, low_name_score",https://food.ru/recipes/411-syrniki-klassicheskie
perekrestok,4452075,"Сырники классические замороженные Перекрёсток Select, 330г",matched,1,foodru_411,Сырники классические,1.0,,,,,,https://food.ru/recipes/411-syrniki-klassicheskie
perekrestok,4452075,"Сырники классические замороженные Перекрёсток Select, 330г",matched,2,foodru_71337,Жареные сырники,1.0,,,,,,https://food.ru/recipes/71337-zharenye-syrniki
perekrestok,4452075,"Сырники классические замороженные Перекрёсток Select, 330г",matched,3,foodru_77935,Сырники без сахара,0.878,,,,,,https://food.ru/recipes/77935-syrniki-bez-sahara
perekrestok,4452232,"Лазанья Болоньезе замороженная Перекрёсток Select, 200г",matched,1,foodru_235412,Классическая лазанья болоньезе,1.0,,,,,,https://food.ru/recipes/235412-lazanja-boloneze-klassicheskii-recept
perekrestok,4452232,"Лазанья Болоньезе замороженная Перекрёсток Select, 200г",matched,2,foodru_31341,Лазанья болоньезе,1.0,,,,,,https://food.ru/recipes/31341-lazanja-boloneze
perekrestok,4452232,"Лазанья Болоньезе замороженная Перекрёсток Select, 200г",matched,3,foodru_84975,Сочная лазанья болоньезе с соусом бешамель,0.9032,,beshamel,,,extra_recipe_components,https://food.ru/recipes/84975-sochnaja-lazanja-boloneze-s-sousom-beshamel
perekrestok,4452460,"Борщ овощной Перекрёсток Select, 270г",matched,1,foodru_87556,Вкусный овощной борщ,1.0,,,,,,https://food.ru/recipes/87556-vkusnyi-ovoshchnoi-borshch
perekrestok,4452460,"Борщ овощной Перекрёсток Select, 270г",matched,2,foodru_139928,Сытный овощной борщ с лимонной кислотой,0.8665,,"kislot, limon",,,extra_recipe_components,https://food.ru/recipes/139928-borshch-ovoshchnoi-1651132349
perekrestok,4452460,"Борщ овощной Перекрёсток Select, 270г",matched,3,foodru_1381,Классический борщ,0.6721,,,,,low_name_score,https://food.ru/recipes/1381-klassicheskii-borshch
perekrestok,4452514,"Запеканка творожная с яблоком и корицей без сахара Перекрёсток Select, 200г",review,1,foodru_133236,Нежная творожная запеканка с яблоками и корицей,0.8206,sugar,,,,missing_named_components,https://food.ru/recipes/133236-nezhnaja-tvorozhnaja-zapekanka-s-jablokami-i-koricei
perekrestok,4452514,"Запеканка творожная с яблоком и корицей без сахара Перекрёсток Select, 200г",review,2,foodru_71370,Творожная запеканка с корицей,0.6548,apple,,apple,,"missing_named_components, excluded_ingredient_present, named_ingredient_unconfirmed, low_name_score",https://food.ru/recipes/71370-tvorozhnaja-zapekanka-s-koricei
perekrestok,4452514,"Запеканка творожная с яблоком и корицей без сахара Перекрёсток Select, 200г",review,3,foodru_116778,Творожная запеканка на сахарозаменителе с вишней,0.6037,"apple, cinnamon",cherry,"apple, cinnamon",,"missing_named_components, extra_recipe_components, excluded_ingredient_present, named_ingredient_unconfirmed, low_name_score",https://food.ru/recipes/116778-tvorozhnaia-zapekanka-s-vishnei-1645199193
perekrestok,4452644,"Печень по-строгановски с гречкой замороженная Перекрёсток Select, 290г",review,1,foodru_105441,Сочная печень по-строгановски,0.7717,buckwheat,,buckwheat,,"dish_family_unconfirmed, missing_named_components, named_ingredient_unconfirmed",https://food.ru/recipes/105441-pechen-po-stroganovski-1643881140
perekrestok,4452644,"Печень по-строгановски с гречкой замороженная Перекрёсток Select, 290г",review,2,foodru_161403,Куриная печень по-строгановски,0.7287,buckwheat,chicken,buckwheat,,"dish_family_unconfirmed, missing_named_components, extra_recipe_components, named_ingredient_unconfirmed",https://food.ru/recipes/161403-kurinaia-pechen-po-stroganovski-1676471097
perekrestok,4452644,"Печень по-строгановски с гречкой замороженная Перекрёсток Select, 290г",review,3,foodru_68220,Говяжья печень по-строгановски,0.7123,buckwheat,beef,buckwheat,,"dish_family_unconfirmed, missing_named_components, extra_recipe_components, named_ingredient_unconfirmed, low_name_score",https://food.ru/recipes/68220-govjazhja-pechen-po-stroganovski
perekrestok,4452842,"Мини-запеканка с грушей замороженная Перекрёсток Select, 320г",review,1,foodru_220801,Мини-запеканка с клубникой,0.3892,pear,strawberry,pear,,"missing_named_components, extra_recipe_components, named_ingredient_unconfirmed, low_name_score",https://food.ru/recipes/220801-mini-zapekanka-s-klubnikoi-1719739449
perekrestok,4452842,"Мини-запеканка с грушей замороженная Перекрёсток Select, 320г",review,2,foodru_94599,Нежные мини-запеканки с рикоттой,0.386,pear,rikott,pear,,"missing_named_components, extra_recipe_components, named_ingredient_unconfirmed, low_name_score",https://food.ru/recipes/94599-nezhnye-mini-zapekanki-1642439282
perekrestok,4452842,"Мини-запеканка с грушей замороженная Перекрёсток Select, 320г",review,3,foodru_215604,Запеканка с творогом и малиной,0.3745,pear,"cottage_cheese, raspberry",pear,,"missing_named_components, extra_recipe_components, named_ingredient_unconfirmed, low_name_score",https://food.ru/recipes/215604-zapekanka-s-tvorogom-i-malinoi-1714334366
perekrestok,4452856,"Мини-запеканка с вишней замороженная Перекрёсток Select, 320г",review,1,foodru_57940,Запеканка из творога с вишней,0.9353,,cottage_cheese,,,extra_recipe_components,https://food.ru/recipes/57940-zapekanka-iz-tvoroga-s-vishnei
perekrestok,4452856,"Мини-запеканка с вишней замороженная Перекрёсток Select, 320г",review,2,foodru_238062,Нежные творожные мини-запеканки с вишней,0.9353,,cottage_cheese,,,extra_recipe_components,https://food.ru/recipes/238062-nezhnye-tvorozhnye-mini-zapekanki-s-vishnei-1734365198
perekrestok,4452856,"Мини-запеканка с вишней замороженная Перекрёсток Select, 320г",review,3,foodru_116778,Творожная запеканка на сахарозаменителе с вишней,0.8882,,cottage_cheese,,,extra_recipe_components,https://food.ru/recipes/116778-tvorozhnaia-zapekanka-s-vishnei-1645199193
perekrestok,4452883,"Мини-запеканка творожная замороженная Перекрёсток Select, 320г",review,1,foodru_215604,Запеканка с творогом и малиной,0.9243,,raspberry,,,extra_recipe_components,https://food.ru/recipes/215604-zapekanka-s-tvorogom-i-malinoi-1714334366
perekrestok,4452883,"Мини-запеканка творожная замороженная Перекрёсток Select, 320г",review,2,foodru_226904,Малиново-творожная запеканка,0.9243,,raspberry,,,extra_recipe_components,https://food.ru/recipes/226904-malinovo-tvorozhnaia-zapekanka-1724789945
perekrestok,4452883,"Мини-запеканка творожная замороженная Перекрёсток Select, 320г",review,3,foodru_57940,Запеканка из творога с вишней,0.919,,cherry,,,extra_recipe_components,https://food.ru/recipes/57940-zapekanka-iz-tvoroga-s-vishnei
perekrestok,4452958,"Омлет-ролл с куриным филе и брокколи Перекрёсток Select, 150г",review,1,foodru_43998,Ролл с омлетом,0.6497,"brokkol, chicken",,chicken,,"missing_named_components, named_ingredient_unconfirmed, protein_unconfirmed_in_ingredients, low_name_score",https://food.ru/recipes/43998-roll-s-omletom
perekrestok,4452958,"Омлет-ролл с куриным филе и брокколи Перекрёсток Select, 150г",review,2,foodru_124124,Куриный ролл,0.5434,"brokkol, omelette",,,,"missing_named_components, low_name_score",https://food.ru/recipes/124124-kurinyi-roll-1646049547
perekrestok,4452958,"Омлет-ролл с куриным филе и брокколи Перекрёсток Select, 150г",review,3,foodru_19981,Брокколи с яйцом,0.3423,"chicken, omelette, roll",aicom,chicken,,"dish_family_unconfirmed, missing_named_components, extra_recipe_components, named_ingredient_unconfirmed, protein_unconfirmed_in_ingredients, low_name_score",https://food.ru/recipes/19981-brokkoli-s-jaicom
perekrestok,4452960,"Котлеты куриные на пару Перекрёсток Select, 160г",matched,1,foodru_140973,Куриные котлетки на пару,1.0,,,,,,https://food.ru/recipes/140973-kurinye-kotletki-na-paru-1653396726
perekrestok,4452960,"Котлеты куриные на пару Перекрёсток Select, 160г",matched,2,foodru_108814,Куриные котлеты со специями на пару,0.9304,,spec,,,extra_recipe_components,https://food.ru/recipes/108814-kurinye-kotlety-na-paru-1644350132
perekrestok,4452960,"Котлеты куриные на пару Перекрёсток Select, 160г",matched,3,foodru_210804,Котлеты на пару с брокколи,0.7451,chicken,brokkol,chicken,,"missing_named_components, extra_recipe_components, named_ingredient_unconfirmed, protein_unconfirmed_in_ingredients",https://food.ru/recipes/210804-kotlety-na-paru-s-brokkoli-1710264803
perekrestok,4453155,"Перцы фаршированные в томатно-сливочном соусе замороженные Перекрёсток Select, 400г",review,1,foodru_60149,Фаршированный перец в томатном соусе,0.838,cream,,,,"missing_named_components, named_sauce_component_unconfirmed",https://food.ru/recipes/60149-farshirovannyi-perec-v-tomatnom-souse
perekrestok,4453155,"Перцы фаршированные в томатно-сливочном соусе замороженные Перекрёсток Select, 400г",review,2,foodru_140139,Фаршированные перцы в томатно-овощном соусе,0.7966,cream,,,,"missing_named_components, named_sauce_component_unconfirmed",https://food.ru/recipes/140139-farshirovannye-perczy-v-tomatno-ovoshhnom-souse-1651153893
perekrestok,4453155,"Перцы фаршированные в томатно-сливочном соусе замороженные Перекрёсток Select, 400г",review,3,foodru_16535,Фаршированные перцы в сметанно-томатном соусе,0.7818,cream,,,,"missing_named_components, named_sauce_component_unconfirmed",https://food.ru/recipes/16535-farshirovannye-percy-v-smetanno-tomatnom-souse
perekrestok,4453530,"Блины домашние замороженные Перекрёсток Select, 400г",matched,1,foodru_67633,Классические блинчики,1.0,,,,,,https://food.ru/recipes/67633-klassicheskie-blinchiki
perekrestok,4453530,"Блины домашние замороженные Перекрёсток Select, 400г",matched,2,foodru_1601,Блины с начинкой,1.0,,,,,unrequested_pancake_filling,https://food.ru/recipes/1601-bliny-s-nachinkoi
perekrestok,4453530,"Блины домашние замороженные Перекрёсток Select, 400г",matched,3,foodru_71513,Домашние блины с курицей,0.9059,,chicken,,,"extra_recipe_components, unrequested_pancake_filling",https://food.ru/recipes/71513-domashnie-bliny-s-kuricei
perekrestok,4453535,"Сырок Легенды Ямала в желе, 227г",review,1,foodru_112227,Фруктовое желе с сыром маскарпоне,0.513,"amal, legend","frukt, maskarpon",,,"dish_family_unconfirmed, missing_named_components, extra_recipe_components, low_name_score",https://food.ru/recipes/112227-fruktovoe-zhele-s-syrom-maskarpone
perekrestok,4453535,"Сырок Легенды Ямала в желе, 227г",review,2,foodru_203717,Салат «Две легенды»,0.4088,"amal, cheese, zhel",dve,cheese,,"dish_family_unconfirmed, missing_named_components, extra_recipe_components, named_ingredient_unconfirmed, low_name_score",https://food.ru/recipes/203717-salat-dve-legendy-1701033483
perekrestok,4453535,"Сырок Легенды Ямала в желе, 227г",review,3,foodru_95819,Нежное молочно-творожное желе с малиной,0.3655,"amal, cheese, legend","cottage_cheese, raspberry",cheese,,"dish_family_unconfirmed, missing_named_components, extra_recipe_components, named_ingredient_unconfirmed, low_name_score",https://food.ru/recipes/95819-nezhnoe-molochno-tvorozhnoe-zhele-s-malinoi
perekrestok,4453596,"Сырники без сахара запечённые Перекрёсток Select, 110г",matched,1,foodru_77935,Сырники без сахара,1.0,,,,,,https://food.ru/recipes/77935-syrniki-bez-sahara
perekrestok,4453596,"Сырники без сахара запечённые Перекрёсток Select, 110г",matched,2,foodru_97297,Нежные творожные сырники без сахара,0.94,,cottage_cheese,,,extra_recipe_components,https://food.ru/recipes/97297-syrniki-bez-sakhara-1642789156
perekrestok,4453596,"Сырники без сахара запечённые Перекрёсток Select, 110г",matched,3,foodru_411,Сырники классические,0.5673,sugar,,,,"missing_named_components, low_name_score",https://food.ru/recipes/411-syrniki-klassicheskie
perekrestok,4453705,"Каша пшенная с тыквой и корицей Перекрёсток Select, 250г",review,1,foodru_29042,Пшенная каша с тыквой,0.7806,cinnamon,,cinnamon,,"missing_named_components, named_ingredient_unconfirmed",https://food.ru/recipes/29042-pshennaja-kasha-s-tykvoi
perekrestok,4453705,"Каша пшенная с тыквой и корицей Перекрёсток Select, 250г",review,2,foodru_85499,Каша пшенная с тыквой,0.7806,cinnamon,,"cinnamon, millet",,"missing_named_components, named_ingredient_unconfirmed",https://food.ru/recipes/85499-kasha-pshennaja-s-tykvoi
perekrestok,4453705,"Каша пшенная с тыквой и корицей Перекрёсток Select, 250г",review,3,foodru_156311,Пшенная каша с тыквой на молоке,0.7293,cinnamon,,cinnamon,,"missing_named_components, named_ingredient_unconfirmed",https://food.ru/recipes/156311-pshennaja-kasha-s-tykvoi-na-moloke
perekrestok,4453732,"Рис с филе куриного бедра с соусом терияки замороженный Перекрёсток Select, 250г",review,1,foodru_106434,Аппетитная курочка под соусом терияки с рисом,0.7579,thigh,,thigh,,"missing_named_components, named_ingredient_unconfirmed",https://food.ru/recipes/106434-appetitnaja-kurochka-pod-sousom-terijaki-s-risom
perekrestok,4453732,"Рис с филе куриного бедра с соусом терияки замороженный Перекрёсток Select, 250г",review,2,foodru_103540,Нежная курочка терияки с рисом,0.6513,thigh,,thigh,,"dish_family_unconfirmed, missing_named_components, named_ingredient_unconfirmed, low_name_score",https://food.ru/recipes/103540-nezhnaja-kurochka-terijaki-s-risom
perekrestok,4453732,"Рис с филе куриного бедра с соусом терияки замороженный Перекрёсток Select, 250г",review,3,foodru_61438,Рис с овощами под соусом терияки,0.6032,"chicken, thigh",,"chicken, thigh",,"missing_named_components, named_ingredient_unconfirmed, protein_unconfirmed_in_ingredients, low_name_score",https://food.ru/recipes/61438-ris-s-ovoshchami-pod-sousom-terijaki
perekrestok,4453780,"Каша пшённая молочная с тыквой замороженная Перекрёсток Select, 230г",matched,1,foodru_156311,Пшенная каша с тыквой на молоке,1.0,,,,,,https://food.ru/recipes/156311-pshennaja-kasha-s-tykvoi-na-moloke
perekrestok,4453780,"Каша пшённая молочная с тыквой замороженная Перекрёсток Select, 230г",matched,2,foodru_113738,Каша пшенная с тыквой на молоке,1.0,,,,,,https://food.ru/recipes/113738-kasha-pshennaja-s-tykvoi-na-moloke
perekrestok,4453780,"Каша пшённая молочная с тыквой замороженная Перекрёсток Select, 230г",matched,3,foodru_29042,Пшенная каша с тыквой,0.818,,,,,,https://food.ru/recipes/29042-pshennaja-kasha-s-tykvoi
perekrestok,4453782,"Лапша вок с куриным филе и овощами замороженная Перекрёсток Select, 250г",matched,1,foodru_156324,Лапша вок с курицей и овощами,1.0,,,,,,https://food.ru/recipes/156324-lapsha-vok-s-kuricei-i-ovoshchami
perekrestok,4453782,"Лапша вок с куриным филе и овощами замороженная Перекрёсток Select, 250г",matched,2,foodru_45858,Лапша удон с овощами и куриным филе на вок,1.0,,,,,,https://food.ru/recipes/45858-lapsha-udon-s-ovoshchami-i-kurinym-file-na-vok
perekrestok,4453782,"Лапша вок с куриным филе и овощами замороженная Перекрёсток Select, 250г",matched,3,foodru_11915,Лапша с курицей и овощами,0.754,wok,,,,missing_named_components,https://food.ru/recipes/11915-lapsha-s-kuricei-i-ovoshchami
perekrestok,4453783,"Спагетти Карбонара замороженные Перекрёсток Select, 230г",matched,1,foodru_2127,Паста карбонара,1.0,,,,,,https://food.ru/recipes/2127-pasta-karbonara
perekrestok,4453783,"Спагетти Карбонара замороженные Перекрёсток Select, 230г",matched,2,foodru_1382,Спагетти карбонара,1.0,,,,,,https://food.ru/recipes/1382-spagetti-karbonara
perekrestok,4453783,"Спагетти Карбонара замороженные Перекрёсток Select, 230г",matched,3,foodru_30160,Домашние фетучини,0.5078,carbonara,,,,"missing_named_components, low_name_score",https://food.ru/recipes/30160-domashnie-fetuchini
perekrestok,4453784,"Лапша вок в сливочном тайском соусе с морепродуктами замороженная Перекрёсток Select, 240г",review,1,foodru_11911,Лапша с морепродуктами,0.5483,"cream, taisk, wok",,,,"missing_named_components, low_name_score",https://food.ru/recipes/11911-lapsha-s-moreproduktami
perekrestok,4453784,"Лапша вок в сливочном тайском соусе с морепродуктами замороженная Перекрёсток Select, 240г",review,2,foodru_45939,Лапша вок с говядиной,0.4734,"cream, moreprodukt, taisk",beef,,,"missing_named_components, extra_recipe_components, low_name_score",https://food.ru/recipes/45939-lapsha-vok-s-govjadinoi
perekrestok,4453784,"Лапша вок в сливочном тайском соусе с морепродуктами замороженная Перекрёсток Select, 240г",review,3,foodru_16558,Лапша вок со свининой,0.4633,"cream, moreprodukt, taisk",pork,,,"missing_named_components, extra_recipe_components, low_name_score",https://food.ru/recipes/16558-lapsha-vok-so-svininoi
perekrestok,4453804,"Блинчики с малиной и клубникой замороженные Перекрёсток Select, 400г",review,1,foodru_109049,Блины с малиной,0.6609,strawberry,,strawberry,,"missing_named_components, named_ingredient_unconfirmed, low_name_score",https://food.ru/recipes/109049-bliny-s-malinoi-1644408494
perekrestok,4453804,"Блинчики с малиной и клубникой замороженные Перекрёсток Select, 400г",review,2,foodru_122071,Нежные блинчики с малиной,0.6609,strawberry,,strawberry,,"missing_named_components, named_ingredient_unconfirmed, low_name_score",https://food.ru/recipes/122071-nezhnye-blinchiki-s-malinoi
perekrestok,4453804,"Блинчики с малиной и клубникой замороженные Перекрёсток Select, 400г",review,3,foodru_272272,Малиновые блинчики,0.6609,strawberry,,strawberry,,"missing_named_components, named_ingredient_unconfirmed, low_name_score",https://food.ru/recipes/272272-malinovye-blinchiki-1776110564
perekrestok,4453850,"Гратен картофельный с курицей замороженный Перекрёсток Select, 250г",matched,1,foodru_256167,Картофельно-куриный гратен на обед,0.9208,,,,,,https://food.ru/recipes/256167-kartofelno-kurinyi-graten-1751215440
perekrestok,4453850,"Гратен картофельный с курицей замороженный Перекрёсток Select, 250г",matched,2,foodru_103109,Картофельный гратен,0.8322,,,,,,https://food.ru/recipes/103109-kartofelnyi-graten
perekrestok,4453850,"Гратен картофельный с курицей замороженный Перекрёсток Select, 250г",matched,3,foodru_257219,Картофельно-куриные наггетсы,0.5013,graten,nugget,,,"dish_family_unconfirmed, missing_named_components, extra_recipe_components, low_name_score",https://food.ru/recipes/257219-kartofelno-kurinye-naggetsy-1752390407
perekrestok,4453970,"Оладьи куриные со спагетти в томатном соусе Перекрёсток Select, 250г",review,1,foodru_2950,Куриные оладьи,0.5436,"pasta, sauce, tomato",,tomato,,"missing_named_components, named_ingredient_unconfirmed, named_sauce_component_unconfirmed, low_name_score",https://food.ru/recipes/2950-kurinye-oladi
perekrestok,4453970,"Оладьи куриные со спагетти в томатном соусе Перекрёсток Select, 250г",review,2,foodru_11974,Тортилья с курицей и хашбрауном,0.441,pasta,tortil,,,"missing_named_components, extra_recipe_components, low_name_score",https://food.ru/recipes/11974-tortilja-s-kuricei-i-hashbraunom
perekrestok,4453970,"Оладьи куриные со спагетти в томатном соусе Перекрёсток Select, 250г",review,3,foodru_235474,Оладьи по-домашнему,0.4249,"chicken, pasta, sauce, tomato",,"chicken, tomato",,"missing_named_components, named_ingredient_unconfirmed, named_sauce_component_unconfirmed, protein_unconfirmed_in_ingredients, low_name_score",https://food.ru/recipes/235474-oladi-po-domashnemu-1732441686
perekrestok,4453972,Салат Сельдь под шубой Перекрёсток Select 300г,matched,1,foodru_44074,Салат «Селедка под шубой»,1.0,,,,,,https://food.ru/recipes/44074-salat-seledka-pod-shuboi
perekrestok,4453972,Салат Сельдь под шубой Перекрёсток Select 300г,matched,2,foodru_87550,Салат из копченой курицы с сельдереем,0.5547,shub,"chicken, kopche",,,"missing_named_components, extra_recipe_components, low_name_score",https://food.ru/recipes/87550-salat-iz-kopchenoi-kuricy-s-seldereem
perekrestok,4453972,Салат Сельдь под шубой Перекрёсток Select 300г,matched,3,foodru_271808,"Салат с копченой курицей, картофелем и сельдереем",0.5358,shub,"chicken, kopche, potato",,,"missing_named_components, extra_recipe_components, low_name_score",https://food.ru/recipes/271808-salat-s-kopchenoi-kuricei-kartofelem-i-seldereem
perekrestok,4453977,"Оладьи куриные Перекрёсток Select, 160г",matched,1,foodru_2950,Куриные оладьи,1.0,,,,,,https://food.ru/recipes/2950-kurinye-oladi
perekrestok,4453977,"Оладьи куриные Перекрёсток Select, 160г",matched,2,foodru_11974,Тортилья с курицей и хашбрауном,0.8975,,tortil,,,extra_recipe_components,https://food.ru/recipes/11974-tortilja-s-kuricei-i-hashbraunom
perekrestok,4453977,"Оладьи куриные Перекрёсток Select, 160г",matched,3,foodru_235474,Оладьи по-домашнему,0.714,chicken,,chicken,,"missing_named_components, named_ingredient_unconfirmed, protein_unconfirmed_in_ingredients, low_name_score",https://food.ru/recipes/235474-oladi-po-domashnemu-1732441686
perekrestok,4454139,Рулетики из баклажанов с ореховой начинкой Перекрёсток Select 140г,matched,1,foodru_129309,Рулетики из баклажанов с ореховой начинкой,1.0,,,,,,https://food.ru/recipes/129309-ruletiki-iz-baklazhan-s-orekhovoi-nachinkoi-1647332915
perekrestok,4454139,Рулетики из баклажанов с ореховой начинкой Перекрёсток Select 140г,matched,2,foodru_74404,Рулетики из ветчины,0.3857,"baklazhan, nuts",ham,nuts,,"dish_family_unconfirmed, missing_named_components, extra_recipe_components, named_ingredient_unconfirmed, low_name_score",https://food.ru/recipes/74404-ruletiki-iz-vetchiny
perekrestok,4454139,Рулетики из баклажанов с ореховой начинкой Перекрёсток Select 140г,matched,3,foodru_118172,Рулетики с ветчиной,0.3857,"baklazhan, nuts",ham,nuts,,"dish_family_unconfirmed, missing_named_components, extra_recipe_components, named_ingredient_unconfirmed, low_name_score",https://food.ru/recipes/118172-ruletiki-s-vetchinoi-1645442107
perekrestok,4454519,"Фрикадельки мясные с томатами и гречкой замороженные Перекрёсток Select, 250г",matched,1,foodru_250473,Тефтели из фарша с гречкой,0.8243,,,,,,https://food.ru/recipes/250473-tefteli-iz-farsha-s-grechkoi
perekrestok,4454519,"Фрикадельки мясные с томатами и гречкой замороженные Перекрёсток Select, 250г",matched,2,foodru_127587,Фрикадельки из фарша и гречки,0.8243,,,,,,https://food.ru/recipes/127587-frikadelki-iz-farsha-i-grechki-1646573235
perekrestok,4454519,"Фрикадельки мясные с томатами и гречкой замороженные Перекрёсток Select, 250г",matched,3,foodru_177369,Сытные мясные тефтели в томатном соусе с гречневой кашей,0.9221,,kash,,,extra_recipe_components,https://food.ru/recipes/177369-sytnye-miasnye-tefteli-s-grechnevoi-kashei-v-tomatnom-souse-1689396529
perekrestok,4454573,"Соус томатный Кинто Шакшука летняя пастеризованный, 305г",review,1,foodru_191677,Летняя шакшука с сыром,0.6703,"kinto, pasterizov, sauce",cheese,,,"dish_family_unconfirmed, missing_named_components, extra_recipe_components, low_name_score",https://food.ru/recipes/191677-letniaia-shakshuka-s-syrom-1696757975
perekrestok,4454573,"Соус томатный Кинто Шакшука летняя пастеризованный, 305г",review,2,foodru_3177,Томатный соус,0.4493,"kinto, letna, pasterizov, shakshuk",,,,"missing_named_components, low_name_score",https://food.ru/recipes/3177-tomatnyi-sous
perekrestok,4454573,"Соус томатный Кинто Шакшука летняя пастеризованный, 305г",review,3,foodru_103448,Соус «Помидорка»,0.4493,"kinto, letna, pasterizov, shakshuk",,,,"missing_named_components, low_name_score",https://food.ru/recipes/103448-sous-pomidorka
perekrestok,4454685,"Равиоли с моцареллой, базиликом и томатным соусом Перекрёсток Select, 250г",review,1,foodru_246735,"Лепешка с помидорами, сыром и базиликом",0.7483,"raviol, sauce",lepeshk,,,"dish_family_unconfirmed, missing_named_components, extra_recipe_components",https://food.ru/recipes/246735-lepeshka-s-pomidorami-syrom-i-bazilikom-1741795278
perekrestok,4454685,"Равиоли с моцареллой, базиликом и томатным соусом Перекрёсток Select, 250г",review,2,foodru_274101,"Лепешка с помидором, сушеным базиликом и сыром",0.7102,"raviol, sauce","lepeshk, sushe",,,"dish_family_unconfirmed, missing_named_components, extra_recipe_components, low_name_score",https://food.ru/recipes/274101-lepeshka-s-pomidorom-sushenym-bazilikom-i-syrom-1779720717
perekrestok,4454685,"Равиоли с моцареллой, базиликом и томатным соусом Перекрёсток Select, 250г",review,3,foodru_3177,Томатный соус,0.5387,"cheese, raviol",,cheese,,"missing_named_components, named_ingredient_unconfirmed, low_name_score",https://food.ru/recipes/3177-tomatnyi-sous
perekrestok,4454813,"Каша рисовая с яблоком, манго и мякотью кокоса замороженная Перекрёсток Select, 220г",review,1,foodru_260618,Рисовая каша с кокосовой стружкой и манго,0.6786,"apple, poppy",struzhk,"apple, poppy",,"missing_named_components, extra_recipe_components, named_ingredient_unconfirmed, low_name_score",https://food.ru/recipes/260618-risovaia-kasha-s-kokosovoi-struzhkoi-i-mango-1756218839
perekrestok,4454813,"Каша рисовая с яблоком, манго и мякотью кокоса замороженная Перекрёсток Select, 220г",review,2,foodru_272380,Рисовая каша с кокосом,0.5518,"apple, mango, poppy",,"apple, coconut, poppy",,"missing_named_components, named_ingredient_unconfirmed, low_name_score",https://food.ru/recipes/272380-risovaia-kasha-s-kokosom-1776319161
perekrestok,4454813,"Каша рисовая с яблоком, манго и мякотью кокоса замороженная Перекрёсток Select, 220г",review,3,foodru_83449,Рисовая каша на кокосовом молоке,0.4989,"apple, mango, poppy",,"apple, poppy",,"missing_named_components, named_ingredient_unconfirmed, low_name_score",https://food.ru/recipes/83449-risovaja-kasha-na-kokosovom-moloke
perekrestok,4454891,"Оладьи мини быстрозамороженные Перекресток Select, 250г",matched,1,foodru_235474,Оладьи по-домашнему,1.0,,,,,,https://food.ru/recipes/235474-oladi-po-domashnemu-1732441686
perekrestok,4454891,"Оладьи мини быстрозамороженные Перекресток Select, 250г",matched,2,foodru_102923,Хашбраун с чесноком,0.89,,,,,,https://food.ru/recipes/102923-hashbraun
perekrestok,4454891,"Оладьи мини быстрозамороженные Перекресток Select, 250г",matched,3,foodru_2950,Куриные оладьи,0.9193,,chicken,,,extra_recipe_components,https://food.ru/recipes/2950-kurinye-oladi
perekrestok,4454895,"Панкейки со сливочно-сырным кремом и вишней охлаждённые Перекрёсток Select, 165г",review,1,foodru_208865,Торт со сливочным кремом и вишней,0.61,pankeik,tort,,,"dish_family_unconfirmed, missing_named_components, extra_recipe_components, low_name_score",https://food.ru/recipes/208865-tort-so-slivochnym-kremom-i-vishnei-1707328636
perekrestok,4454895,"Панкейки со сливочно-сырным кремом и вишней охлаждённые Перекрёсток Select, 165г",review,2,foodru_191352,Блинный торт с творожным кремом и вишней,0.4077,"cream, pankeik","cottage_cheese, pancake, tort",,,"dish_family_unconfirmed, missing_named_components, extra_recipe_components, low_name_score",https://food.ru/recipes/191352-blinnyi-tort-s-tvorozhnym-kremom-i-vishnei-1696600671
perekrestok,4454895,"Панкейки со сливочно-сырным кремом и вишней охлаждённые Перекрёсток Select, 165г",review,3,foodru_163189,Меренговый рулет с кремом чиз и вишневым джемом,0.3704,pankeik,"chiz, dzhem, mereng, rulet",cherry,,"dish_family_unconfirmed, missing_named_components, extra_recipe_components, named_ingredient_unconfirmed, low_name_score",https://food.ru/recipes/163189-merengovyi-rulet-s-kremom-chiz-i-vishnevym-dzhemom-1678569376
perekrestok,4454913,"Фетучини с курицей, белыми грибами и соусом Альфредо замороженный Перекрёсток Select, 200г",review,1,foodru_149081,Паста под соусом «Альфредо»,0.6119,"belym, chicken, mushroom",,"chicken, mushroom",,"missing_named_components, named_ingredient_unconfirmed, protein_unconfirmed_in_ingredients, low_name_score",https://food.ru/recipes/149081-pasta-pod-sousom-alfredo
perekrestok,4454913,"Фетучини с курицей, белыми грибами и соусом Альфредо замороженный Перекрёсток Select, 200г",review,2,foodru_30160,Домашние фетучини,0.3279,"alfredo, belym, chicken, mushroom, sauce",,"chicken, mushroom",,"missing_named_components, named_ingredient_unconfirmed, protein_unconfirmed_in_ingredients, low_name_score",https://food.ru/recipes/30160-domashnie-fetuchini
perekrestok,4454913,"Фетучини с курицей, белыми грибами и соусом Альфредо замороженный Перекрёсток Select, 200г",review,3,foodru_108719,Паста с соусом песто,0.3125,"alfredo, belym, chicken, mushroom",pesto,"chicken, mushroom",,"missing_named_components, extra_recipe_components, named_ingredient_unconfirmed, protein_unconfirmed_in_ingredients, low_name_score",https://food.ru/recipes/108719-pasta-s-sousom-pesto-1644344250
perekrestok,4454935,"Снекмени Классические замороженные Sибирская коллекция, 220г",review,1,foodru_145757,Сибирская закуска,0.7298,"kollekc, snekmen",zakusk,,,"dish_family_unconfirmed, missing_named_components, extra_recipe_components",https://food.ru/recipes/145757-sibirskaia-zakuska-1657948349
perekrestok,4454938,"Снекмени Ветчина и сыр замороженные Sибирская коллекция, 220г",review,1,foodru_121566,Салат с сыром и ветчиной,0.4951,"kollekc, sibirska, snekmen",,,,"dish_family_unconfirmed, missing_named_components, low_name_score",https://food.ru/recipes/121566-salat-s-syrom-i-vetchinoi-1645992113
perekrestok,4454938,"Снекмени Ветчина и сыр замороженные Sибирская коллекция, 220г",review,2,foodru_87509,Сочный салат с брынзой и ветчиной,0.4951,"kollekc, sibirska, snekmen",,,,"dish_family_unconfirmed, missing_named_components, low_name_score",https://food.ru/recipes/87509-sochnyi-salat-s-brynzoi-i-vetchinoi
perekrestok,4454938,"Снекмени Ветчина и сыр замороженные Sибирская коллекция, 220г",review,3,foodru_106570,Блины с ветчиной и сыром,0.487,"kollekc, sibirska, snekmen",pancake,,,"dish_family_unconfirmed, missing_named_components, extra_recipe_components, low_name_score",https://food.ru/recipes/106570-bliny-s-vetchinoi-i-syrom-1643973566
perekrestok,4454940,"Пенне с куриным филе пармезаном и томатным соусом Перекрёсток Select, 250г",review,1,foodru_140035,Пенне в томатном соусе,0.7736,"cheese, chicken",,"cheese, chicken",,"missing_named_components, named_ingredient_unconfirmed, protein_unconfirmed_in_ingredients",https://food.ru/recipes/140035-penne-v-tomatnom-souse-1651145446
perekrestok,4454940,"Пенне с куриным филе пармезаном и томатным соусом Перекрёсток Select, 250г",review,2,foodru_74275,Курица в томатном соусе,0.5975,"cheese, penn",,cheese,,"missing_named_components, named_ingredient_unconfirmed, low_name_score",https://food.ru/recipes/74275-kurica-v-tomatnom-souse
perekrestok,4454940,"Пенне с куриным филе пармезаном и томатным соусом Перекрёсток Select, 250г",review,3,foodru_67535,Куриное филе в томатном соусе,0.5975,"cheese, penn",,cheese,,"missing_named_components, named_ingredient_unconfirmed, low_name_score",https://food.ru/recipes/67535-kurinoe-file-v-tomatnom-souse
perekrestok,4455158,"Котлеты из филе индейки с картофельным пюре замороженные Перекрёсток Select, 250г",review,1,foodru_101631,Пюре с картофелем и индейкой,0.806,cutlet,,,,"dish_family_unconfirmed, missing_named_components",https://food.ru/recipes/101631-piure-s-kartofelem-i-indeikoi
perekrestok,4455158,"Котлеты из филе индейки с картофельным пюре замороженные Перекрёсток Select, 250г",review,2,foodru_110445,Котлеты «Сочные» с картофельным пюре,0.7911,turkey,,"potato, turkey",,"missing_named_components, named_ingredient_unconfirmed, protein_unconfirmed_in_ingredients",https://food.ru/recipes/110445-kotlety-sochnye-s-kartofelnym-piure-1644669917
perekrestok,4455158,"Котлеты из филе индейки с картофельным пюре замороженные Перекрёсток Select, 250г",review,3,foodru_109435,Котлетки из картофельного пюре,0.7911,turkey,,turkey,,"missing_named_components, named_ingredient_unconfirmed, protein_unconfirmed_in_ingredients, side_dish_unconfirmed",https://food.ru/recipes/109435-kotletki-iz-kartofelnogo-piure
perekrestok,4455289,"Колбаски из куриного филе на гриле Перекрёсток Select, 200г",review,1,foodru_52083,Куриные колбаски гриль с пряностями,0.9203,,,sausage,,"named_ingredient_unconfirmed, protein_unconfirmed_in_ingredients",https://food.ru/recipes/52083-kurinye-kolbaski-gril-s-prjanostjami
perekrestok,4455289,"Колбаски из куриного филе на гриле Перекрёсток Select, 200г",review,2,foodru_35814,Овощи на гриле,0.4159,"chicken, sausage",,"chicken, sausage",,"dish_family_unconfirmed, missing_named_components, named_ingredient_unconfirmed, protein_unconfirmed_in_ingredients, low_name_score",https://food.ru/recipes/35814-ovoshchi-na-grile
perekrestok,4455289,"Колбаски из куриного филе на гриле Перекрёсток Select, 200г",review,3,foodru_201943,Шашлык на гриле к ужину,0.3602,"chicken, sausage",kebab,"chicken, sausage",,"dish_family_unconfirmed, missing_named_components, extra_recipe_components, named_ingredient_unconfirmed, protein_unconfirmed_in_ingredients, low_name_score",https://food.ru/recipes/201943-shashlyk-na-grile-1700315170
perekrestok,4455459,"Каша на молоке из пшена и риса Перекрёсток Select, 250г",matched,1,foodru_230179,Рисово-пшенная каша,0.8105,,,,,,https://food.ru/recipes/230179-kasha-iz-risa-i-pshena
perekrestok,4455459,"Каша на молоке из пшена и риса Перекрёсток Select, 250г",matched,2,foodru_29044,Пшенная каша на молоке,0.8197,rice,,rice,,"missing_named_components, named_ingredient_unconfirmed",https://food.ru/recipes/29044-pshennaja-kasha-na-moloke
perekrestok,4455459,"Каша на молоке из пшена и риса Перекрёсток Select, 250г",matched,3,foodru_173269,Пшенная каша на молоке,0.8197,rice,,rice,,"missing_named_components, named_ingredient_unconfirmed",https://food.ru/recipes/173269-pshennaia-kasha-na-moloke-1687075332
perekrestok,4455573,"Суп из щавеля Перекрёсток Select, 250г",matched,1,foodru_43608,Суп из щавеля,1.0,,,,,,https://food.ru/recipes/43608-sup-iz-shchavelja
perekrestok,4455573,"Суп из щавеля Перекрёсток Select, 250г",matched,2,foodru_43045,Супермакароны,0.5043,sorrel,,sorrel,,"missing_named_components, named_ingredient_unconfirmed, low_name_score",https://food.ru/recipes/43045-supermakarony
perekrestok,4455573,"Суп из щавеля Перекрёсток Select, 250г",matched,3,foodru_84176,Суп а-ля харчо,0.3747,sorrel,kharcho,sorrel,,"missing_named_components, extra_recipe_components, named_ingredient_unconfirmed, low_name_score",https://food.ru/recipes/84176-sup-a-lja-harcho
perekrestok,4455671,Гречка отварная со сливочным маслом Перекрёсток Select 170г,matched,1,foodru_199764,Гречка отварная на сливочном масле,1.0,,,,,,https://food.ru/recipes/199764-grechka-otvarnaya-na-slivochnom-masle-1700194656
perekrestok,4455671,Гречка отварная со сливочным маслом Перекрёсток Select 170г,matched,2,foodru_221505,Круассаны со сливочным маслом,0.4736,"buckwheat, otvarna",croissant,buckwheat,,"dish_family_unconfirmed, missing_named_components, extra_recipe_components, named_ingredient_unconfirmed, low_name_score",https://food.ru/recipes/221505-kruassany-so-slivochnym-maslom-1720190584
perekrestok,4455671,Гречка отварная со сливочным маслом Перекрёсток Select 170г,matched,3,foodru_161748,Осетр с лимоном и сливочным маслом,0.4269,"buckwheat, otvarna","limon, osetr",buckwheat,,"dish_family_unconfirmed, missing_named_components, extra_recipe_components, named_ingredient_unconfirmed, low_name_score",https://food.ru/recipes/161748-osetr-s-limonom-i-slivochnym-maslom-1676476410
perekrestok,4455767,"Вафли «Очень сытные дела» Творожные бельгийские замороженные, 130г",review,1,foodru_95828,Бельгийские вафли с творогом,0.7337,"dela, ochen",,,,"dish_family_unconfirmed, missing_named_components",https://food.ru/recipes/95828-belgiiskie-vafli-s-tvorogom
perekrestok,4455767,"Вафли «Очень сытные дела» Творожные бельгийские замороженные, 130г",review,2,foodru_144889,Бельгийские вафли на молоке,0.5487,"cottage_cheese, dela, ochen",,cottage_cheese,,"dish_family_unconfirmed, missing_named_components, named_ingredient_unconfirmed, low_name_score",https://food.ru/recipes/144889-belgiiskie-vafli-1657908505
perekrestok,4455767,"Вафли «Очень сытные дела» Творожные бельгийские замороженные, 130г",review,3,foodru_147891,Бельгийские вафли на электрогриле,0.5241,"cottage_cheese, dela, ochen",elektrogril,cottage_cheese,,"dish_family_unconfirmed, missing_named_components, extra_recipe_components, named_ingredient_unconfirmed, low_name_score",https://food.ru/recipes/147891-belgiiskie-vafli-1660591985
perekrestok,4456096,"Запеканка творожная с малиновым желе охлаждённая Перекрёсток Select, 200г",review,1,foodru_95819,Нежное молочно-творожное желе с малиной,0.7701,bake,,,,"dish_family_unconfirmed, missing_named_components",https://food.ru/recipes/95819-nezhnoe-molochno-tvorozhnoe-zhele-s-malinoi
perekrestok,4456096,"Запеканка творожная с малиновым желе охлаждённая Перекрёсток Select, 200г",review,2,foodru_215604,Запеканка с творогом и малиной,0.7336,zhel,,,,missing_named_components,https://food.ru/recipes/215604-zapekanka-s-tvorogom-i-malinoi-1714334366
perekrestok,4456096,"Запеканка творожная с малиновым желе охлаждённая Перекрёсток Select, 200г",review,3,foodru_226904,Малиново-творожная запеканка,0.7336,zhel,,,,missing_named_components,https://food.ru/recipes/226904-malinovo-tvorozhnaia-zapekanka-1724789945
perekrestok,4456098,"Запеканка творожная с абрикосовым желе охлаждённая Перекрёсток Select, 200г",review,1,foodru_166759,Нежная творожная запеканка с курагой,0.7444,zhel,,,,missing_named_components,https://food.ru/recipes/166759-tvorozhnaia-zapekanka-s-kuragoi-1681318682
perekrestok,4456098,"Запеканка творожная с абрикосовым желе охлаждённая Перекрёсток Select, 200г",review,2,foodru_189,Творожная запеканка с курагой,0.7444,zhel,,,,missing_named_components,https://food.ru/recipes/189-tvorozhnaja-zapekanka-s-kuragoi
perekrestok,4456098,"Запеканка творожная с абрикосовым желе охлаждённая Перекрёсток Select, 200г",review,3,foodru_177951,Творожная запеканка с абрикосами,0.7444,zhel,,,,missing_named_components,https://food.ru/recipes/177951-tvorozhnaia-zapekanka-s-abrikosami-1689782084
perekrestok,4456295,"Салат с филе индейки, сыром фета и персиком с медовой заправкой Перекрёсток Select, 200г",review,1,foodru_107507,Индейка с сыром фета,0.5161,"medov, peach, salad, zapravk",,peach,,"dish_family_unconfirmed, missing_named_components, named_ingredient_unconfirmed, low_name_score",https://food.ru/recipes/107507-indeika-s-syrom-feta-1644182597
perekrestok,4456295,"Салат с филе индейки, сыром фета и персиком с медовой заправкой Перекрёсток Select, 200г",review,2,foodru_236523,Салат с брынзой и медово-горчичной заправкой,0.387,"feta, medov, peach, turkey","gorchich, medovo","peach, turkey",,"missing_named_components, extra_recipe_components, named_ingredient_unconfirmed, protein_unconfirmed_in_ingredients, low_name_score",https://food.ru/recipes/236523-salat-s-brynzoi-i-medovo-gorchichnoi-zapravkoi-1733210187
perekrestok,4456295,"Салат с филе индейки, сыром фета и персиком с медовой заправкой Перекрёсток Select, 200г",review,3,foodru_212354,Салат с индейкой су-вид под йогуртово-медовым соусом,0.3777,"cheese, feta, peach, zapravk","iogurtovo, vid","cheese, peach",,"missing_named_components, extra_recipe_components, named_ingredient_unconfirmed, low_name_score",https://food.ru/recipes/212354-salat-s-indeikoi-su-vid-pod-iogurtovo-medovym-sousom
perekrestok,4456296,"Филе индейки гриль Перекрёсток Select, 150г",matched,1,foodru_87127,Индейка на гриле,1.0,,,,,,https://food.ru/recipes/87127-indeika-na-grile
perekrestok,4456296,"Филе индейки гриль Перекрёсток Select, 150г",matched,2,foodru_35814,Овощи на гриле,0.5307,turkey,,turkey,,"dish_family_unconfirmed, missing_named_components, named_ingredient_unconfirmed, protein_unconfirmed_in_ingredients, low_name_score",https://food.ru/recipes/35814-ovoshchi-na-grile
perekrestok,4456296,"Филе индейки гриль Перекрёсток Select, 150г",matched,3,foodru_153723,Соус с индейкой,0.5045,gril,,,,"dish_family_unconfirmed, missing_named_components, low_name_score",https://food.ru/recipes/153723-sous-s-indeikoi-1668609145
perekrestok,4456297,"Салат с куриным филе, персиком и соусом сладкий чили Перекрёсток Select, 170г",review,1,foodru_2564,Салат куриный с грибами,0.2986,"chil, peach, sauce, sladki",mushroom,peach,,"missing_named_components, extra_recipe_components, named_ingredient_unconfirmed, low_name_score",https://food.ru/recipes/2564-salat-kurinyi-s-gribami
perekrestok,4456297,"Салат с куриным филе, персиком и соусом сладкий чили Перекрёсток Select, 170г",review,2,foodru_60152,Классический салат «Цезарь» с курицей,0.2801,"chil, peach, sladki",caesar,peach,,"missing_named_components, extra_recipe_components, named_ingredient_unconfirmed, low_name_score",https://food.ru/recipes/60152-klassicheskii-salat-cezar-s-kuricei
perekrestok,4456297,"Салат с куриным филе, персиком и соусом сладкий чили Перекрёсток Select, 170г",review,3,foodru_167,Салат с курицей и фасолью,0.2694,"chil, peach, sauce, sladki",beans,peach,,"missing_named_components, extra_recipe_components, named_ingredient_unconfirmed, low_name_score",https://food.ru/recipes/167-salat-s-kuricei-i-fasoliu
perekrestok,4456298,"Салат с карамелизированной тыквой, козьим сыром и медово-горчичной заправкой Перекрёсток Select, 155г",review,1,foodru_236523,Салат с брынзой и медово-горчичной заправкой,0.8362,"karamelizirovan, kozim, pumpkin",,pumpkin,,"missing_named_components, named_ingredient_unconfirmed",https://food.ru/recipes/236523-salat-s-brynzoi-i-medovo-gorchichnoi-zapravkoi-1733210187
perekrestok,4456298,"Салат с карамелизированной тыквой, козьим сыром и медово-горчичной заправкой Перекрёсток Select, 155г",review,2,foodru_103710,ПП салат с сыром,0.3687,"gorchich, karamelizirovan, kozim, medovo, pumpkin, zapravk",,pumpkin,,"missing_named_components, named_ingredient_unconfirmed, unexpected_protein_in_ingredients, low_name_score",https://food.ru/recipes/103710-pp-salat-s-syrom
perekrestok,4456298,"Салат с карамелизированной тыквой, козьим сыром и медово-горчичной заправкой Перекрёсток Select, 155г",review,3,foodru_44106,Сырный салат,0.3687,"gorchich, karamelizirovan, kozim, medovo, pumpkin, zapravk",,pumpkin,,"missing_named_components, named_ingredient_unconfirmed, unexpected_protein_in_ingredients, low_name_score",https://food.ru/recipes/44106-syrnyi-salat
perekrestok,4456424,"Паста в соусе Болоньезе замороженная Mary Wong, 240г",review,1,foodru_53229,Спагетти с соусом болоньезе,0.8953,"mary, wong",,,,missing_named_components,https://food.ru/recipes/53229-spagetti-s-sousom-boloneze
perekrestok,4456424,"Паста в соусе Болоньезе замороженная Mary Wong, 240г",review,2,foodru_43005,Домашние фетучини в соусе болоньезе,0.8953,"mary, wong",,,,missing_named_components,https://food.ru/recipes/43005-domashnie-fetuchini-v-souse-boloneze
perekrestok,4456424,"Паста в соусе Болоньезе замороженная Mary Wong, 240г",review,3,foodru_87792,Паста фузилли под соусом болоньезе,0.8953,"mary, wong",,,,missing_named_components,https://food.ru/recipes/87792-pasta-fuzilli-pod-sousom-boloneze
perekrestok,4456426,"Паста с куриными фрикадельками в сырном сливочном соусе замороженная Mary Wong, 240г",review,1,foodru_137761,Сырные куриные тефтели в сливочном соусе,0.8111,"mary, pasta, wong",,,,missing_named_components,https://food.ru/recipes/137761-syrnye-kurinye-tefteli-v-slivochnom-souse
perekrestok,4456426,"Паста с куриными фрикадельками в сырном сливочном соусе замороженная Mary Wong, 240г",review,2,foodru_239727,Рубленые куриные тефтели в сливочно-сырном соусе,0.7519,"mary, pasta, wong",rublen,,,"missing_named_components, extra_recipe_components",https://food.ru/recipes/239727-rublenye-kurinye-tefteli-v-slivochno-syrnom-souse-1736159184
perekrestok,4456426,"Паста с куриными фрикадельками в сырном сливочном соусе замороженная Mary Wong, 240г",review,3,foodru_2311,Куриные тефтели в сливочном соусе,0.713,"cheese, mary, pasta, wong",,cheese,,"missing_named_components, named_ingredient_unconfirmed, low_name_score",https://food.ru/recipes/2311-kurinye-tefteli-v-slivochnom-souse
perekrestok,4456667,"Голень куриная с хрустящей корочкой замороженная Перекрёсток Select, 400г",matched,1,foodru_229276,Куриные голени с хрустящей корочкой,1.0,,,,,,https://food.ru/recipes/229276-kurinye-goleni-v-khrustiashchei-korochke-1726686845
perekrestok,4456667,"Голень куриная с хрустящей корочкой замороженная Перекрёсток Select, 400г",matched,2,foodru_83577,Куриные крылья и голени в соусе терияки на угольном гриле,0.5353,korochk,"gril, kryl, teriyaki, ugoln",,,"dish_family_unconfirmed, missing_named_components, extra_recipe_components, low_name_score",https://food.ru/recipes/83577-kurinye-krylja-i-goleni-v-souse-terijaki-na-ugolnom-grile
perekrestok,4456667,"Голень куриная с хрустящей корочкой замороженная Перекрёсток Select, 400г",matched,3,foodru_232312,Куриные бедра под сырной корочкой с грибами,0.5308,golen,"cheese, mushroom",,,"dish_family_unconfirmed, missing_named_components, extra_recipe_components, low_name_score",https://food.ru/recipes/232312-kurinye-bedra-pod-syrnoi-korochkoi-s-gribami-1729359937
perekrestok,4456767,"Крылышки в соусе Барбекю замороженные Перекрёсток Select, 300г",review,1,foodru_249053,Куриные крылышки с соусом барбекю в духовке,0.9173,,"chicken, duhovk",,,extra_recipe_components,https://food.ru/recipes/249053-kurinye-krylyshki-s-sous-barbekiu-zapechennye-v-dukhovke-1744015543
perekrestok,4456767,"Крылышки в соусе Барбекю замороженные Перекрёсток Select, 300г",review,2,foodru_127000,Крылышки барбекю,0.8362,sauce,,,,"dish_family_unconfirmed, missing_named_components",https://food.ru/recipes/127000-krylyshki-barbekiu-1646483459
perekrestok,4456767,"Крылышки в соусе Барбекю замороженные Перекрёсток Select, 300г",review,3,foodru_97806,Крылышки барбекю как на мангале,0.7109,sauce,"kak, mangal",,,"dish_family_unconfirmed, missing_named_components, extra_recipe_components, low_name_score",https://food.ru/recipes/97806-krylyshki-barbekiu-1643036402
perekrestok,4456974,"Булгур в грибном соусе с курицей замороженный Mary Wong, 240г",review,1,foodru_137889,Булгур с курицей и грибами,0.8001,"mary, sauce, wong",,,,"dish_family_unconfirmed, missing_named_components",https://food.ru/recipes/137889-bulgur-s-kuricei-i-gribami
perekrestok,4456974,"Булгур в грибном соусе с курицей замороженный Mary Wong, 240г",review,2,foodru_2293,Курица с шампиньонами в сливочном соусе,0.5509,"bulgur, mary, wong",,bulgur,,"missing_named_components, named_ingredient_unconfirmed, low_name_score",https://food.ru/recipes/2293-kurica-s-shampinonami-v-slivochnom-souse
perekrestok,4456974,"Булгур в грибном соусе с курицей замороженный Mary Wong, 240г",review,3,foodru_111667,Сливочный грибной соус с курицей,0.5509,"bulgur, mary, wong",,bulgur,,"missing_named_components, named_ingredient_unconfirmed, low_name_score",https://food.ru/recipes/111667-slivochnyi-gribnoi-sous-s-kuricei
perekrestok,4457226,"Сырники Шоколадные замороженные Перекрёсток Select, 280г",matched,1,foodru_93854,Шоколадные сырники с какао,0.9101,,,,,,https://food.ru/recipes/93854-shokoladnye-syrniki-1642179894
perekrestok,4457226,"Сырники Шоколадные замороженные Перекрёсток Select, 280г",matched,2,foodru_411,Сырники классические,0.5969,chocolate,,chocolate,,"missing_named_components, named_ingredient_unconfirmed, low_name_score",https://food.ru/recipes/411-syrniki-klassicheskie
perekrestok,4457226,"Сырники Шоколадные замороженные Перекрёсток Select, 280г",matched,3,foodru_71337,Жареные сырники,0.5969,chocolate,,chocolate,,"missing_named_components, named_ingredient_unconfirmed, low_name_score",https://food.ru/recipes/71337-zharenye-syrniki
perekrestok,4457274,"Шашлык куриный гриль Перекрёсток Select, 230г",matched,1,foodru_213349,Куриный шашлык на гриле,1.0,,,,,,https://food.ru/recipes/213349-kurinyi-shashlyk-na-grile-1712672199
perekrestok,4457274,"Шашлык куриный гриль Перекрёсток Select, 230г",matched,2,foodru_201943,Шашлык на гриле к ужину,0.7483,chicken,,chicken,,"missing_named_components, named_ingredient_unconfirmed, protein_unconfirmed_in_ingredients",https://food.ru/recipes/201943-shashlyk-na-grile-1700315170
perekrestok,4457274,"Шашлык куриный гриль Перекрёсток Select, 230г",matched,3,foodru_168513,Шашлык на электрическом гриле,0.7361,chicken,elektrichesk,chicken,,"missing_named_components, extra_recipe_components, named_ingredient_unconfirmed, protein_unconfirmed_in_ingredients",https://food.ru/recipes/168513-shashlyk-na-grile-1681364853
perekrestok,4457276,"Шашлык из свинины гриль Перекрёсток Select, 230г",review,1,foodru_257433,Шашлык из свинины с молодым картофелем на гриле,0.9117,,"molod, potato",,,extra_recipe_components,https://food.ru/recipes/257433-shashlyk-iz-svininy-s-molodym-kartofelem-na-grile-1752563553
perekrestok,4457276,"Шашлык из свинины гриль Перекрёсток Select, 230г",review,2,foodru_201943,Шашлык на гриле к ужину,0.6505,pork,,pork,,"missing_named_components, named_ingredient_unconfirmed, protein_unconfirmed_in_ingredients, low_name_score",https://food.ru/recipes/201943-shashlyk-na-grile-1700315170
perekrestok,4457276,"Шашлык из свинины гриль Перекрёсток Select, 230г",review,3,foodru_168513,Шашлык на электрическом гриле,0.6383,pork,elektrichesk,pork,,"missing_named_components, extra_recipe_components, named_ingredient_unconfirmed, protein_unconfirmed_in_ingredients, low_name_score",https://food.ru/recipes/168513-shashlyk-na-grile-1681364853
perekrestok,4457364,Каша рисовая на кокосовом молоке Перекрёсток Select 250г,matched,1,foodru_83449,Рисовая каша на кокосовом молоке,1.0,,,,,,https://food.ru/recipes/83449-risovaja-kasha-na-kokosovom-moloke
perekrestok,4457364,Каша рисовая на кокосовом молоке Перекрёсток Select 250г,matched,2,foodru_272380,Рисовая каша с кокосом,0.8125,,,coconut,,named_ingredient_unconfirmed,https://food.ru/recipes/272380-risovaia-kasha-s-kokosom-1776319161
perekrestok,4457364,Каша рисовая на кокосовом молоке Перекрёсток Select 250г,matched,3,foodru_2019,Молочная рисовая каша,0.7752,coconut,,coconut,,"missing_named_components, named_ingredient_unconfirmed",https://food.ru/recipes/2019-molochnaja-risovaja-kasha
perekrestok,4457463,"Крыло Терияки куриное гриль Перекрёсток Select, 240г",review,1,foodru_83577,Куриные крылья и голени в соусе терияки на угольном гриле,0.5698,krylo,"golen, kryl, ugoln",,,"dish_family_unconfirmed, missing_named_components, extra_recipe_components, low_name_score",https://food.ru/recipes/83577-kurinye-krylja-i-goleni-v-souse-terijaki-na-ugolnom-grile
perekrestok,4457463,"Крыло Терияки куриное гриль Перекрёсток Select, 240г",review,2,foodru_96384,Жареные шампиньоны в соусе терияки на угольном гриле,0.4764,"chicken, krylo","mushroom, ugoln",chicken,,"dish_family_unconfirmed, missing_named_components, extra_recipe_components, named_ingredient_unconfirmed, protein_unconfirmed_in_ingredients, low_name_score",https://food.ru/recipes/96384-zharenye-shampinony-v-souse-terijaki-na-ugolnom-grile
perekrestok,4457463,"Крыло Терияки куриное гриль Перекрёсток Select, 240г",review,3,foodru_103540,Нежная курочка терияки с рисом,0.4455,"gril, krylo",rice,,,"dish_family_unconfirmed, missing_named_components, extra_recipe_components, low_name_score",https://food.ru/recipes/103540-nezhnaja-kurochka-terijaki-s-risom
perekrestok,4457522,"Шницель по-министерски с рисом и овощами Перекрёсток Select, 300г",review,1,foodru_159,Рис с овощами,0.603,"ministersk, schnitzel",,,,"dish_family_unconfirmed, missing_named_components, side_dish_unconfirmed, low_name_score",https://food.ru/recipes/159-ris-s-ovoshchami
perekrestok,4457522,"Шницель по-министерски с рисом и овощами Перекрёсток Select, 300г",review,2,foodru_43007,Курица с рисом и овощами,0.5458,"ministersk, schnitzel",chicken,,,"dish_family_unconfirmed, missing_named_components, extra_recipe_components, low_name_score",https://food.ru/recipes/43007-kurica-s-risom-i-ovoshchami
perekrestok,4457522,"Шницель по-министерски с рисом и овощами Перекрёсток Select, 300г",review,3,foodru_53519,Рис с курицей и овощами,0.5458,"ministersk, schnitzel",chicken,,,"dish_family_unconfirmed, missing_named_components, extra_recipe_components, side_dish_unconfirmed, low_name_score",https://food.ru/recipes/53519-ris-s-kuricei-i-ovoshchami
perekrestok,4457542,"Скрэмбл с сосиской Перекрёсток Select, 155г",matched,1,foodru_246653,Скрэмбл с сосиской,1.0,,,,,,https://food.ru/recipes/246653-skrembl-s-sosiskoi-1741749972
perekrestok,4457542,"Скрэмбл с сосиской Перекрёсток Select, 155г",matched,2,foodru_44097,Запеченный омлет,0.6141,sausage,,sausage,,"missing_named_components, named_ingredient_unconfirmed, protein_unconfirmed_in_ingredients, low_name_score",https://food.ru/recipes/44097-zapechennyi-omlet
perekrestok,4457542,"Скрэмбл с сосиской Перекрёсток Select, 155г",matched,3,foodru_52068,Домашние колбаски пеперони,0.4905,omelette,pepperoni,sausage,,"dish_family_unconfirmed, missing_named_components, extra_recipe_components, named_ingredient_unconfirmed, protein_unconfirmed_in_ingredients, low_name_score",https://food.ru/recipes/52068-domashnie-kolbaski-pepperone
perekrestok,4457939,"Наггетсы куриные замороженные Перекрёсток Select, 240г",matched,1,foodru_2588,Куриные наггетсы,1.0,,,,,,https://food.ru/recipes/2588-kurinye-naggetsy
perekrestok,4457939,"Наггетсы куриные замороженные Перекрёсток Select, 240г",matched,2,foodru_105400,Хрустящие стрипсы из курочки,1.0,,,,,,https://food.ru/recipes/105400-khrustiashchie-stripsy-iz-kurochki-1643873189
perekrestok,4457939,"Наггетсы куриные замороженные Перекрёсток Select, 240г",matched,3,foodru_43966,Куриные наггетсы с сыром,0.9402,,cheese,,,extra_recipe_components,https://food.ru/recipes/43966-kurinye-naggetsy-s-syrom
perekrestok,4458084,"Блинчики с картофелем и грибами Перекрёсток Select, 160г",matched,1,foodru_94859,Блинчики с картофелем и грибами,1.0,,,,,,https://food.ru/recipes/94859-blinchiki-s-kartofelem-i-gribami-1642523352
perekrestok,4458084,"Блинчики с картофелем и грибами Перекрёсток Select, 160г",matched,2,foodru_30092,Картофельные зразы с грибами,0.6427,pancake,zraz,,,"dish_family_unconfirmed, missing_named_components, extra_recipe_components, low_name_score",https://food.ru/recipes/30092-kartofelnye-zrazy-s-gribami
perekrestok,4458084,"Блинчики с картофелем и грибами Перекрёсток Select, 160г",matched,3,foodru_43261,Домашние картофельные зразы с грибами,0.6427,pancake,zraz,,,"dish_family_unconfirmed, missing_named_components, extra_recipe_components, low_name_score",https://food.ru/recipes/43261-domashnie-kartofelnye-zrazy-s-gribami
perekrestok,4458220,"Креветки в соусе Том Ям с отварным рисом замороженные Перекрёсток Select, 250г",review,1,foodru_113014,Том Ям с креветками и рисом,0.679,"otvar, sauce",,,,"missing_named_components, low_name_score",https://food.ru/recipes/113014-tom-iam-s-krevetkami-i-risom-1644863973
perekrestok,4458220,"Креветки в соусе Том Ям с отварным рисом замороженные Перекрёсток Select, 250г",review,2,foodru_2775,Том Ям с креветками,0.5397,otvar,,,,"missing_named_components, low_name_score",https://food.ru/recipes/2775-tom-jam-s-krevetkami
perekrestok,4458220,"Креветки в соусе Том Ям с отварным рисом замороженные Перекрёсток Select, 250г",review,3,foodru_219511,Том Ям с креветками,0.5397,"otvar, rice",,rice,,"missing_named_components, named_ingredient_unconfirmed, low_name_score",https://food.ru/recipes/219511-tom-yam-s-krevetkami-1718891836
perekrestok,4458239,"Бейгл с форелью и сливочным сыром Перекрёсток Select, 160г",matched,1,foodru_219590,Бейгл с форелью и сливочным сыром,1.0,,,,,,https://food.ru/recipes/219590-beigl-s-foreliu
perekrestok,4458239,"Бейгл с форелью и сливочным сыром Перекрёсток Select, 160г",matched,2,foodru_190095,Клаб-сэндвич с сыром и соленой форелью,0.4277,"beigl, cream",sole,,,"dish_family_unconfirmed, missing_named_components, extra_recipe_components, low_name_score",https://food.ru/recipes/190095-klab-sendvich-s-syrom-i-ryboi-1696052201
perekrestok,4458239,"Бейгл с форелью и сливочным сыром Перекрёсток Select, 160г",matched,3,foodru_205510,"Запеченные роллы с творожным сыром, креветками и слабосоленой форелью",0.3957,"beigl, cream","cottage_cheese, roll, shrimp, slabosole",,,"dish_family_unconfirmed, missing_named_components, extra_recipe_components, low_name_score",https://food.ru/recipes/205510-zapechennye-rolly-s-tvorozhnym-syrom-krevetkami-i-slabosolenoj-forelyu-1702906283
perekrestok,4458430,"Сыр сулугуни жареный с соусом из клюквы Перекрёсток Select, 170г",review,1,foodru_1360,Клюквенный морс,0.5224,"cheese, sauce",mors,cheese,,"dish_family_unconfirmed, missing_named_components, extra_recipe_components, named_ingredient_unconfirmed, low_name_score",https://food.ru/recipes/1360-kliukvennyi-mors
perekrestok,4458430,"Сыр сулугуни жареный с соусом из клюквы Перекрёсток Select, 170г",review,2,foodru_103910,Запеченный сыр с соусом из клубники,0.4745,klukv,strawberry,,,"missing_named_components, extra_recipe_components, low_name_score",https://food.ru/recipes/103910-zapechennyi-syr-s-sousom-iz-klubniki
perekrestok,4458430,"Сыр сулугуни жареный с соусом из клюквы Перекрёсток Select, 170г",review,3,foodru_68419,Запеченные баклажаны с сырно-майонезным соусом,0.4416,klukv,"baklazhan, maionez",,,"missing_named_components, extra_recipe_components, low_name_score",https://food.ru/recipes/68419-appetitnye-baklazhany-zapechennye-s-syrno-maioneznym-sousom
perekrestok,4458568,"Суп овощной на курином бульоне Перекрёсток Select, 250г",matched,1,foodru_268831,Овощной суп на курином бульоне,1.0,,,,,,https://food.ru/recipes/268831-ovoshchnoi-sup-na-kurinom-bulone-1765527555
perekrestok,4458568,"Суп овощной на курином бульоне Перекрёсток Select, 250г",matched,2,foodru_246225,Сырный суп с овощами на курином бульоне,0.966,,cheese,,,extra_recipe_components,https://food.ru/recipes/246225-syrnyi-sup-s-ovoshchami-na-kurinom-bulone-1741343424
perekrestok,4458568,"Суп овощной на курином бульоне Перекрёсток Select, 250г",matched,3,foodru_184364,Легкий овощной суп на курином бульоне,0.9365,,legki,,,extra_recipe_components,https://food.ru/recipes/184364-ovoshchnoi-sup-na-kurinom-bulone-1692445587
perekrestok,4458637,"Сэндвич-ролл с креветкой в соусе Свит Чили Перекрёсток Select, 170г",review,1,foodru_76285,Тост с креветками,0.4465,"chil, roll, sauce, svit",,,,"missing_named_components, low_name_score",https://food.ru/recipes/76285-tost-s-krevetkami
perekrestok,4458637,"Сэндвич-ролл с креветкой в соусе Свит Чили Перекрёсток Select, 170г",review,2,foodru_4557,Сэндвич простой,0.3349,"chil, roll, sauce, shrimp, svit",,shrimp,,"missing_named_components, named_ingredient_unconfirmed, protein_unconfirmed_in_ingredients, low_name_score",https://food.ru/recipes/4557-sendvich-prostoi
perekrestok,4458637,"Сэндвич-ролл с креветкой в соусе Свит Чили Перекрёсток Select, 170г",review,3,foodru_76384,Тост с соусом песто,0.321,"chil, roll, shrimp, svit",pesto,shrimp,Для соуса и подачи,"mixed_ingredient_group, missing_named_components, extra_recipe_components, named_ingredient_unconfirmed, protein_unconfirmed_in_ingredients, low_name_score",https://food.ru/recipes/76384-tost-s-sousom-pesto
perekrestok,4459170,"Зразы картофельные с говядиной Перекрёсток Select, 200г",review,1,foodru_1426,Картофельные зразы,0.7558,beef,,beef,,"dish_family_unconfirmed, missing_named_components, named_ingredient_unconfirmed, protein_unconfirmed_in_ingredients",https://food.ru/recipes/1426-kartofelnye-zrazy
perekrestok,4459170,"Зразы картофельные с говядиной Перекрёсток Select, 200г",review,2,foodru_155305,Картофельные зразы с домашним фаршем,0.6931,beef,,beef,,"dish_family_unconfirmed, missing_named_components, named_ingredient_unconfirmed, protein_unconfirmed_in_ingredients, low_name_score",https://food.ru/recipes/155305-kartofelnye-zrazy-1670933163
perekrestok,4459170,"Зразы картофельные с говядиной Перекрёсток Select, 200г",review,3,foodru_30092,Картофельные зразы с грибами,0.6911,beef,mushroom,beef,,"dish_family_unconfirmed, missing_named_components, extra_recipe_components, named_ingredient_unconfirmed, protein_unconfirmed_in_ingredients, low_name_score",https://food.ru/recipes/30092-kartofelnye-zrazy-s-gribami
perekrestok,4459435,"Мини-чиабатта с куриной ветчиной, омлетом и сыром Перекрёсток Select, 125г",review,1,foodru_244122,"Омлет с куриной ветчиной, укропом, помидорами и сыром",0.7397,bread,tomato,,,"missing_named_components, extra_recipe_components",https://food.ru/recipes/244122-omlet-s-kurinoi-vetchinoi-ukropom-pomidorami-i-syrom-1739422360
perekrestok,4459435,"Мини-чиабатта с куриной ветчиной, омлетом и сыром Перекрёсток Select, 125г",review,2,foodru_135007,"Домашний кордон блю из куриных грудок с ветчиной, сыром, вином и сливками",0.4413,omelette,"blu, grudok, kordon, sliv, vinom",,,"dish_family_unconfirmed, missing_named_components, extra_recipe_components, low_name_score",https://food.ru/recipes/135007-domashnii-kordon-bliu-iz-kurinyh-grudok-s-vetchinoi-syrom-vinom-i-slivkami
perekrestok,4459435,"Мини-чиабатта с куриной ветчиной, омлетом и сыром Перекрёсток Select, 125г",review,3,foodru_44097,Запеченный омлет,0.4294,"bread, cheese, chicken",,"cheese, chicken",,"missing_named_components, named_ingredient_unconfirmed, protein_unconfirmed_in_ingredients, low_name_score",https://food.ru/recipes/44097-zapechennyi-omlet
perekrestok,4459528,"Сэндвич Крок-Месье Перекрёсток Select, 230г",review,1,foodru_251180,Сэндвичи крок-месье с колбасой и сыром,0.9274,,"cheese, sausage",,,extra_recipe_components,https://food.ru/recipes/251180-sendvichi-krok-mese-s-kolbasoj-i-syrom-1746261154
perekrestok,4459528,"Сэндвич Крок-Месье Перекрёсток Select, 230г",review,2,foodru_51670,Сэндвич Croque Monsieur (Крок-месье),0.8974,,"croqu, monsieur",,,extra_recipe_components,https://food.ru/recipes/51670-sendvich-croque-monsieur-krok-mese
perekrestok,4459528,"Сэндвич Крок-Месье Перекрёсток Select, 230г",review,3,foodru_50166,Простой крок-месье,0.8047,,,,,dish_family_unconfirmed,https://food.ru/recipes/50166-prostoi-krok-mese
perekrestok,4459718,"Овощи гриль Перекрёсток Select, 240г",matched,1,foodru_35814,Овощи на гриле,1.0,,,,,,https://food.ru/recipes/35814-ovoshchi-na-grile
perekrestok,4459718,"Овощи гриль Перекрёсток Select, 240г",matched,2,foodru_210170,Куриные стейки в медовой глазури на гриле с овощами,0.842,,"chicken, glazur, medov, steik",,,"dish_family_unconfirmed, extra_recipe_components",https://food.ru/recipes/210170-steiki-iz-grudki-na-grile-s-ovoshchami
perekrestok,4459718,"Овощи гриль Перекрёсток Select, 240г",matched,3,foodru_87127,Индейка на гриле,0.5514,vegetable,turkey,,,"dish_family_unconfirmed, missing_named_components, extra_recipe_components, low_name_score",https://food.ru/recipes/87127-indeika-na-grile
perekrestok,4459822,"Вафли Творожные бельгийские замороженные Перекрёсток Select, 260г",matched,1,foodru_95828,Бельгийские вафли с творогом,1.0,,,,,,https://food.ru/recipes/95828-belgiiskie-vafli-s-tvorogom
perekrestok,4459822,"Вафли Творожные бельгийские замороженные Перекрёсток Select, 260г",matched,2,foodru_144889,Бельгийские вафли на молоке,0.7495,cottage_cheese,,cottage_cheese,,"dish_family_unconfirmed, missing_named_components, named_ingredient_unconfirmed",https://food.ru/recipes/144889-belgiiskie-vafli-1657908505
perekrestok,4459822,"Вафли Творожные бельгийские замороженные Перекрёсток Select, 260г",matched,3,foodru_147891,Бельгийские вафли на электрогриле,0.725,cottage_cheese,elektrogril,cottage_cheese,,"dish_family_unconfirmed, missing_named_components, extra_recipe_components, named_ingredient_unconfirmed",https://food.ru/recipes/147891-belgiiskie-vafli-1660591985
perekrestok,4459823,"Вафли Картофельные бельгийские замороженные Перекрёсток Select, 280г",review,1,foodru_95828,Бельгийские вафли с творогом,0.7679,potato,cottage_cheese,potato,,"dish_family_unconfirmed, missing_named_components, extra_recipe_components, named_ingredient_unconfirmed",https://food.ru/recipes/95828-belgiiskie-vafli-s-tvorogom
perekrestok,4459823,"Вафли Картофельные бельгийские замороженные Перекрёсток Select, 280г",review,2,foodru_144889,Бельгийские вафли на молоке,0.7632,potato,,potato,,"dish_family_unconfirmed, missing_named_components, named_ingredient_unconfirmed",https://food.ru/recipes/144889-belgiiskie-vafli-1657908505
perekrestok,4459823,"Вафли Картофельные бельгийские замороженные Перекрёсток Select, 280г",review,3,foodru_147891,Бельгийские вафли на электрогриле,0.7387,potato,elektrogril,potato,,"dish_family_unconfirmed, missing_named_components, extra_recipe_components, named_ingredient_unconfirmed",https://food.ru/recipes/147891-belgiiskie-vafli-1660591985
perekrestok,4460347,"Суп Гаспачо томатный Перекрёсток Select, 250г",matched,1,foodru_20018,Суп гаспачо,0.7922,,,,,,https://food.ru/recipes/20018-sup-gaspacho
perekrestok,4460347,"Суп Гаспачо томатный Перекрёсток Select, 250г",matched,2,foodru_166313,Холодный томатный суп «Гаспачо»,0.9272,,holod,,,extra_recipe_components,https://food.ru/recipes/166313-kholodnyi-sup-gaspachcho-1681313898
perekrestok,4460347,"Суп Гаспачо томатный Перекрёсток Select, 250г",matched,3,foodru_100897,Суп с килькой в томатном соусе,0.5321,gazpacho,kilk,,,"missing_named_components, extra_recipe_components, low_name_score",https://food.ru/recipes/100897-sup-s-kilkoi-v-tomatnom-souse-1643372331
perekrestok,4460967,"Паэлья с морепродуктами и рисом басмати замороженная Перекрёсток Select, 250г",review,1,foodru_1561,Паэлья с морепродуктами,0.7745,basmat,,,,"dish_family_unconfirmed, missing_named_components",https://food.ru/recipes/1561-paelja-s-moreproduktami
perekrestok,4460967,"Паэлья с морепродуктами и рисом басмати замороженная Перекрёсток Select, 250г",review,2,foodru_2804,Спагетти с морепродуктами,0.3579,"basmat, pael, rice",,rice,,"dish_family_unconfirmed, missing_named_components, named_ingredient_unconfirmed, low_name_score",https://food.ru/recipes/2804-spagetti-s-moreproduktami
perekrestok,4460967,"Паэлья с морепродуктами и рисом басмати замороженная Перекрёсток Select, 250г",review,3,foodru_11911,Лапша с морепродуктами,0.3516,"basmat, pael, rice",noodles,rice,,"dish_family_unconfirmed, missing_named_components, extra_recipe_components, named_ingredient_unconfirmed, low_name_score",https://food.ru/recipes/11911-lapsha-s-moreproduktami
perekrestok,4461035,Суп Том Ям с морепродуктами замороженный Перекрёсток Select 370г,matched,1,foodru_52580,Суп Том Ям морепродуктами,1.0,,,,,,https://food.ru/recipes/52580-sup-tom-jam-s-moreproduktami
perekrestok,4461035,Суп Том Ям с морепродуктами замороженный Перекрёсток Select 370г,matched,2,foodru_271604,Том Ям с морепродуктами,0.7807,,,,,,https://food.ru/recipes/271604-tom-jam-s-moreproduktamI
perekrestok,4461035,Суп Том Ям с морепродуктами замороженный Перекрёсток Select 370г,matched,3,foodru_4660,Том Ям с морепродуктами,0.7807,,,,,,https://food.ru/recipes/4660-tom-jam-s-moreproduktami
perekrestok,4461200,"Борщ с говядиной замороженный Перекрёсток Select, 270г",matched,1,foodru_3047,Борщ с говядиной,1.0,,,,,,https://food.ru/recipes/3047-borshch-s-govjadinoi
perekrestok,4461200,"Борщ с говядиной замороженный Перекрёсток Select, 270г",matched,2,foodru_124275,Борщ классический из говядины,1.0,,,,,,https://food.ru/recipes/124275-borshch-klassicheskii-iz-goviadiny-1646066452
perekrestok,4461200,"Борщ с говядиной замороженный Перекрёсток Select, 270г",matched,3,foodru_1381,Классический борщ,0.6504,,,,,low_name_score,https://food.ru/recipes/1381-klassicheskii-borshch
perekrestok,4461201,"Суп Куриный с домашней лапшой замороженный Перекрёсток Select, 270г",matched,1,foodru_59525,Куриный суп с домашней лапшой,1.0,,,,,,https://food.ru/recipes/59525-kurinyi-sup-s-domashnei-lapshoi
perekrestok,4461201,"Суп Куриный с домашней лапшой замороженный Перекрёсток Select, 270г",matched,2,foodru_61450,Суп из цыпленка с домашней лапшой,1.0,,,,,,https://food.ru/recipes/61450-sup-iz-cyplenka-s-domashnei-lapshoi
perekrestok,4461201,"Суп Куриный с домашней лапшой замороженный Перекрёсток Select, 270г",matched,3,foodru_168433,Суп-лапша с грибами на курином бульоне,0.8997,,"bulon, mushroom",chicken,,"extra_recipe_components, named_ingredient_unconfirmed, protein_unconfirmed_in_ingredients",https://food.ru/recipes/168433-sup-lapsha-s-gribami-1681360166
perekrestok,4461202,"Суп-пюре из тыквы с пряностями замороженный Перекрёсток Select, 250г",review,1,foodru_2884,Суп-пюре с тыквой,0.7261,pranost,,,,missing_named_components,https://food.ru/recipes/2884-sup-piure-s-tykvoi
perekrestok,4461202,"Суп-пюре из тыквы с пряностями замороженный Перекрёсток Select, 250г",review,2,foodru_2149,Тыквенное пюре,0.569,"pranost, soup",,,,"dish_family_unconfirmed, missing_named_components, low_name_score",https://food.ru/recipes/2149-tykvennoe-piure
perekrestok,4461202,"Суп-пюре из тыквы с пряностями замороженный Перекрёсток Select, 250г",review,3,foodru_43045,Супермакароны,0.3771,"mash, pranost, pumpkin",,pumpkin,,"missing_named_components, named_ingredient_unconfirmed, low_name_score",https://food.ru/recipes/43045-supermakarony
perekrestok,4461313,"Филе белой рыбы с ароматными травами и овощами замороженное Перекрёсток Select, 190г",review,1,foodru_52021,Нежный жюльен из белой рыбы,0.4918,"aromat, trav",zhulen,,,"dish_family_unconfirmed, missing_named_components, extra_recipe_components, low_name_score",https://food.ru/recipes/52021-nezhnyi-zhiulen-iz-beloi-ryby
perekrestok,4461313,"Филе белой рыбы с ароматными травами и овощами замороженное Перекрёсток Select, 190г",review,2,foodru_169374,Ароматный винегрет,0.2953,"belo, ryby, trav",vinegret,,,"dish_family_unconfirmed, missing_named_components, extra_recipe_components, low_name_score",https://food.ru/recipes/169374-aromatnyi-vinegret-1682671293
perekrestok,4461313,"Филе белой рыбы с ароматными травами и овощами замороженное Перекрёсток Select, 190г",review,3,foodru_142770,Капустный салат с кавказскими травами,0.245,"aromat, belo, ryby","cabbage, kavkazskim",,,"dish_family_unconfirmed, missing_named_components, extra_recipe_components, low_name_score",https://food.ru/recipes/142770-kapustnyi-salat-s-kavkazskimi-travami-1654570704
perekrestok,4461608,"Стрипсы куриные замороженные Перекрёсток Select, 170г",matched,1,foodru_2588,Куриные наггетсы,1.0,,,,,,https://food.ru/recipes/2588-kurinye-naggetsy
perekrestok,4461608,"Стрипсы куриные замороженные Перекрёсток Select, 170г",matched,2,foodru_105400,Хрустящие стрипсы из курочки,1.0,,,,,,https://food.ru/recipes/105400-khrustiashchie-stripsy-iz-kurochki-1643873189
perekrestok,4461608,"Стрипсы куриные замороженные Перекрёсток Select, 170г",matched,3,foodru_43966,Куриные наггетсы с сыром,0.9402,,cheese,,,extra_recipe_components,https://food.ru/recipes/43966-kurinye-naggetsy-s-syrom
perekrestok,4461936,"Суп гороховый с копчёностями Перекрёсток Select, 270г",matched,1,foodru_104520,Гороховый суп с копченостями,1.0,,,,,,https://food.ru/recipes/104520-gorokhovyi-sup-s-kopchenostiami-1643782760
perekrestok,4461936,"Суп гороховый с копчёностями Перекрёсток Select, 270г",matched,2,foodru_43045,Супермакароны,0.3938,"kopchenost, pea",,pea,,"missing_named_components, named_ingredient_unconfirmed, low_name_score",https://food.ru/recipes/43045-supermakarony
perekrestok,4461936,"Суп гороховый с копчёностями Перекрёсток Select, 270г",matched,3,foodru_84176,Суп а-ля харчо,0.2643,"kopchenost, pea",kharcho,pea,,"missing_named_components, extra_recipe_components, named_ingredient_unconfirmed, low_name_score",https://food.ru/recipes/84176-sup-a-lja-harcho
perekrestok,4461997,"Котлета из индейки с гречкой отварной Перекрёсток Select, 270г",review,1,foodru_264378,Гречка с котлетами из индейки,0.7396,otvar,,,,"missing_named_components, side_dish_unconfirmed",https://food.ru/recipes/264378-grechka-s-kotletami-iz-indeiki
perekrestok,4461997,"Котлета из индейки с гречкой отварной Перекрёсток Select, 270г",review,2,foodru_29072,Котлеты из индейки,0.5531,"buckwheat, otvar",,buckwheat,,"missing_named_components, named_ingredient_unconfirmed, side_dish_unconfirmed, low_name_score",https://food.ru/recipes/29072-kotlety-iz-indeiki
perekrestok,4461997,"Котлета из индейки с гречкой отварной Перекрёсток Select, 270г",review,3,foodru_53133,Биточки с индейкой,0.5531,otvar,,,,"missing_named_components, side_dish_unconfirmed, low_name_score",https://food.ru/recipes/53133-bitochki-s-indeikoi
perekrestok,4462256,"Фрикадельки По-Шведски с говядиной замороженные Перекрёсток Select, 450г",review,1,foodru_112656,Фрикадельки по-шведски с клюквенным вареньем,0.681,,"klukven, varenem",,,"extra_recipe_components, low_name_score",https://food.ru/recipes/112656-frikadelki-po-shvedski-s-kliukvennym-varenem
perekrestok,4462256,"Фрикадельки По-Шведски с говядиной замороженные Перекрёсток Select, 450г",review,2,foodru_250473,Тефтели из фарша с гречкой,0.3193,"beef, shvedsk",buckwheat,beef,,"missing_named_components, extra_recipe_components, named_ingredient_unconfirmed, protein_unconfirmed_in_ingredients, low_name_score",https://food.ru/recipes/250473-tefteli-iz-farsha-s-grechkoi
perekrestok,4462256,"Фрикадельки По-Шведски с говядиной замороженные Перекрёсток Select, 450г",review,3,foodru_127587,Фрикадельки из фарша и гречки,0.3193,"beef, shvedsk",buckwheat,beef,,"missing_named_components, extra_recipe_components, named_ingredient_unconfirmed, protein_unconfirmed_in_ingredients, low_name_score",https://food.ru/recipes/127587-frikadelki-iz-farsha-i-grechki-1646573235
perekrestok,4462257,Салат из свежей капусты с огурцом Перекрёсток Select 130г,matched,1,foodru_184185,Салат из свежей капусты и огурцов,1.0,,,,,,https://food.ru/recipes/184185-salat-iz-svezhei-kapusty-i-ogurcov
perekrestok,4462257,Салат из свежей капусты с огурцом Перекрёсток Select 130г,matched,2,foodru_150768,"Зеленый овощной салат с пекинской капустой, огурцом и горошком",0.5797,svezh,"goroshk, pekinsk",,,"missing_named_components, extra_recipe_components, low_name_score",https://food.ru/recipes/150768-ovoshchnoi-salat-s-pekinskoi-kapustoi-1666274161
perekrestok,4462257,Салат из свежей капусты с огурцом Перекрёсток Select 130г,matched,3,foodru_228239,Салат из корейской капусты,0.4248,"cucumber, svezh",korean,cucumber,,"missing_named_components, extra_recipe_components, named_ingredient_unconfirmed, low_name_score",https://food.ru/recipes/228239-salat-iz-koreiskoi-kapusty-1726038381
perekrestok,4462258,Котлеты куриные с картофельным пюре Перекрёсток Select 300г,review,1,foodru_110445,Котлеты «Сочные» с картофельным пюре,0.8532,chicken,,"chicken, potato",,"missing_named_components, named_ingredient_unconfirmed, protein_unconfirmed_in_ingredients",https://food.ru/recipes/110445-kotlety-sochnye-s-kartofelnym-piure-1644669917
perekrestok,4462258,Котлеты куриные с картофельным пюре Перекрёсток Select 300г,review,2,foodru_109435,Котлетки из картофельного пюре,0.8532,chicken,,chicken,,"missing_named_components, named_ingredient_unconfirmed, protein_unconfirmed_in_ingredients, side_dish_unconfirmed",https://food.ru/recipes/109435-kotletki-iz-kartofelnogo-piure
perekrestok,4462258,Котлеты куриные с картофельным пюре Перекрёсток Select 300г,review,3,foodru_2696,Картофельные котлеты из пюре,0.8532,chicken,,chicken,,"missing_named_components, named_ingredient_unconfirmed, protein_unconfirmed_in_ingredients, side_dish_unconfirmed",https://food.ru/recipes/2696-kartofelnye-kotlety-iz-piure
perekrestok,4463228,"Суп Фо Бо Перекрёсток Select, 265г",review,1,foodru_35979,Вьетнамский суп Фо Бо,0.9145,,vetnamski,,,extra_recipe_components,https://food.ru/recipes/35979-vetnamskii-sup-fo-bo
perekrestok,4463228,"Суп Фо Бо Перекрёсток Select, 265г",review,2,foodru_237384,Суп «Домашний Фо Бо» с рисовой лапшой,0.9012,,"noodles, rice",,,extra_recipe_components,https://food.ru/recipes/237384-sup-domashnii-fo-bo-s-risovoi-lapshoi-1733851996
perekrestok,4463228,"Суп Фо Бо Перекрёсток Select, 265г",review,3,foodru_48574,Вьетнамский суп с говядиной Фо Бо,0.8877,,"beef, vetnamski",,,extra_recipe_components,https://food.ru/recipes/48574-vetnamskii-sup-s-govjadinoi-fo-bo
perekrestok,4463237,"Борщ Перекрёсток Select, 270г",matched,1,foodru_1381,Классический борщ,1.0,,,,,,https://food.ru/recipes/1381-klassicheskii-borshch
perekrestok,4463237,"Борщ Перекрёсток Select, 270г",matched,2,foodru_74293,ПП борщ,1.0,,,,,,https://food.ru/recipes/74293-pp-borshch
perekrestok,4463237,"Борщ Перекрёсток Select, 270г",matched,3,foodru_87556,Вкусный овощной борщ,0.9075,,,,,,https://food.ru/recipes/87556-vkusnyi-ovoshchnoi-borshch
perekrestok,4463800,"Гирос с курицей и оливками Перекрёсток Select, 160г",review,1,foodru_53148,Гирос с курицей,0.9333,oliv,,,,"dish_family_unconfirmed, missing_named_components",https://food.ru/recipes/53148-giros-s-kuricei
perekrestok,4463800,"Гирос с курицей и оливками Перекрёсток Select, 160г",review,2,foodru_71513,Домашние блины с курицей,0.2916,"giros, oliv",pancake,,,"dish_family_unconfirmed, missing_named_components, extra_recipe_components, low_name_score",https://food.ru/recipes/71513-domashnie-bliny-s-kuricei
perekrestok,4463800,"Гирос с курицей и оливками Перекрёсток Select, 160г",review,3,foodru_15244,Блины с курицей,0.2916,"giros, oliv",pancake,,,"dish_family_unconfirmed, missing_named_components, extra_recipe_components, low_name_score",https://food.ru/recipes/15244-bliny-s-kuricei
perekrestok,4464484,"Чебупели сочные с мясом готовые замороженные Горячая штучка, 240г",review,1,foodru_1488,Фарш для пельменей,1.0,,,,,component_recipe_not_whole_dish,https://food.ru/recipes/1488-farsh-dlja-pelmenei
perekrestok,4464484,"Чебупели сочные с мясом готовые замороженные Горячая штучка, 240г",review,2,foodru_59329,Вкусные пельмени с мясным фаршем,1.0,,,,Для теста и подачи,mixed_ingredient_group,https://food.ru/recipes/59329-vkusnye-pelmeni-s-mjasnym-farshem
perekrestok,4464484,"Чебупели сочные с мясом готовые замороженные Горячая штучка, 240г",review,3,foodru_181701,Фарш для пельменей,1.0,,,,,component_recipe_not_whole_dish,https://food.ru/recipes/181701-farsh-dlia-pelmenei-1691477891
perekrestok,4464537,"Чебупели Горячая штучка с ветчиной и сыром готовые замороженные, 240г",matched,1,foodru_241058,Чебупели с ветчиной и сыром,1.0,,,,,,https://food.ru/recipes/241058-chebupeli-s-vetchinoi-i-syrom
perekrestok,4464537,"Чебупели Горячая штучка с ветчиной и сыром готовые замороженные, 240г",matched,2,foodru_4541,Пельмени с сыром,0.7394,ham,,"cheese, ham","Для начинки, соуса и украшения","mixed_ingredient_group, missing_named_components, named_ingredient_unconfirmed, protein_unconfirmed_in_ingredients",https://food.ru/recipes/4541-pelmeni-s-syrom
perekrestok,4464537,"Чебупели Горячая штучка с ветчиной и сыром готовые замороженные, 240г",matched,3,foodru_247737,Сытные маффины с ветчиной и сыром,0.5671,dumpling,maffin,,,"dish_family_unconfirmed, missing_named_components, extra_recipe_components, low_name_score",https://food.ru/recipes/247737-maffiny-s-vetchinoi-i-syrom
perekrestok,4465268,"Суп Рамен с курицей Перекрёсток Select, 300г",matched,1,foodru_147761,Суп Рамен,0.8474,,,,,,https://food.ru/recipes/147761-sup-ramen-1660589378
perekrestok,4465268,"Суп Рамен с курицей Перекрёсток Select, 300г",matched,2,foodru_59525,Куриный суп с домашней лапшой,0.5166,ramen,noodles,,,"missing_named_components, extra_recipe_components, low_name_score",https://food.ru/recipes/59525-kurinyi-sup-s-domashnei-lapshoi
perekrestok,4465268,"Суп Рамен с курицей Перекрёсток Select, 300г",matched,3,foodru_61450,Суп из цыпленка с домашней лапшой,0.5166,ramen,noodles,,,"missing_named_components, extra_recipe_components, low_name_score",https://food.ru/recipes/61450-sup-iz-cyplenka-s-domashnei-lapshoi
perekrestok,4468012,"Сырники творожные с варёной сгущенкой Перекрёсток Select, 120г",matched,1,foodru_271148,Сырники с вареной сгущенкой,0.8622,,,,,,https://food.ru/recipes/271148-syrniki-s-varenoi-sgushchenkoi
perekrestok,4468012,"Сырники творожные с варёной сгущенкой Перекрёсток Select, 120г",matched,2,foodru_418,Сырники из творога,0.5216,"sgushchenk, vare",,,,"missing_named_components, low_name_score",https://food.ru/recipes/418-syrniki-iz-tvoroga
perekrestok,4468012,"Сырники творожные с варёной сгущенкой Перекрёсток Select, 120г",matched,3,foodru_133141,Сочные творожные сырники с вишней,0.4416,"sgushchenk, vare",cherry,,,"missing_named_components, extra_recipe_components, low_name_score",https://food.ru/recipes/133141-sochnye-tvorozhnye-syrniki-s-vishnei
perekrestok,4468013,"Сырники творожные с вишней Перекрёсток Select, 120г",matched,1,foodru_133141,Сочные творожные сырники с вишней,1.0,,,,,,https://food.ru/recipes/133141-sochnye-tvorozhnye-syrniki-s-vishnei
perekrestok,4468013,"Сырники творожные с вишней Перекрёсток Select, 120г",matched,2,foodru_172949,Сырники с вишней,0.7733,,,,,,https://food.ru/recipes/172949-syrniki-s-vishnei-1686930812
perekrestok,4468013,"Сырники творожные с вишней Перекрёсток Select, 120г",matched,3,foodru_186780,Нежные сырники с вишней,0.7733,,,,,,https://food.ru/recipes/186780-nezhnye-syrniki-s-vishnei-1694256740
perekrestok,4469128,"Морковь по-корейски Перекрёсток Select, 350г",matched,1,foodru_68524,Морковь по-корейски,1.0,,,,,,https://food.ru/recipes/68524-morkov-po-koreiski
perekrestok,4469128,"Морковь по-корейски Перекрёсток Select, 350г",matched,2,foodru_89612,Морковка по-корейски,1.0,,,,,,https://food.ru/recipes/89612-morkovka-po-koreiski
perekrestok,4469128,"Морковь по-корейски Перекрёсток Select, 350г",matched,3,foodru_73245,Салат с корейской морковью,0.9476,,,,,unexpected_protein_in_ingredients,https://food.ru/recipes/73245-salat-s-koreiskoi-morkoviu
perekrestok,4469129,"Спаржа по-корейски Перекрёсток Select, 350г",matched,1,foodru_143562,Спаржа по-корейски,1.0,,,,,,https://food.ru/recipes/143562-sparzha-po-koreiski-1654629230
perekrestok,4469129,"Спаржа по-корейски Перекрёсток Select, 350г",matched,2,foodru_119578,Корейский салат со спаржей,0.9508,,,,,,https://food.ru/recipes/119578-salat-so-sparzhei-koreiskii-1645696354
perekrestok,4469129,"Спаржа по-корейски Перекрёсток Select, 350г",matched,3,foodru_55726,Спаржа по-корейски с морковью,0.9298,,carrot,,Для заправки и подачи,"mixed_ingredient_group, extra_recipe_components",https://food.ru/recipes/55726-sparzha-po-koreiski-s-morkoviu
perekrestok,4469392,"Крем-суп Грибной Перекрёсток Select, 300г",matched,1,foodru_25632,Крем-суп из шампиньонов,1.0,,,,,,https://food.ru/recipes/25632-krem-sup-iz-shampinonov
perekrestok,4469392,"Крем-суп Грибной Перекрёсток Select, 300г",matched,2,foodru_112852,Суп-лапша с грибами,0.6284,krem,noodles,mushroom,,"missing_named_components, extra_recipe_components, named_ingredient_unconfirmed, low_name_score",https://food.ru/recipes/112852-sup-lapsha-s-gribami
perekrestok,4469392,"Крем-суп Грибной Перекрёсток Select, 300г",matched,3,foodru_168433,Суп-лапша с грибами на курином бульоне,0.5708,krem,"bulon, chicken, noodles",,,"missing_named_components, extra_recipe_components, low_name_score",https://food.ru/recipes/168433-sup-lapsha-s-gribami-1681360166
perekrestok,4470181,"Салат Цезарь с курицей Перекрёсток Select, 220г",matched,1,foodru_60152,Классический салат «Цезарь» с курицей,1.0,,,,,,https://food.ru/recipes/60152-klassicheskii-salat-cezar-s-kuricei
perekrestok,4470181,"Салат Цезарь с курицей Перекрёсток Select, 220г",matched,2,foodru_43911,Салат «Цезарь»,0.8092,,,,,,https://food.ru/recipes/43911-salat-cezar
perekrestok,4470181,"Салат Цезарь с курицей Перекрёсток Select, 220г",matched,3,foodru_70931,Домашний салат «Цезарь»,0.8092,chicken,,chicken,,"missing_named_components, named_ingredient_unconfirmed, protein_unconfirmed_in_ingredients",https://food.ru/recipes/70931-domashnii-salat-cezar
perekrestok,4473171,"Суши-сэндвич Гламурный бит с крабовыми палочками и соусом спайси Перекрёсток Select, 210г",review,1,foodru_157862,Суши с крабовым мясом,0.5098,"bit, glamur, paloch, sandwich, sauce, spais",,,,"dish_family_unconfirmed, missing_named_components, low_name_score",https://food.ru/recipes/157862-sushi-s-krabovymi-palochkami-1674648655
perekrestok,4473171,"Суши-сэндвич Гламурный бит с крабовыми палочками и соусом спайси Перекрёсток Select, 210г",review,2,foodru_4557,Сэндвич простой,0.3336,"bit, crab, glamur, paloch, sauce, spais, sush",,crab,,"missing_named_components, named_ingredient_unconfirmed, protein_unconfirmed_in_ingredients, low_name_score",https://food.ru/recipes/4557-sendvich-prostoi
perekrestok,4473171,"Суши-сэндвич Гламурный бит с крабовыми палочками и соусом спайси Перекрёсток Select, 210г",review,3,foodru_76384,Тост с соусом песто,0.3187,"bit, crab, glamur, paloch, spais, sush",pesto,crab,Для соуса и подачи,"mixed_ingredient_group, missing_named_components, extra_recipe_components, named_ingredient_unconfirmed, protein_unconfirmed_in_ingredients, low_name_score",https://food.ru/recipes/76384-tost-s-sousom-pesto
perekrestok,4473639,"Мини-сырники Звёздное Соло творожные Перекрёсток Select, 120г",matched,1,foodru_418,Сырники из творога,1.0,,,,,,https://food.ru/recipes/418-syrniki-iz-tvoroga
perekrestok,4473639,"Мини-сырники Звёздное Соло творожные Перекрёсток Select, 120г",matched,2,foodru_97297,Нежные творожные сырники без сахара,0.9112,,,,,,https://food.ru/recipes/97297-syrniki-bez-sakhara-1642789156
perekrestok,4473639,"Мини-сырники Звёздное Соло творожные Перекрёсток Select, 120г",matched,3,foodru_133141,Сочные творожные сырники с вишней,0.9199,,cherry,,,extra_recipe_components,https://food.ru/recipes/133141-sochnye-tvorozhnye-syrniki-s-vishnei
perekrestok,4473642,"Маффин с ветчиной, омлетом и сыром Перекрёсток Select, 150г",review,1,foodru_247737,Сытные маффины с ветчиной и сыром,0.7749,omelette,,,,"dish_family_unconfirmed, missing_named_components",https://food.ru/recipes/247737-maffiny-s-vetchinoi-i-syrom
perekrestok,4473642,"Маффин с ветчиной, омлетом и сыром Перекрёсток Select, 150г",review,2,foodru_83753,Аппетитные маффины с ветчиной и сыром,0.7749,omelette,,,,"dish_family_unconfirmed, missing_named_components",https://food.ru/recipes/83753-appetitnye-maffiny-s-vetchinoi-i-syrom
perekrestok,4473642,"Маффин с ветчиной, омлетом и сыром Перекрёсток Select, 150г",review,3,foodru_197738,Маффины с ветчиной и сыром на завтрак,0.7092,omelette,,,,"dish_family_unconfirmed, missing_named_components, low_name_score",https://food.ru/recipes/197738-maffiny-s-vetchinoi-i-syrom-1699385612
perekrestok,4473940,"Десерт Малиновый Вайб Малина с кремом матча Перекрёсток Select, 185г",review,1,foodru_168124,Десерт с малиной,0.6922,"krem, match, vaib",,,,"dish_family_unconfirmed, missing_named_components, low_name_score",https://food.ru/recipes/168124-desert-s-malinoi-1681336195
perekrestok,4473940,"Десерт Малиновый Вайб Малина с кремом матча Перекрёсток Select, 185г",review,2,foodru_192975,Десерт из мандаринов и печенья с творожным кремом,0.5841,"match, raspberry, vaib","cottage_cheese, mandarin, pechen",raspberry,,"dish_family_unconfirmed, missing_named_components, extra_recipe_components, named_ingredient_unconfirmed, low_name_score",https://food.ru/recipes/192975-desert-iz-mandarinov-i-pechenia-s-tvorozhnym-kremom-1697141639
perekrestok,4473940,"Десерт Малиновый Вайб Малина с кремом матча Перекрёсток Select, 185г",review,3,foodru_122304,Нежный заварной крем с малиной,0.5505,"desert, match, vaib",zavar,,,"dish_family_unconfirmed, missing_named_components, extra_recipe_components, low_name_score",https://food.ru/recipes/122304-nezhnyi-zavarnoi-krem-s-malinoi
perekrestok,4473941,"Десерт Мандариновый Вайб с мандарином и сырно-сливочным кремом Перекрёсток Select, 195г",review,1,foodru_192975,Десерт из мандаринов и печенья с творожным кремом,0.6755,"cream, vaib","cottage_cheese, pechen",,,"dish_family_unconfirmed, missing_named_components, extra_recipe_components, low_name_score",https://food.ru/recipes/192975-desert-iz-mandarinov-i-pechenia-s-tvorozhnym-kremom-1697141639
perekrestok,4473941,"Десерт Мандариновый Вайб с мандарином и сырно-сливочным кремом Перекрёсток Select, 195г",review,2,foodru_101612,"Нежный сливочный десерт с мандаринами, консервированными абрикосами и кокосовой стружкой",0.6072,"cheese, krem, vaib","apricot, coconut, konservirovan, struzhk",cheese,,"dish_family_unconfirmed, missing_named_components, extra_recipe_components, named_ingredient_unconfirmed, low_name_score",https://food.ru/recipes/101612-nezhnyi-slivochnyi-desert-s-mandarinami-konservirovannymi-abrikosami-i-kokosovoi-struzhkoi
perekrestok,4473941,"Десерт Мандариновый Вайб с мандарином и сырно-сливочным кремом Перекрёсток Select, 195г",review,3,foodru_208865,Торт со сливочным кремом и вишней,0.382,"desert, mandarin, vaib","cherry, tort",,,"dish_family_unconfirmed, missing_named_components, extra_recipe_components, low_name_score",https://food.ru/recipes/208865-tort-so-slivochnym-kremom-i-vishnei-1707328636
perekrestok,4473942,"Десерт Пина-Коллаба с ананасом, с кокосовой стружкой и сливочным кремом Перекрёсток Select, 210г",review,1,foodru_101612,"Нежный сливочный десерт с мандаринами, консервированными абрикосами и кокосовой стружкой",0.6004,"kollab, krem, pina, pineapple","apricot, konservirovan, mandarin",pineapple,,"dish_family_unconfirmed, missing_named_components, extra_recipe_components, named_ingredient_unconfirmed, low_name_score",https://food.ru/recipes/101612-nezhnyi-slivochnyi-desert-s-mandarinami-konservirovannymi-abrikosami-i-kokosovoi-struzhkoi
perekrestok,4473942,"Десерт Пина-Коллаба с ананасом, с кокосовой стружкой и сливочным кремом Перекрёсток Select, 210г",review,2,foodru_125641,Натуральная кокосовая стружка,0.3941,"cream, desert, kollab, krem, pina, pineapple",naturalna,pineapple,,"dish_family_unconfirmed, missing_named_components, extra_recipe_components, named_ingredient_unconfirmed, low_name_score",https://food.ru/recipes/125641-naturalnaia-kokosovaia-struzhka-1646313099
perekrestok,4473942,"Десерт Пина-Коллаба с ананасом, с кокосовой стружкой и сливочным кремом Перекрёсток Select, 210г",review,3,foodru_260618,Рисовая каша с кокосовой стружкой и манго,0.3419,"desert, kollab, krem, pina, pineapple","mango, porridge, rice",pineapple,,"dish_family_unconfirmed, missing_named_components, extra_recipe_components, named_ingredient_unconfirmed, low_name_score",https://food.ru/recipes/260618-risovaia-kasha-s-kokosovoi-struzhkoi-i-mango-1756218839
perekrestok,4474361,"Бургер Розовый Хит с куриной котлетой сыром чеддер и соусом кола Перекрёсток Select, 165г",review,1,foodru_258774,Куриные котлеты с сыром чеддер,0.6789,"burger, hit, kola, rozov, sauce",,cheese,,"missing_named_components, named_ingredient_unconfirmed, low_name_score",https://food.ru/recipes/258774-kurinye-kotlety-s-syrom-chedder-1754175841
perekrestok,4474361,"Бургер Розовый Хит с куриной котлетой сыром чеддер и соусом кола Перекрёсток Select, 165г",review,2,foodru_1352,Куриные котлеты,0.4039,"burger, chedder, cheese, hit, kola, rozov, sauce",,cheese,,"missing_named_components, named_ingredient_unconfirmed, low_name_score",https://food.ru/recipes/1352-kurinye-kotlety
perekrestok,4474361,"Бургер Розовый Хит с куриной котлетой сыром чеддер и соусом кола Перекрёсток Select, 165г",review,3,foodru_259,Сочные куриные котлетки,0.4039,"burger, chedder, cheese, hit, kola, rozov, sauce",,cheese,,"missing_named_components, named_ingredient_unconfirmed, low_name_score",https://food.ru/recipes/259-sochnye-kurinye-kotletki
perekrestok,4474933,"Налистники конвертики Малиновый Глэм с сырным кремом и начинкой малина-юдзу Перекрёсток Select, 140г",review,1,foodru_214505,Блинный торт с малиновым кремом,0.5765,"cheese, glem, konvertik, udzu",tort,cheese,,"missing_named_components, extra_recipe_components, named_ingredient_unconfirmed, low_name_score",https://food.ru/recipes/214505-blinnyi-tort-s-malinovym-kremom-1713536554
perekrestok,4474933,"Налистники конвертики Малиновый Глэм с сырным кремом и начинкой малина-юдзу Перекрёсток Select, 140г",review,2,foodru_195,Конвертики с малиной,0.5642,"cheese, glem, krem, pancake, udzu",,cheese,,"dish_family_unconfirmed, missing_named_components, named_ingredient_unconfirmed, low_name_score",https://food.ru/recipes/195-konvertiki-s-malinoi
perekrestok,4474933,"Налистники конвертики Малиновый Глэм с сырным кремом и начинкой малина-юдзу Перекрёсток Select, 140г",review,3,foodru_214216,Малиновый крем с творожным сыром,0.5635,"glem, konvertik, pancake, udzu",cottage_cheese,,,"dish_family_unconfirmed, missing_named_components, extra_recipe_components, low_name_score",https://food.ru/recipes/214216-malinovyi-krem-s-tvorozhnym-syrom-1713343987
perekrestok,72318,"Тунец Fortuna полосатый рубленый, 185г",review,1,foodru_235393,Салат «Фортуна»,0.4485,"polosat, tuna",,tuna,,"dish_family_unconfirmed, missing_named_components, named_ingredient_unconfirmed, protein_unconfirmed_in_ingredients, low_name_score",https://food.ru/recipes/235393-salat-fortuna-1732355920
perekrestok,72318,"Тунец Fortuna полосатый рубленый, 185г",review,2,foodru_43376,Полосатые бутерброды,0.4348,"fortun, tuna",,tuna,,"dish_family_unconfirmed, missing_named_components, named_ingredient_unconfirmed, protein_unconfirmed_in_ingredients, low_name_score",https://food.ru/recipes/43376-polosatye-buterbrody
perekrestok,72318,"Тунец Fortuna полосатый рубленый, 185г",review,3,foodru_59216,Вкусный жареный тунец,0.41,"fortun, polosat",,,,"dish_family_unconfirmed, missing_named_components, low_name_score",https://food.ru/recipes/59216-vkusnyi-zharenyi-tunec
perekrestok,72319,"Тунец Fortuna рубленый в масле, 185г",review,1,foodru_76860,Рыбный салат с маслом и тунцом,0.5451,fortun,rybn,,,"dish_family_unconfirmed, missing_named_components, extra_recipe_components, low_name_score",https://food.ru/recipes/76860-rybnyi-salat-s-maslom-i-tuncom
perekrestok,72319,"Тунец Fortuna рубленый в масле, 185г",review,2,foodru_123033,Полезный салат с тунцом и маслинами,0.5413,fortun,polez,,,"dish_family_unconfirmed, missing_named_components, extra_recipe_components, low_name_score",https://food.ru/recipes/123033-poleznyi-salat-s-tuncom-i-maslinami
perekrestok,72319,"Тунец Fortuna рубленый в масле, 185г",review,3,foodru_56029,Багет с тунцом в масле рубленом,0.5338,fortun,"bread, rublen",,,"dish_family_unconfirmed, missing_named_components, extra_recipe_components, low_name_score",https://food.ru/recipes/56029-baget-s-tuncom-v-masle-rublenom
perekrestok,72320,"Тунец Fortuna кусочки натуральные, 185г",review,1,foodru_235393,Салат «Фортуна»,0.628,tuna,,tuna,,"dish_family_unconfirmed, missing_named_components, named_ingredient_unconfirmed, protein_unconfirmed_in_ingredients, low_name_score",https://food.ru/recipes/235393-salat-fortuna-1732355920
perekrestok,72320,"Тунец Fortuna кусочки натуральные, 185г",review,2,foodru_59216,Вкусный жареный тунец,0.5256,fortun,,,,"dish_family_unconfirmed, missing_named_components, low_name_score",https://food.ru/recipes/59216-vkusnyi-zharenyi-tunec
perekrestok,72320,"Тунец Fortuna кусочки натуральные, 185г",review,3,foodru_1424,Салат с тунцом,0.4371,fortun,,,,"dish_family_unconfirmed, missing_named_components, low_name_score",https://food.ru/recipes/1424-salat-s-tuncom
perekrestok,74103,"Скумбрия Меридиан отварная в желе, 200г",review,1,foodru_75570,Скумбрия отварная,0.5909,"meridan, zhel",,,,"dish_family_unconfirmed, missing_named_components, low_name_score",https://food.ru/recipes/75570-skumbrija-otvarnaja
perekrestok,74103,"Скумбрия Меридиан отварная в желе, 200г",review,2,foodru_30157,Риет «Меридиан»,0.3325,"otvarna, skumbr, zhel",riet,,,"dish_family_unconfirmed, missing_named_components, extra_recipe_components, low_name_score",https://food.ru/recipes/30157-riet-meridian
perekrestok,74103,"Скумбрия Меридиан отварная в желе, 200г",review,3,foodru_95819,Нежное молочно-творожное желе с малиной,0.2706,"meridan, otvarna, skumbr","cottage_cheese, raspberry",,,"dish_family_unconfirmed, missing_named_components, extra_recipe_components, low_name_score",https://food.ru/recipes/95819-nezhnoe-molochno-tvorozhnoe-zhele-s-malinoi
perekrestok,87726,"Горбуша 5 Морей натуральная, 250г",review,1,foodru_66812,Натуральная домашняя икра из горбуши,0.6291,more,ikra,,,"dish_family_unconfirmed, missing_named_components, extra_recipe_components, low_name_score",https://food.ru/recipes/66812-naturalnaja-domashnjaja-ikra-iz-gorbushi
perekrestok,87726,"Горбуша 5 Морей натуральная, 250г",review,2,foodru_160301,Овощной салат «Море» с майонезом,0.3816,"naturalna, pink_salmon",maionez,pink_salmon,,"dish_family_unconfirmed, missing_named_components, extra_recipe_components, named_ingredient_unconfirmed, protein_unconfirmed_in_ingredients, low_name_score",https://food.ru/recipes/160301-salat-more-1676460362
perekrestok,87726,"Горбуша 5 Морей натуральная, 250г",review,3,foodru_30179,Паштет из горбуши,0.3446,"more, naturalna",patty,,,"dish_family_unconfirmed, missing_named_components, extra_recipe_components, low_name_score",https://food.ru/recipes/30179-pashtet-iz-gorbushi
perekrestok,99330,"Треска Меридиан отварная в желе, 200г",review,1,foodru_30157,Риет «Меридиан»,0.3274,"cod, otvarna, zhel",riet,cod,,"dish_family_unconfirmed, missing_named_components, extra_recipe_components, named_ingredient_unconfirmed, protein_unconfirmed_in_ingredients, low_name_score",https://food.ru/recipes/30157-riet-meridian
perekrestok,99330,"Треска Меридиан отварная в желе, 200г",review,2,foodru_75570,Скумбрия отварная,0.306,"cod, meridan, zhel",skumbr,cod,,"dish_family_unconfirmed, missing_named_components, extra_recipe_components, named_ingredient_unconfirmed, protein_unconfirmed_in_ingredients, low_name_score",https://food.ru/recipes/75570-skumbrija-otvarnaja
perekrestok,99330,"Треска Меридиан отварная в желе, 200г",review,3,foodru_89620,Паштет из печени трески,0.2721,"meridan, otvarna, zhel","patty, pechen",,,"dish_family_unconfirmed, missing_named_components, extra_recipe_components, low_name_score",https://food.ru/recipes/89620-pashtet-iz-pecheni-treski
pyaterochka,2087559,Пицца Красная Цена Колбаса 300г,matched,1,foodru_20111,Пицца с колбасой,1.0,,,,,,https://food.ru/recipes/20111-picca-s-kolbasoi
pyaterochka,2087559,Пицца Красная Цена Колбаса 300г,matched,2,foodru_106138,ПП пицца,0.6029,sausage,,sausage,,"missing_named_components, named_ingredient_unconfirmed, protein_unconfirmed_in_ingredients, low_name_score",https://food.ru/recipes/106138-pp-picca
pyaterochka,2087559,Пицца Красная Цена Колбаса 300г,matched,3,foodru_30200,Пицца с сыром,0.521,sausage,cheese,sausage,,"missing_named_components, extra_recipe_components, named_ingredient_unconfirmed, protein_unconfirmed_in_ingredients, low_name_score",https://food.ru/recipes/30200-picca-s-syrom
pyaterochka,3273891,Блины с мясом С Пылу с Жару 360г,matched,1,foodru_15241,Блины с мясом,1.0,,,,,,https://food.ru/recipes/15241-bliny-s-mjasom
pyaterochka,3273891,Блины с мясом С Пылу с Жару 360г,matched,2,foodru_139,Блинчики с мясом,1.0,,,,,,https://food.ru/recipes/139-blinchiki-s-mjasom
pyaterochka,3273891,Блины с мясом С Пылу с Жару 360г,matched,3,foodru_134226,Сытные блины с мясной начинкой,1.0,,,,,,https://food.ru/recipes/134226-sytnye-bliny-s-mjasnoi-nachinkoi
pyaterochka,3273892,Блины с творогом С Пылу с Жару 360г,matched,1,foodru_530,Блины с творогом,1.0,,,,,,https://food.ru/recipes/530-bliny-s-tvorogom
pyaterochka,3273892,Блины с творогом С Пылу с Жару 360г,matched,2,foodru_49015,Блинчики с творогом,1.0,,,,Для жарки и подачи,mixed_ingredient_group,https://food.ru/recipes/49015-blinchiki-s-tvorogom
pyaterochka,3273892,Блины с творогом С Пылу с Жару 360г,matched,3,foodru_75962,Блинчики с семгой и творожным сыром,0.8872,,"cheese, salmon",,,extra_recipe_components,https://food.ru/recipes/75962-blinchiki-s-semgoi-i-tvorozhnym-syrom
pyaterochka,3416332,Чебупицца Пепперони Горячая Штучка 250г,review,1,foodru_1524,Пицца с пеперони,0.7882,chebupicc,pizza,,,"dish_family_unconfirmed, missing_named_components, extra_recipe_components",https://food.ru/recipes/1524-picca-s-peperoni
pyaterochka,3416332,Чебупицца Пепперони Горячая Штучка 250г,review,2,foodru_229302,Мини-пицца «А-ля пепперони»,0.7882,chebupicc,pizza,,,"dish_family_unconfirmed, missing_named_components, extra_recipe_components",https://food.ru/recipes/229302-mini-pitstsa-a-lia-pepperoni-1726694900
pyaterochka,3416332,Чебупицца Пепперони Горячая Штучка 250г,review,3,foodru_52068,Домашние колбаски пеперони,0.7862,chebupicc,sausage,,,"dish_family_unconfirmed, missing_named_components, extra_recipe_components",https://food.ru/recipes/52068-domashnie-kolbaski-pepperone
pyaterochka,3421780,Чебупицца Курочка по-итальянски Горячая Штучка 250г,review,1,foodru_141555,Курочка по-итальянски,0.9292,chebupicc,,,,"dish_family_unconfirmed, missing_named_components",https://food.ru/recipes/141555-kurochka-po-italianski-1653419837
pyaterochka,3421780,Чебупицца Курочка по-итальянски Горячая Штучка 250г,review,2,foodru_130383,Курочка по-итальянски с грибами,0.865,chebupicc,mushroom,,,"dish_family_unconfirmed, missing_named_components, extra_recipe_components",https://food.ru/recipes/130383-kurochka-po-italianski-1648013434
pyaterochka,3421780,Чебупицца Курочка по-итальянски Горячая Штучка 250г,review,3,foodru_71513,Домашние блины с курицей,0.304,"chebupicc, italansk",pancake,,,"dish_family_unconfirmed, retailer_dish_type_conflict, missing_named_components, extra_recipe_components, low_name_score",https://food.ru/recipes/71513-domashnie-bliny-s-kuricei
pyaterochka,3434303,Кордон Блю Мираторг с ветчиной и сыром 405г,matched,1,foodru_163379,Классически кордон блю с ветчиной и сыром,1.0,,,,,,https://food.ru/recipes/163379-kordon-bliu-klassicheskii-s-vetchinoi-i-syrom
pyaterochka,3434303,Кордон Блю Мираторг с ветчиной и сыром 405г,matched,2,foodru_135007,"Домашний кордон блю из куриных грудок с ветчиной, сыром, вином и сливками",0.88,,"chicken, grudok, sliv, vinom",,,"dish_family_unconfirmed, extra_recipe_components",https://food.ru/recipes/135007-domashnii-kordon-bliu-iz-kurinyh-grudok-s-vetchinoi-syrom-vinom-i-slivkami
pyaterochka,3434303,Кордон Блю Мираторг с ветчиной и сыром 405г,matched,3,foodru_156423,Кордон блю из курицы и ветчины,0.85,,chicken,,,"dish_family_unconfirmed, extra_recipe_components",https://food.ru/recipes/156423-kordon-bliu-iz-kuricy-i-vetchiny
pyaterochka,3446271,Крылышки Хрустящие острые к пиву Горячая Штучка 300г,review,1,foodru_1909,Крылышки к пиву,0.7207,ostr,,,,"dish_family_unconfirmed, missing_named_components",https://food.ru/recipes/1909-krylyshki-k-pivu
pyaterochka,3446271,Крылышки Хрустящие острые к пиву Горячая Штучка 300г,review,2,foodru_112744,Вкусные острые крылышки,0.7207,pivu,,,,"dish_family_unconfirmed, missing_named_components",https://food.ru/recipes/112744-vkusnye-ostrye-krylyshki
pyaterochka,3446271,Крылышки Хрустящие острые к пиву Горячая Штучка 300г,review,3,foodru_127000,Крылышки барбекю,0.3369,"ostr, pivu",barbek,,,"dish_family_unconfirmed, missing_named_components, extra_recipe_components, low_name_score",https://food.ru/recipes/127000-krylyshki-barbekiu-1646483459
pyaterochka,3450994,Пицца Caesar la Trattoria c ветчиной и грибами 335г,review,1,foodru_1290,Пицца с грибами,0.5767,"caesar, ham, trattor",,ham,,"missing_named_components, named_ingredient_unconfirmed, protein_unconfirmed_in_ingredients, low_name_score",https://food.ru/recipes/1290-picca-s-gribami
pyaterochka,3450994,Пицца Caesar la Trattoria c ветчиной и грибами 335г,review,2,foodru_106138,ПП пицца,0.4216,"caesar, mushroom, trattor",,mushroom,,"missing_named_components, named_ingredient_unconfirmed, low_name_score",https://food.ru/recipes/106138-pp-picca
pyaterochka,3450994,Пицца Caesar la Trattoria c ветчиной и грибами 335г,review,3,foodru_30200,Пицца с сыром,0.3397,"caesar, ham, mushroom, trattor",cheese,"ham, mushroom",,"missing_named_components, extra_recipe_components, named_ingredient_unconfirmed, protein_unconfirmed_in_ingredients, low_name_score",https://food.ru/recipes/30200-picca-s-syrom
pyaterochka,3474487,Слойка с сосиской замороженная п/ф 90г,matched,1,foodru_2015,Слойка с колбасой,1.0,,,,,,https://food.ru/recipes/2015-sloika-s-kolbasoi
pyaterochka,3474487,Слойка с сосиской замороженная п/ф 90г,matched,2,foodru_52068,Домашние колбаски пеперони,0.4809,puff,pepperoni,sausage,,"dish_family_unconfirmed, missing_named_components, extra_recipe_components, named_ingredient_unconfirmed, protein_unconfirmed_in_ingredients, low_name_score",https://food.ru/recipes/52068-domashnie-kolbaski-pepperone
pyaterochka,3474487,Слойка с сосиской замороженная п/ф 90г,matched,3,foodru_238435,Слойка с сахаром «Язычок»,0.4697,sausage,azychok,sausage,,"missing_named_components, extra_recipe_components, named_ingredient_unconfirmed, protein_unconfirmed_in_ingredients, low_name_score",https://food.ru/recipes/238435-sloika-iazychok-s-sakharom-1734612154
pyaterochka,3607223,Хачапури с сыром и ветчиной замороженное п/ф 140г,matched,1,foodru_145330,Хачапури с ветчиной и сыром,1.0,,,,,,https://food.ru/recipes/145330-khachapuri-s-vetchinoi-i-syrom-1657917550
pyaterochka,3607223,Хачапури с сыром и ветчиной замороженное п/ф 140г,matched,2,foodru_1427,Хачапури с сыром,0.7639,ham,,ham,,"missing_named_components, named_ingredient_unconfirmed, protein_unconfirmed_in_ingredients",https://food.ru/recipes/1427-hachapuri-s-syrom
pyaterochka,3607223,Хачапури с сыром и ветчиной замороженное п/ф 140г,matched,3,foodru_247737,Сытные маффины с ветчиной и сыром,0.525,khachapuri,maffin,,,"dish_family_unconfirmed, missing_named_components, extra_recipe_components, low_name_score",https://food.ru/recipes/247737-maffiny-s-vetchinoi-i-syrom
pyaterochka,3608917,Лапша Лагманная домашняя Тестов 500г,review,1,foodru_247684,Лагманная лапша с овощами к ужину,0.6006,test,,,,"missing_named_components, low_name_score",https://food.ru/recipes/247684-lagmannaia-lapsha-s-ovoshchami-1742666123
pyaterochka,3608917,Лапша Лагманная домашняя Тестов 500г,review,2,foodru_256858,Сосиски в слоеном тесте,0.3839,"lagmanna, noodles","sausage, sloen",,,"dish_family_unconfirmed, missing_named_components, extra_recipe_components, low_name_score",https://food.ru/recipes/256858-khotstery-1751987949
pyaterochka,3608917,Лапша Лагманная домашняя Тестов 500г,review,3,foodru_11911,Лапша с морепродуктами,0.2796,"lagmanna, test",moreprodukt,,,"missing_named_components, extra_recipe_components, low_name_score",https://food.ru/recipes/11911-lapsha-s-moreproduktami
pyaterochka,3645121,Чиабатта Рустик замороженная п/ф 300г,review,1,foodru_1563,Чиабатта,0.8671,rustik,,,,missing_named_components,https://food.ru/recipes/1563-chiabatta
pyaterochka,3645121,Чиабатта Рустик замороженная п/ф 300г,review,2,foodru_54687,Классический багет,0.8671,rustik,,,,"bread_form_conflict, missing_named_components",https://food.ru/recipes/54687-klassicheskii-baget
pyaterochka,3645121,Чиабатта Рустик замороженная п/ф 300г,review,3,foodru_1682,Хлеб в хлебопечке,0.8671,rustik,,,,missing_named_components,https://food.ru/recipes/1682-hleb-v-hlebopechke
pyaterochka,3658222,Розан со смородиной замороженный п/ф 130г,review,1,foodru_179423,Салат смородиновый,0.8048,rozan,,,,"dish_family_unconfirmed, missing_named_components",https://food.ru/recipes/179423-salat-smorodinovyi-1690937897
pyaterochka,3658222,Розан со смородиной замороженный п/ф 130г,review,2,foodru_46291,Пирог со смородиной,0.7788,rozan,pie,,,"dish_family_unconfirmed, missing_named_components, extra_recipe_components",https://food.ru/recipes/46291-pirog-so-smorodinoi
pyaterochka,3658222,Розан со смородиной замороженный п/ф 130г,review,3,foodru_171922,Творожная запеканка с черной смородиной,0.7251,rozan,"bake, cher, cottage_cheese",,,"dish_family_unconfirmed, missing_named_components, extra_recipe_components",https://food.ru/recipes/171922-tvorozhnaia-zapekanka-s-chernoi-smorodinoi-1686758350
pyaterochka,3693580,"Пицца Рестория Ассорти замороженная, 350г",review,1,foodru_106138,ПП пицца,0.5163,"assort, restor",,,,"missing_named_components, low_name_score",https://food.ru/recipes/106138-pp-picca
pyaterochka,3693580,"Пицца Рестория Ассорти замороженная, 350г",review,2,foodru_84425,Пикантное ассорти из помидоров с корнишонами,0.4905,"pizza, restor","kornishon, pikantn, tomato",,,"dish_family_unconfirmed, missing_named_components, extra_recipe_components, low_name_score",https://food.ru/recipes/84425-pikantnoe-assorti-iz-pomidorov-s-kornishonami
pyaterochka,3693580,"Пицца Рестория Ассорти замороженная, 350г",review,3,foodru_30200,Пицца с сыром,0.4344,"assort, restor",cheese,,,"missing_named_components, extra_recipe_components, low_name_score",https://food.ru/recipes/30200-picca-s-syrom
pyaterochka,3699728,"Блины Солнцепек с вишневой начинкой, 360г",review,1,foodru_143400,Блинчики с вишней,0.9232,solncepek,,,,missing_named_components,https://food.ru/recipes/143400-blinchiki-s-vishnei-1654616798
pyaterochka,3699728,"Блины Солнцепек с вишневой начинкой, 360г",review,2,foodru_185999,Блинчики с вишней,0.9232,solncepek,,,,missing_named_components,https://food.ru/recipes/185999-blinchiki-s-vishnei-1694108021
pyaterochka,3699728,"Блины Солнцепек с вишневой начинкой, 360г",review,3,foodru_71386,Блины с вишней,0.9232,solncepek,,,,missing_named_components,https://food.ru/recipes/71386-bliny-s-vishnei
pyaterochka,3950268,Салат Витаминный из морской капусты Fish House 430г,review,1,foodru_145020,Витаминный салат из свеклы и морской капусты,0.8921,"fish, hous",beet,,,"missing_named_components, extra_recipe_components",https://food.ru/recipes/145020-vitaminnyi-salat-iz-svekly-i-morskoi-kapustoi-1657911213
pyaterochka,3950268,Салат Витаминный из морской капусты Fish House 430г,review,2,foodru_260930,Салат из морской капусты с чесноком и майонезом,0.5886,"fish, hous, vitamin",maionez,,,"missing_named_components, extra_recipe_components, low_name_score",https://food.ru/recipes/260930-salat-iz-morskoi-kapusty-s-chesnokom-i-maionezom
pyaterochka,3950268,Салат Витаминный из морской капусты Fish House 430г,review,3,foodru_122887,Классический салат из морской капусты с крабовыми палочками,0.5803,"fish, hous, vitamin","crab, paloch",,,"missing_named_components, extra_recipe_components, unexpected_protein_in_ingredients, low_name_score",https://food.ru/recipes/122887-klassicheskii-salat-iz-morskoi-kapusty-s-krabovymi-palochkami
pyaterochka,3950270,Салат морская капуста с крабовым мясом Fish House 400г,review,1,foodru_219193,Салат «Морская капуста с крабовым мясом»,0.9428,"fish, hous",,meat,,"missing_named_components, named_ingredient_unconfirmed",https://food.ru/recipes/219193-morskaia-kapusta-s-krabovym-miasom-1718703067
pyaterochka,3950270,Салат морская капуста с крабовым мясом Fish House 400г,review,2,foodru_122887,Классический салат из морской капусты с крабовыми палочками,0.5018,"fish, hous, meat","morsk, paloch",meat,,"missing_named_components, extra_recipe_components, named_ingredient_unconfirmed, low_name_score",https://food.ru/recipes/122887-klassicheskii-salat-iz-morskoi-kapusty-s-krabovymi-palochkami
pyaterochka,3950270,Салат морская капуста с крабовым мясом Fish House 400г,review,3,foodru_228771,Салат с крабовыми палочками и морской капустой,0.5018,"fish, hous, meat","morsk, paloch",meat,,"missing_named_components, extra_recipe_components, named_ingredient_unconfirmed, low_name_score",https://food.ru/recipes/228771-salat-s-krabovymi-palochkami-i-morskoi-kapustoi-1726418422
pyaterochka,3993220,Блинчики с мясом Красная цена 420г,matched,1,foodru_15241,Блины с мясом,1.0,,,,,,https://food.ru/recipes/15241-bliny-s-mjasom
pyaterochka,3993220,Блинчики с мясом Красная цена 420г,matched,2,foodru_139,Блинчики с мясом,1.0,,,,,,https://food.ru/recipes/139-blinchiki-s-mjasom
pyaterochka,3993220,Блинчики с мясом Красная цена 420г,matched,3,foodru_134226,Сытные блины с мясной начинкой,1.0,,,,,,https://food.ru/recipes/134226-sytnye-bliny-s-mjasnoi-nachinkoi
pyaterochka,4009387,Чебурек Твистер's band Чебурито с мясом замороженный,review,1,foodru_119219,Чебуреки с мясом по авторскому рецепту,0.7297,"band, cheburito, tvister",,,,missing_named_components,https://food.ru/recipes/119219-chebureki-s-miasom-1645615583
pyaterochka,4009387,Чебурек Твистер's band Чебурито с мясом замороженный,review,2,foodru_237016,Чебуреки с фаршем из свинины и говядины,0.7153,"band, cheburito, tvister","beef, pork",,,"missing_named_components, extra_recipe_components, low_name_score",https://food.ru/recipes/237016-chebureki-s-farshem-iz-svininy-i-govyadiny-1733622924
pyaterochka,4009387,Чебурек Твистер's band Чебурито с мясом замороженный,review,3,foodru_144012,Чебуреки с мясом со специями и сушеным укропом,0.6831,"band, cheburito, tvister","spec, sushe",,,"missing_named_components, extra_recipe_components, low_name_score",https://food.ru/recipes/144012-chebureki-s-miasom-1656946868
pyaterochka,4046032,"Ассорти овощное черри-корнишоны ФерЭльГам, 500г",review,1,foodru_84425,Пикантное ассорти из помидоров с корнишонами,0.6857,ferelgam,"pikantn, tomato",,,"dish_family_unconfirmed, missing_named_components, extra_recipe_components, low_name_score",https://food.ru/recipes/84425-pikantnoe-assorti-iz-pomidorov-s-kornishonami
pyaterochka,4046032,"Ассорти овощное черри-корнишоны ФерЭльГам, 500г",review,2,foodru_159,Рис с овощами,0.2511,"assort, cherr, ferelgam, kornishon",rice,,,"dish_family_unconfirmed, missing_named_components, extra_recipe_components, low_name_score",https://food.ru/recipes/159-ris-s-ovoshchami
pyaterochka,4046032,"Ассорти овощное черри-корнишоны ФерЭльГам, 500г",review,3,foodru_3168,Гречка с овощами,0.2437,"assort, cherr, ferelgam, kornishon",buckwheat,,,"dish_family_unconfirmed, missing_named_components, extra_recipe_components, low_name_score",https://food.ru/recipes/3168-grechka-s-ovoshchami
pyaterochka,4057687,Наггетсы Вязанка куриные 250г,review,1,foodru_2588,Куриные наггетсы,0.918,vazank,,,,missing_named_components,https://food.ru/recipes/2588-kurinye-naggetsy
pyaterochka,4057687,Наггетсы Вязанка куриные 250г,review,2,foodru_105400,Хрустящие стрипсы из курочки,0.918,vazank,,,,missing_named_components,https://food.ru/recipes/105400-khrustiashchie-stripsy-iz-kurochki-1643873189
pyaterochka,4057687,Наггетсы Вязанка куриные 250г,review,3,foodru_43966,Куриные наггетсы с сыром,0.8582,vazank,cheese,,,"missing_named_components, extra_recipe_components",https://food.ru/recipes/43966-kurinye-naggetsy-s-syrom
pyaterochka,4057693,Наггетсы Вязанка с индейкой замороженные 250г,review,1,foodru_50260,Наггетсы из индейки,0.9305,vazank,,,,missing_named_components,https://food.ru/recipes/50260-naggetsy-iz-indeiki
pyaterochka,4057693,Наггетсы Вязанка с индейкой замороженные 250г,review,2,foodru_87127,Индейка на гриле,0.4297,"nugget, vazank",gril,,,"dish_family_unconfirmed, missing_named_components, extra_recipe_components, low_name_score",https://food.ru/recipes/87127-indeika-na-grile
pyaterochka,4057693,Наггетсы Вязанка с индейкой замороженные 250г,review,3,foodru_87141,Индейка с брокколи,0.4215,"nugget, vazank",brokkol,,,"dish_family_unconfirmed, missing_named_components, extra_recipe_components, low_name_score",https://food.ru/recipes/87141-indeika-s-brokkoli
pyaterochka,4108226,Салат из морской капусты с кальмаром в майонезе Fish House 250г,review,1,foodru_260930,Салат из морской капусты с чесноком и майонезом,0.7388,"fish, hous, squid",,squid,,"missing_named_components, named_ingredient_unconfirmed, protein_unconfirmed_in_ingredients",https://food.ru/recipes/260930-salat-iz-morskoi-kapusty-s-chesnokom-i-maionezom
pyaterochka,4108226,Салат из морской капусты с кальмаром в майонезе Fish House 250г,review,2,foodru_145020,Витаминный салат из свеклы и морской капусты,0.5243,"fish, hous, maionez, squid","beet, vitamin",squid,,"missing_named_components, extra_recipe_components, named_ingredient_unconfirmed, protein_unconfirmed_in_ingredients, low_name_score",https://food.ru/recipes/145020-vitaminnyi-salat-iz-svekly-i-morskoi-kapustoi-1657911213
pyaterochka,4108226,Салат из морской капусты с кальмаром в майонезе Fish House 250г,review,3,foodru_1422,Салат из кальмаров,0.4745,"cabbage, fish, hous, maionez, morsk",,cabbage,,"missing_named_components, named_ingredient_unconfirmed, low_name_score",https://food.ru/recipes/1422-salat-iz-kalmarov
pyaterochka,4117904,Багет Ржаной чесночный замороженный п/ф 200г,review,1,foodru_79910,Сухарики из ржаного хлеба с чесноком,0.9331,,suharik,,,extra_recipe_components,https://food.ru/recipes/79910-suhariki-iz-rzhanogo-hleba-s-chesnokom
pyaterochka,4117904,Багет Ржаной чесночный замороженный п/ф 200г,review,2,foodru_207384,Сухарики из ржаного хлеба с чесноком и паприкой,0.8947,,"paprik, suharik",,,extra_recipe_components,https://food.ru/recipes/207384-sukhariki-iz-rzhanogo-khleba-s-chesnokom-i-paprikoi-1705946496
pyaterochka,4117904,Багет Ржаной чесночный замороженный п/ф 200г,review,3,foodru_1681,Ржаной хлеб,0.7525,garlic,,garlic,,"missing_named_components, named_ingredient_unconfirmed",https://food.ru/recipes/1681-rzhanoi-hleb
pyaterochka,4117906,Багет чесночный замороженный п/ф,matched,1,foodru_74239,Чесночный хлеб,1.0,,,,,,https://food.ru/recipes/74239-chesnochnyi-hleb
pyaterochka,4117906,Багет чесночный замороженный п/ф,matched,2,foodru_79910,Сухарики из ржаного хлеба с чесноком,0.8748,,"rzha, suharik",,,extra_recipe_components,https://food.ru/recipes/79910-suhariki-iz-rzhanogo-hleba-s-chesnokom
pyaterochka,4117906,Багет чесночный замороженный п/ф,matched,3,foodru_207384,Сухарики из ржаного хлеба с чесноком и паприкой,0.8511,,"paprik, rzha, suharik",,,extra_recipe_components,https://food.ru/recipes/207384-sukhariki-iz-rzhanogo-khleba-s-chesnokom-i-paprikoi-1705946496
pyaterochka,4122150,Булочка с сырной начинкой замороженная п/ф 115г,matched,1,foodru_115229,Сырные булочки,1.0,,,,,,https://food.ru/recipes/115229-syrnye-bulochki-1644946537
pyaterochka,4122150,Булочка с сырной начинкой замороженная п/ф 115г,matched,2,foodru_68354,Булочки с корицей,0.6126,cheese,cinnamon,cheese,,"missing_named_components, extra_recipe_components, named_ingredient_unconfirmed, low_name_score",https://food.ru/recipes/68354-bulochki-s-koricei
pyaterochka,4122150,Булочка с сырной начинкой замороженная п/ф 115г,matched,3,foodru_216290,Берлинские булочки,0.5983,cheese,berlinski,cheese,,"missing_named_components, extra_recipe_components, named_ingredient_unconfirmed, low_name_score",https://food.ru/recipes/216290-berlinskie-ponchiki
pyaterochka,4123388,Смузи J7 Полезный завтрак Яблоко-Ананас-Банан-Киви-Манго 300мл,review,1,foodru_252589,"Полезный смузи из киви, банана, петрушки и яблока",0.6643,"mango, pineapple, zavtrak",,pineapple,,"dish_family_unconfirmed, missing_named_components, named_ingredient_unconfirmed, low_name_score",https://food.ru/recipes/252589-poleznyi-smuzi-iz-kivi-banana-petrushki-i-iabloka-1747657384
pyaterochka,4123388,Смузи J7 Полезный завтрак Яблоко-Ананас-Банан-Киви-Манго 300мл,review,2,foodru_2923,"Фруктовое канапе с бананом, яблоками, виноградом и киви",0.3708,"mango, pineapple, polez, smuz, zavtrak","frukt, kanap, vinograd",pineapple,,"dish_family_unconfirmed, missing_named_components, extra_recipe_components, named_ingredient_unconfirmed, low_name_score",https://food.ru/recipes/2923-fruktovoe-kanape-s-bananom-jablokami-vinogradom-i-kivi
pyaterochka,4123388,Смузи J7 Полезный завтрак Яблоко-Ананас-Банан-Киви-Манго 300мл,review,3,foodru_2051,"Фруктовое канапе с виноградом, яблоками, апельсином и ананасом",0.2567,"banana, kivi, mango, polez, smuz, zavtrak","apelsin, frukt, kanap, vinograd",banana,,"dish_family_unconfirmed, missing_named_components, extra_recipe_components, named_ingredient_unconfirmed, low_name_score",https://food.ru/recipes/2051-fruktovoe-kanape-s-vinogradom-jablokami-apelsinom-i-ananasom
pyaterochka,4129597,Чиабатта замороженная п/ф,matched,1,foodru_1563,Чиабатта,1.0,,,,,,https://food.ru/recipes/1563-chiabatta
pyaterochka,4129597,Чиабатта замороженная п/ф,matched,2,foodru_1682,Хлеб в хлебопечке,1.0,,,,,,https://food.ru/recipes/1682-hleb-v-hlebopechke
pyaterochka,4129597,Чиабатта замороженная п/ф,matched,3,foodru_74239,Чесночный хлеб,0.8873,,,,,,https://food.ru/recipes/74239-chesnochnyi-hleb
pyaterochka,4150385,Лазанья Болоньезе с сыром в соусе Бешамель Мираторг 350г,matched,1,foodru_84975,Сочная лазанья болоньезе с соусом бешамель,0.8942,,,,,,https://food.ru/recipes/84975-sochnaja-lazanja-boloneze-s-sousom-beshamel
pyaterochka,4150385,Лазанья Болоньезе с сыром в соусе Бешамель Мираторг 350г,matched,2,foodru_122516,Лазанья с моцареллой под соусом «Бешамель»,0.8112,bolognese,,,,missing_named_components,https://food.ru/recipes/122516-lazanja-s-mocarelloi-pod-sousom-beshamel
pyaterochka,4150385,Лазанья Болоньезе с сыром в соусе Бешамель Мираторг 350г,matched,3,foodru_53158,Лазанья с соусом «Бешамель»,0.7054,bolognese,,,,"missing_named_components, low_name_score",https://food.ru/recipes/53158-lazanja-s-sousom-beshamel
pyaterochka,4168788,Морс клюквенный Пятёрочка Кафе 0.5л,matched,1,foodru_1360,Клюквенный морс,1.0,,,,,,https://food.ru/recipes/1360-kliukvennyi-mors
pyaterochka,4168788,Морс клюквенный Пятёрочка Кафе 0.5л,matched,2,foodru_11862,Морс из облепихи,0.4949,klukv,oblepih,,,"dish_family_unconfirmed, missing_named_components, extra_recipe_components, low_name_score",https://food.ru/recipes/11862-mors-iz-oblepihi
pyaterochka,4168788,Морс клюквенный Пятёрочка Кафе 0.5л,matched,3,foodru_204961,Пшеничная булочка с клюквой и халвой,0.45,mors,"bun, halv",,,"dish_family_unconfirmed, missing_named_components, extra_recipe_components, low_name_score",https://food.ru/recipes/204961-pshenichnaia-bulochka-s-kliukvoi-i-khalvoi-1702537492
pyaterochka,4168789,Морс облепиховый Пятёрочка Кафе 500мл,matched,1,foodru_11862,Морс из облепихи,1.0,,,,,,https://food.ru/recipes/11862-mors-iz-oblepihi
pyaterochka,4168789,Морс облепиховый Пятёрочка Кафе 500мл,matched,2,foodru_1360,Клюквенный морс,0.4817,oblepih,klukv,,,"dish_family_unconfirmed, missing_named_components, extra_recipe_components, low_name_score",https://food.ru/recipes/1360-kliukvennyi-mors
pyaterochka,4191428,Оладьи По-домашнему Пятёрочка Кафе 160г,matched,1,foodru_235474,Оладьи по-домашнему,1.0,,,,,,https://food.ru/recipes/235474-oladi-po-domashnemu-1732441686
pyaterochka,4191428,Оладьи По-домашнему Пятёрочка Кафе 160г,matched,2,foodru_102923,Хашбраун с чесноком,0.89,,,,,,https://food.ru/recipes/102923-hashbraun
pyaterochka,4191428,Оладьи По-домашнему Пятёрочка Кафе 160г,matched,3,foodru_2950,Куриные оладьи,0.9193,,chicken,,,extra_recipe_components,https://food.ru/recipes/2950-kurinye-oladi
pyaterochka,4191429,Плов с курицей Пятёрочка Кафе 250г,matched,1,foodru_1447,Плов с курицей,1.0,,,,,,https://food.ru/recipes/1447-plov-s-kuricei
pyaterochka,4191429,Плов с курицей Пятёрочка Кафе 250г,matched,2,foodru_54203,Нежный плов с курицей,1.0,,,,,,https://food.ru/recipes/54203-nezhnyi-plov-s-kuricei
pyaterochka,4191429,Плов с курицей Пятёрочка Кафе 250г,matched,3,foodru_364,Куриное филе в беконе,0.3008,pilaf,bacon,,,"dish_family_unconfirmed, missing_named_components, extra_recipe_components, low_name_score",https://food.ru/recipes/364-kurinoe-file-v-bekone
pyaterochka,4211166,Брецель-дог с кунжутом замороженный п/ф 160г,review,1,foodru_274827,Брецель с пармезаном и чесноком,0.3917,"dog, kunzhut",cheese,,,"dish_family_unconfirmed, missing_named_components, extra_recipe_components, low_name_score",https://food.ru/recipes/274827-brecel-s-parmezanom-i-chesnokom
pyaterochka,4211166,Брецель-дог с кунжутом замороженный п/ф 160г,review,2,foodru_269490,Винегрет с кунжутным маслом,0.3464,"brecel, dog","oil, vinegret",,,"dish_family_unconfirmed, missing_named_components, extra_recipe_components, low_name_score",https://food.ru/recipes/269490-vinegret-s-kunzhutnym-maslom-1766249916
pyaterochka,4211166,Брецель-дог с кунжутом замороженный п/ф 160г,review,3,foodru_75608,Скумбрия с кунжутным маслом,0.3453,"brecel, dog","oil, skumbr",,,"dish_family_unconfirmed, missing_named_components, extra_recipe_components, low_name_score",https://food.ru/recipes/75608-skumbrija-s-kunzhutnym-maslom
pyaterochka,4216694,Каша Овсяная на молоке Пятёрочка Кафе 200г,matched,1,foodru_29047,Овсяная каша на молоке,1.0,,,,,,https://food.ru/recipes/29047-ovsjanaja-kasha-na-moloke
pyaterochka,4216694,Каша Овсяная на молоке Пятёрочка Кафе 200г,matched,2,foodru_230209,Молочная овсяная каша с тыквой и малиной,0.9136,,"pumpkin, raspberry",,,extra_recipe_components,https://food.ru/recipes/230209-molochnaia-ovsianaia-kasha-s-tykvoi-i-malinoi-1727381357
pyaterochka,4216694,Каша Овсяная на молоке Пятёрочка Кафе 200г,matched,3,foodru_259082,Овсяная каша на миндальном молоке с малиной,0.9013,,"mindaln, raspberry",,,extra_recipe_components,https://food.ru/recipes/259082-ovsianaia-kasha-na-mindalnom-moloke-s-malinoi-1754463573
pyaterochka,4216695,Каша Рисовая на молоке Пятёрочка Кафе 200г,matched,1,foodru_2019,Молочная рисовая каша,1.0,,,,,,https://food.ru/recipes/2019-molochnaja-risovaja-kasha
pyaterochka,4216695,Каша Рисовая на молоке Пятёрочка Кафе 200г,matched,2,foodru_29041,Рисовая каша на молоке,1.0,,,,,,https://food.ru/recipes/29041-risovaja-kasha-na-moloke
pyaterochka,4216695,Каша Рисовая на молоке Пятёрочка Кафе 200г,matched,3,foodru_83449,Рисовая каша на кокосовом молоке,0.9366,,coconut,,,extra_recipe_components,https://food.ru/recipes/83449-risovaja-kasha-na-kokosovom-moloke
pyaterochka,4260436,"Каша пшенная на молоке Пятёрочка Кафе, 200г",matched,1,foodru_29044,Пшенная каша на молоке,1.0,,,,,,https://food.ru/recipes/29044-pshennaja-kasha-na-moloke
pyaterochka,4260436,"Каша пшенная на молоке Пятёрочка Кафе, 200г",matched,2,foodru_173269,Пшенная каша на молоке,1.0,,,,,,https://food.ru/recipes/173269-pshennaia-kasha-na-moloke-1687075332
pyaterochka,4260436,"Каша пшенная на молоке Пятёрочка Кафе, 200г",matched,3,foodru_156311,Пшенная каша с тыквой на молоке,0.9425,,pumpkin,,,extra_recipe_components,https://food.ru/recipes/156311-pshennaja-kasha-s-tykvoi-na-moloke
pyaterochka,4278636,Пирог домашний с творожной начинкой замороженный п/ф 100г,matched,1,foodru_2764,Пироги с творогом,1.0,,,,,,https://food.ru/recipes/2764-pirogi-s-tvorogom
pyaterochka,4278636,Пирог домашний с творожной начинкой замороженный п/ф 100г,matched,2,foodru_1736,Пирожки с капустой,0.5614,cottage_cheese,cabbage,cottage_cheese,,"missing_named_components, extra_recipe_components, named_ingredient_unconfirmed, low_name_score",https://food.ru/recipes/1736-pirozhki-s-kapustoi
pyaterochka,4278636,Пирог домашний с творожной начинкой замороженный п/ф 100г,matched,3,foodru_46291,Пирог со смородиной,0.5495,cottage_cheese,currant,cottage_cheese,,"missing_named_components, extra_recipe_components, named_ingredient_unconfirmed, low_name_score",https://food.ru/recipes/46291-pirog-so-smorodinoi
pyaterochka,4279168,Шаурма с курицей Пятёрочка Кафе,matched,1,foodru_17305,Шаурма с курицей,1.0,,,,,,https://food.ru/recipes/17305-shaurma-s-kuricei
pyaterochka,4279168,Шаурма с курицей Пятёрочка Кафе,matched,2,foodru_199528,Шаверма в лаваше,0.654,,lavash,,,"extra_recipe_components, low_name_score",https://food.ru/recipes/199528-shaverma-v-lavashe-1700171152
pyaterochka,4279168,Шаурма с курицей Пятёрочка Кафе,matched,3,foodru_364,Куриное филе в беконе,0.3008,shawarma,bacon,,,"dish_family_unconfirmed, missing_named_components, extra_recipe_components, low_name_score",https://food.ru/recipes/364-kurinoe-file-v-bekone
pyaterochka,4279833,Салат Фаворит с бужениной и шампиньонами Пятёрочка Кафе 200г,matched,1,foodru_267969,Салат «Фаворит» с бужениной и шампиньонами,1.0,,,,,,https://food.ru/recipes/267969-salat-favorit-s-buzheninoy-i-shampinonami
pyaterochka,4279833,Салат Фаворит с бужениной и шампиньонами Пятёрочка Кафе 200г,matched,2,foodru_236668,"Нежный салат с морковью, луком и грибамм",0.3508,"buzhenina, favorit",carrot,buzhenina,,"missing_named_components, extra_recipe_components, named_ingredient_unconfirmed, protein_unconfirmed_in_ingredients, low_name_score",https://food.ru/recipes/236668-nezhnyi-salat-s-morkoviu-lukom-i-gribamm-1733308276
pyaterochka,4279833,Салат Фаворит с бужениной и шампиньонами Пятёрочка Кафе 200г,matched,3,foodru_51368,Салат с маринованным луком и грибами,0.3437,"buzhenina, favorit",marinovan,buzhenina,,"missing_named_components, extra_recipe_components, named_ingredient_unconfirmed, protein_unconfirmed_in_ingredients, low_name_score",https://food.ru/recipes/51368-salat-s-marinovannym-lukom-i-gribami
pyaterochka,4279853,Блинчики Останкино с мясом замороженные 350г,matched,1,foodru_15241,Блины с мясом,1.0,,,,,,https://food.ru/recipes/15241-bliny-s-mjasom
pyaterochka,4279853,Блинчики Останкино с мясом замороженные 350г,matched,2,foodru_139,Блинчики с мясом,1.0,,,,,,https://food.ru/recipes/139-blinchiki-s-mjasom
pyaterochka,4279853,Блинчики Останкино с мясом замороженные 350г,matched,3,foodru_134226,Сытные блины с мясной начинкой,1.0,,,,,,https://food.ru/recipes/134226-sytnye-bliny-s-mjasnoi-nachinkoi
pyaterochka,4292794,Суп куриный с домашней лапшой Пятёрочка Кафе 250г,matched,1,foodru_59525,Куриный суп с домашней лапшой,1.0,,,,,,https://food.ru/recipes/59525-kurinyi-sup-s-domashnei-lapshoi
pyaterochka,4292794,Суп куриный с домашней лапшой Пятёрочка Кафе 250г,matched,2,foodru_61450,Суп из цыпленка с домашней лапшой,1.0,,,,,,https://food.ru/recipes/61450-sup-iz-cyplenka-s-domashnei-lapshoi
pyaterochka,4292794,Суп куриный с домашней лапшой Пятёрочка Кафе 250г,matched,3,foodru_168433,Суп-лапша с грибами на курином бульоне,0.8997,,"bulon, mushroom",chicken,,"extra_recipe_components, named_ingredient_unconfirmed, protein_unconfirmed_in_ingredients",https://food.ru/recipes/168433-sup-lapsha-s-gribami-1681360166
pyaterochka,4292795,Суп гороховый с копченостями Пятёрочка Кафе 250г,matched,1,foodru_104520,Гороховый суп с копченостями,1.0,,,,,,https://food.ru/recipes/104520-gorokhovyi-sup-s-kopchenostiami-1643782760
pyaterochka,4292795,Суп гороховый с копченостями Пятёрочка Кафе 250г,matched,2,foodru_43045,Супермакароны,0.3938,"kopchenost, pea",,pea,,"missing_named_components, named_ingredient_unconfirmed, low_name_score",https://food.ru/recipes/43045-supermakarony
pyaterochka,4292795,Суп гороховый с копченостями Пятёрочка Кафе 250г,matched,3,foodru_84176,Суп а-ля харчо,0.2643,"kopchenost, pea",kharcho,pea,,"missing_named_components, extra_recipe_components, named_ingredient_unconfirmed, low_name_score",https://food.ru/recipes/84176-sup-a-lja-harcho
pyaterochka,4292797,Борщ украинский с курицей Пятёрочка Кафе 250г,review,1,foodru_3038,Украинский борщ,0.8476,chicken,,chicken,,"missing_named_components, named_ingredient_unconfirmed, protein_unconfirmed_in_ingredients",https://food.ru/recipes/3038-ukrainskii-borshch
pyaterochka,4292797,Борщ украинский с курицей Пятёрочка Кафе 250г,review,2,foodru_141662,Украинский борщ,0.8476,chicken,,chicken,,"missing_named_components, named_ingredient_unconfirmed, protein_unconfirmed_in_ingredients",https://food.ru/recipes/141662-ukrainskii-borshch-1653425877
pyaterochka,4292797,Борщ украинский с курицей Пятёрочка Кафе 250г,review,3,foodru_43389,Классический украинский борщ,0.8476,chicken,,chicken,,"missing_named_components, named_ingredient_unconfirmed, protein_unconfirmed_in_ingredients",https://food.ru/recipes/43389-klassicheskii-ukrainskii-borshch
pyaterochka,4299030,Голубцы ленивые в томатно-сметанном соусе Пятёрочка Кафе 250г,review,1,foodru_29178,Ленивые голубцы в сметанном соусе,0.8792,,,,,named_sauce_component_unconfirmed,https://food.ru/recipes/29178-lenivye-golubcy-v-smetannom-souse
pyaterochka,4299030,Голубцы ленивые в томатно-сметанном соусе Пятёрочка Кафе 250г,review,2,foodru_209368,Ленивые голубцы в томатном соусе,0.8275,sourcream,,,,"missing_named_components, named_sauce_component_unconfirmed",https://food.ru/recipes/209368-lenivye-golubcy-s-tomatnym-sousom
pyaterochka,4299030,Голубцы ленивые в томатно-сметанном соусе Пятёрочка Кафе 250г,review,3,foodru_25836,Голубцы в томатно-сметанном соусе,0.7958,leniv,,,Для голубцов и подачи,"mixed_ingredient_group, missing_named_components",https://food.ru/recipes/25836-golubcy-v-tomatno-smetannom-souse
pyaterochka,4300570,Пекан Кленовый замороженный п/ф 85г,review,1,foodru_271196,Кленовый пекан к чаю,0.9205,,chau,,,"dish_family_unconfirmed, extra_recipe_components",https://food.ru/recipes/271196-klenovyi-pekan-1770808329
pyaterochka,4300570,Пекан Кленовый замороженный п/ф 85г,review,2,foodru_99216,Слойки с пеканом и кленовым сиропом,0.89,,"puff, sirop",,,"dish_family_unconfirmed, extra_recipe_components",https://food.ru/recipes/99216-sloiki-s-pekanom-i-klenovym-siropom
pyaterochka,4300570,Пекан Кленовый замороженный п/ф 85г,review,3,foodru_253008,"Круассан с грушей, сливочным сыром, орехами пекан и шоколадом",0.4157,klen,"cheese, chocolate, croissant, nuts, pear",,,"dish_family_unconfirmed, missing_named_components, extra_recipe_components, low_name_score",https://food.ru/recipes/253008-kruassan-s-grushei-i-slivochnym-syrom-orekhami-pekan-i-shokoladom-1748112269
pyaterochka,4306830,Азу из курицы с картофельным пюре замороженное СытоЕдов 300г,review,1,foodru_70059,Куриное азу с огурцами и картофелем,0.7021,"mash, sytoed",cucumber,,,"missing_named_components, extra_recipe_components, side_dish_unconfirmed, low_name_score",https://food.ru/recipes/70059-kurinoe-azu-s-ogurcami-i-kartofelem
pyaterochka,4306830,Азу из курицы с картофельным пюре замороженное СытоЕдов 300г,review,2,foodru_31893,Картофельное пюре,0.5655,"azu, chicken, sytoed",,chicken,,"dish_family_unconfirmed, missing_named_components, named_ingredient_unconfirmed, protein_unconfirmed_in_ingredients, side_dish_unconfirmed, low_name_score",https://food.ru/recipes/31893-kartofelnoe-piure
pyaterochka,4306830,Азу из курицы с картофельным пюре замороженное СытоЕдов 300г,review,3,foodru_55759,Простой рецепт картофельного пюре,0.5655,"azu, chicken, sytoed",,chicken,,"dish_family_unconfirmed, missing_named_components, named_ingredient_unconfirmed, protein_unconfirmed_in_ingredients, side_dish_unconfirmed, low_name_score",https://food.ru/recipes/55759-prostoi-recept-kartofelnogo-piure
pyaterochka,4315310,Салат Деревенский с курицей и фасолью Пятёрочка Кафе,matched,1,foodru_167,Салат с курицей и фасолью,1.0,,,,,,https://food.ru/recipes/167-salat-s-kuricei-i-fasoliu
pyaterochka,4315310,Салат Деревенский с курицей и фасолью Пятёрочка Кафе,matched,2,foodru_2564,Салат куриный с грибами,0.5017,beans,mushroom,beans,,"missing_named_components, extra_recipe_components, named_ingredient_unconfirmed, low_name_score",https://food.ru/recipes/2564-salat-kurinyi-s-gribami
pyaterochka,4315310,Салат Деревенский с курицей и фасолью Пятёрочка Кафе,matched,3,foodru_60152,Классический салат «Цезарь» с курицей,0.4832,beans,caesar,beans,,"missing_named_components, extra_recipe_components, named_ingredient_unconfirmed, low_name_score",https://food.ru/recipes/60152-klassicheskii-salat-cezar-s-kuricei
pyaterochka,4317626,Салат сельдь под шубой Пятёрочка Кафе 500г,matched,1,foodru_44074,Салат «Селедка под шубой»,1.0,,,,,,https://food.ru/recipes/44074-salat-seledka-pod-shuboi
pyaterochka,4317626,Салат сельдь под шубой Пятёрочка Кафе 500г,matched,2,foodru_87550,Салат из копченой курицы с сельдереем,0.5547,shub,"chicken, kopche",,,"missing_named_components, extra_recipe_components, low_name_score",https://food.ru/recipes/87550-salat-iz-kopchenoi-kuricy-s-seldereem
pyaterochka,4317626,Салат сельдь под шубой Пятёрочка Кафе 500г,matched,3,foodru_271808,"Салат с копченой курицей, картофелем и сельдереем",0.5358,shub,"chicken, kopche, potato",,,"missing_named_components, extra_recipe_components, low_name_score",https://food.ru/recipes/271808-salat-s-kopchenoi-kuricei-kartofelem-i-seldereem
pyaterochka,4322017,Салат сельдь под шубой Пятёрочка Кафе 250г,matched,1,foodru_44074,Салат «Селедка под шубой»,1.0,,,,,,https://food.ru/recipes/44074-salat-seledka-pod-shuboi
pyaterochka,4322017,Салат сельдь под шубой Пятёрочка Кафе 250г,matched,2,foodru_87550,Салат из копченой курицы с сельдереем,0.5547,shub,"chicken, kopche",,,"missing_named_components, extra_recipe_components, low_name_score",https://food.ru/recipes/87550-salat-iz-kopchenoi-kuricy-s-seldereem
pyaterochka,4322017,Салат сельдь под шубой Пятёрочка Кафе 250г,matched,3,foodru_271808,"Салат с копченой курицей, картофелем и сельдереем",0.5358,shub,"chicken, kopche, potato",,,"missing_named_components, extra_recipe_components, low_name_score",https://food.ru/recipes/271808-salat-s-kopchenoi-kuricei-kartofelem-i-seldereem
pyaterochka,4323838,Тефтели с пастой фузилли в томатном соусе Пятёрочка Кафе 250г,matched,1,foodru_131384,Сытные тефтели с пастой в томатном соусе,0.8596,,,,,,https://food.ru/recipes/131384-sytnye-tefteli-s-pastoi-v-tomatnom-souse
pyaterochka,4323838,Тефтели с пастой фузилли в томатном соусе Пятёрочка Кафе 250г,matched,2,foodru_177369,Сытные мясные тефтели в томатном соусе с гречневой кашей,0.5274,"past, pasta","buckwheat, kash, meat",,,"missing_named_components, extra_recipe_components, low_name_score",https://food.ru/recipes/177369-sytnye-miasnye-tefteli-s-grechnevoi-kashei-v-tomatnom-souse-1689396529
pyaterochka,4323838,Тефтели с пастой фузилли в томатном соусе Пятёрочка Кафе 250г,matched,3,foodru_2311,Куриные тефтели в сливочном соусе,0.4049,"past, pasta, tomato",chicken,tomato,,"missing_named_components, extra_recipe_components, named_ingredient_unconfirmed, named_sauce_component_unconfirmed, low_name_score",https://food.ru/recipes/2311-kurinye-tefteli-v-slivochnom-souse
pyaterochka,4335075,Лапша Удон с кальмарами и креветками Пятёрочка Кафе,matched,1,foodru_208192,"Удон с креветками, кальмаром и овощами",0.9519,,,,,,https://food.ru/recipes/208192-udon-s-krevetkami-kalmarom-i-ovoshchami-1706433565
pyaterochka,4335075,Лапша Удон с кальмарами и креветками Пятёрочка Кафе,matched,2,foodru_144473,Стеклянная лапша с креветками и кальмарами,0.923,,steklanna,,,extra_recipe_components,https://food.ru/recipes/144473-stekljannaja-lapsha-s-krevetkami-i-kalmarami
pyaterochka,4335075,Лапша Удон с кальмарами и креветками Пятёрочка Кафе,matched,3,foodru_2141,Кальмар с креветками,0.749,noodles,,,,"dish_family_unconfirmed, missing_named_components",https://food.ru/recipes/2141-kalmar-s-krevetkami
pyaterochka,4337338,Самса с говядиной замороженная п/ф 110г,matched,1,foodru_143288,Самса с говядиной,1.0,,,,,,https://food.ru/recipes/143288-samsa-s-govyadinoj-1654608804
pyaterochka,4337338,Самса с говядиной замороженная п/ф 110г,matched,2,foodru_123213,Вкусная телятина в бульоне,0.4186,samsa,bulon,,,"dish_family_unconfirmed, missing_named_components, extra_recipe_components, low_name_score",https://food.ru/recipes/123213-vkusnaja-teljatina-v-bulone
pyaterochka,4337338,Самса с говядиной замороженная п/ф 110г,matched,3,foodru_130672,Бифштекс из говядины,0.4096,samsa,bifshteks,,,"dish_family_unconfirmed, missing_named_components, extra_recipe_components, low_name_score",https://food.ru/recipes/130672-bifshteks-iz-goviadiny-1648054192
pyaterochka,4342673,Пирожок с капустой замороженный п/ф,matched,1,foodru_1736,Пирожки с капустой,1.0,,,,,,https://food.ru/recipes/1736-pirozhki-s-kapustoi
pyaterochka,4342673,Пирожок с капустой замороженный п/ф,matched,2,foodru_89676,Пирог с филе семги и цветной капустой,0.882,,"cvet, salmon",,,extra_recipe_components,https://food.ru/recipes/89676-pirog-s-file-semgi-i-cvetnoi-kapustoi
pyaterochka,4342673,Пирожок с капустой замороженный п/ф,matched,3,foodru_2764,Пироги с творогом,0.5448,cabbage,cottage_cheese,cabbage,,"missing_named_components, extra_recipe_components, named_ingredient_unconfirmed, low_name_score",https://food.ru/recipes/2764-pirogi-s-tvorogom
pyaterochka,4343383,Салат Фунчоза По-Корейски Пятёрочка Кафе 200г,matched,1,foodru_242720,Корейский салат «Фунчоза»,1.0,,,,,,https://food.ru/recipes/242720-koreiskii-salat-funchoza-1738309008
pyaterochka,4343383,Салат Фунчоза По-Корейски Пятёрочка Кафе 200г,matched,2,foodru_228239,Салат из корейской капусты,0.5717,funchoz,cabbage,,,"missing_named_components, extra_recipe_components, low_name_score",https://food.ru/recipes/228239-salat-iz-koreiskoi-kapusty-1726038381
pyaterochka,4343383,Салат Фунчоза По-Корейски Пятёрочка Кафе 200г,matched,3,foodru_73245,Салат с корейской морковью,0.5639,funchoz,carrot,,,"missing_named_components, extra_recipe_components, unexpected_protein_in_ingredients, low_name_score",https://food.ru/recipes/73245-salat-s-koreiskoi-morkoviu
pyaterochka,4353542,Кутабы с сыром и зеленью Пятёрочка Кафе 150г,matched,1,foodru_73328,Кутабы с зеленью и сыром,1.0,,,,,,https://food.ru/recipes/73328-kutaby-s-zeleniu-i-syrom
pyaterochka,4353542,Кутабы с сыром и зеленью Пятёрочка Кафе 150г,matched,2,foodru_31508,Кутабы с сыром,0.7303,,,,,,https://food.ru/recipes/31508-kutaby-s-syrom
pyaterochka,4353542,Кутабы с сыром и зеленью Пятёрочка Кафе 150г,matched,3,foodru_115113,Кутабы с картошкой и сыром,0.6694,herbs,potato,herbs,,"dish_family_unconfirmed, missing_named_components, extra_recipe_components, named_ingredient_unconfirmed, low_name_score",https://food.ru/recipes/115113-kutaby-s-kartoshkoi-i-syrom
pyaterochka,4355855,Блинчики без начинки Пятёрочка Кафе 200г,matched,1,foodru_67633,Классические блинчики,1.0,,,,,,https://food.ru/recipes/67633-klassicheskie-blinchiki
pyaterochka,4355855,Блинчики без начинки Пятёрочка Кафе 200г,matched,2,foodru_1601,Блины с начинкой,1.0,,,,,unrequested_pancake_filling,https://food.ru/recipes/1601-bliny-s-nachinkoi
pyaterochka,4355855,Блинчики без начинки Пятёрочка Кафе 200г,matched,3,foodru_71513,Домашние блины с курицей,0.9059,,chicken,,,"extra_recipe_components, filling_conflict, unrequested_pancake_filling",https://food.ru/recipes/71513-domashnie-bliny-s-kuricei
pyaterochka,4362366,Запеканка Вкус & Польза творожная с черной смородиной 200г,matched,1,foodru_171922,Творожная запеканка с черной смородиной,1.0,,,,,,https://food.ru/recipes/171922-tvorozhnaia-zapekanka-s-chernoi-smorodinoi-1686758350
pyaterochka,4362366,Запеканка Вкус & Польза творожная с черной смородиной 200г,matched,2,foodru_201243,Творожная запеканка с черной смородиной,1.0,,,,,,https://food.ru/recipes/201243-tvorozhnaia-zapekanka-s-chernoi-smorodinoi-1700250511
pyaterochka,4362366,Запеканка Вкус & Польза творожная с черной смородиной 200г,matched,3,foodru_259660,Воздушная творожная запеканка с черной смородиной без муки,0.9151,,"flour, vozdushna",,,extra_recipe_components,https://food.ru/recipes/259660-vozdushnaia-tvorozhnaia-zapekanka-s-chernoi-smorodinoi-bez-muki-1755056840
pyaterochka,4362369,Запеканка Вкус & Польза творожная с яблоком и корицей,matched,1,foodru_133236,Нежная творожная запеканка с яблоками и корицей,1.0,,,,,,https://food.ru/recipes/133236-nezhnaja-tvorozhnaja-zapekanka-s-jablokami-i-koricei
pyaterochka,4362369,Запеканка Вкус & Польза творожная с яблоком и корицей,matched,2,foodru_71370,Творожная запеканка с корицей,0.7847,apple,,apple,,"missing_named_components, named_ingredient_unconfirmed",https://food.ru/recipes/71370-tvorozhnaja-zapekanka-s-koricei
pyaterochka,4362369,Запеканка Вкус & Польза творожная с яблоком и корицей,matched,3,foodru_100528,Творожная запеканка с яблоком на каждый день,0.6605,cinnamon,"den, kazhd",cinnamon,,"missing_named_components, extra_recipe_components, named_ingredient_unconfirmed, low_name_score",https://food.ru/recipes/100528-tvorozhnaia-zapekanka-s-iablokom-1643287316
pyaterochka,4362579,Сырнички Вкус & Польза с грушей и персиком 120г,review,1,foodru_178303,Персиковые сырники,0.7041,pear,,pear,,"missing_named_components, named_ingredient_unconfirmed, low_name_score",https://food.ru/recipes/178303-persikovye-syrniki-1690032437
pyaterochka,4362579,Сырнички Вкус & Польза с грушей и персиком 120г,review,2,foodru_411,Сырники классические,0.4083,"peach, pear",,"peach, pear",,"missing_named_components, named_ingredient_unconfirmed, low_name_score",https://food.ru/recipes/411-syrniki-klassicheskie
pyaterochka,4362579,Сырнички Вкус & Польза с грушей и персиком 120г,review,3,foodru_71337,Жареные сырники,0.4083,"peach, pear",,"peach, pear",,"missing_named_components, named_ingredient_unconfirmed, low_name_score",https://food.ru/recipes/71337-zharenye-syrniki
pyaterochka,4362581,Сырнички Вкус & Польза с вишней 120г,matched,1,foodru_172949,Сырники с вишней,1.0,,,,,,https://food.ru/recipes/172949-syrniki-s-vishnei-1686930812
pyaterochka,4362581,Сырнички Вкус & Польза с вишней 120г,matched,2,foodru_186780,Нежные сырники с вишней,1.0,,,,,,https://food.ru/recipes/186780-nezhnye-syrniki-s-vishnei-1694256740
pyaterochka,4362581,Сырнички Вкус & Польза с вишней 120г,matched,3,foodru_133141,Сочные творожные сырники с вишней,0.936,,cottage_cheese,,,extra_recipe_components,https://food.ru/recipes/133141-sochnye-tvorozhnye-syrniki-s-vishnei
pyaterochka,4362983,Манты с мясом Пятёрочка Кафе 240г,matched,1,foodru_42998,Манты с мясом,1.0,,,,,,https://food.ru/recipes/42998-manty-s-mjasom
pyaterochka,4362983,Манты с мясом Пятёрочка Кафе 240г,matched,2,foodru_62369,Мясные улитки,0.3452,manti,ulitk,,,"dish_family_unconfirmed, missing_named_components, extra_recipe_components, low_name_score",https://food.ru/recipes/62369-mjasnye-ulitki
pyaterochka,4362983,Манты с мясом Пятёрочка Кафе 240г,matched,3,foodru_105813,Мясные улитки,0.3452,manti,ulitk,,,"dish_family_unconfirmed, missing_named_components, extra_recipe_components, low_name_score",https://food.ru/recipes/105813-miasnye-ulitki-1643903439
pyaterochka,4364574,"Сэндвич-ролл Цезарь Пятерочка Кафе, 200г",review,1,foodru_86263,Тост с соусом цезарь,0.6838,roll,,,Для соуса и подачи,"mixed_ingredient_group, missing_named_components, low_name_score",https://food.ru/recipes/86263-tost-s-sousom-cezar
pyaterochka,4364574,"Сэндвич-ролл Цезарь Пятерочка Кафе, 200г",review,2,foodru_274813,Сэндвичи «Цезарь» для пикника,0.6403,roll,piknik,,,"missing_named_components, extra_recipe_components, low_name_score",https://food.ru/recipes/274813-sendvichi-cezar-dlja-piknika
pyaterochka,4364574,"Сэндвич-ролл Цезарь Пятерочка Кафе, 200г",review,3,foodru_190046,Сэндвич-ролл с курочкой су-вид,0.5965,caesar,"chicken, vid",,,"missing_named_components, extra_recipe_components, low_name_score",https://food.ru/recipes/190046-sendvich-roll-s-kurochkoi-su-vid-1696012333
pyaterochka,4364663,Фарфале с горбушей в сливочном соусе Пятёрочка Кафе 250г,matched,1,foodru_158239,Макароны с горбушей в сливочном соусе,1.0,,,,,,https://food.ru/recipes/158239-makarony-s-gorbushei-v-slivochnom-souse-1674651414
pyaterochka,4364663,Фарфале с горбушей в сливочном соусе Пятёрочка Кафе 250г,matched,2,foodru_45437,Паста с морепродуктами в сливочном соусе,0.6623,pink_salmon,moreprodukt,pink_salmon,,"missing_named_components, extra_recipe_components, named_ingredient_unconfirmed, protein_unconfirmed_in_ingredients, low_name_score",https://food.ru/recipes/45437-pasta-s-moreproduktami-v-slivochnom-souse
pyaterochka,4364663,Фарфале с горбушей в сливочном соусе Пятёрочка Кафе 250г,matched,3,foodru_66469,Паста с морепродуктами и сливочным соусом,0.6623,pink_salmon,moreprodukt,pink_salmon,,"missing_named_components, extra_recipe_components, named_ingredient_unconfirmed, protein_unconfirmed_in_ingredients, low_name_score",https://food.ru/recipes/66469-pasta-s-moreproduktami-i-slivochnym-sousom
pyaterochka,4364665,Паста Карбонара Пятёрочка Кафе 250г,matched,1,foodru_2127,Паста карбонара,1.0,,,,,,https://food.ru/recipes/2127-pasta-karbonara
pyaterochka,4364665,Паста Карбонара Пятёрочка Кафе 250г,matched,2,foodru_1382,Спагетти карбонара,1.0,,,,,,https://food.ru/recipes/1382-spagetti-karbonara
pyaterochka,4364665,Паста Карбонара Пятёрочка Кафе 250г,matched,3,foodru_30160,Домашние фетучини,0.5078,carbonara,,,,"missing_named_components, low_name_score",https://food.ru/recipes/30160-domashnie-fetuchini
pyaterochka,4368756,Рулетики из ветчины с сыром Пятёрочка Кафе 150г,matched,1,foodru_98,Рулетики из ветчины с сыром,1.0,,,,,,https://food.ru/recipes/98-ruletiki-iz-vetchiny-s-syrom
pyaterochka,4368756,Рулетики из ветчины с сыром Пятёрочка Кафе 150г,matched,2,foodru_74404,Рулетики из ветчины,0.8227,,,,,,https://food.ru/recipes/74404-ruletiki-iz-vetchiny
pyaterochka,4368756,Рулетики из ветчины с сыром Пятёрочка Кафе 150г,matched,3,foodru_118172,Рулетики с ветчиной,0.8227,,,,,,https://food.ru/recipes/118172-ruletiki-s-vetchinoi-1645442107
pyaterochka,4368762,Биточек куриный со спагетти в томатном соусе Пятёрочка Кафе 250г,review,1,foodru_187270,Котлеты из куриного фарша в томатно-сметанном соусе,0.7392,pasta,,,,"missing_named_components, side_dish_unconfirmed",https://food.ru/recipes/187270-kotlety-iz-kurinogo-farsha-v-tomatno-smetannom-souse-1694414444
pyaterochka,4368762,Биточек куриный со спагетти в томатном соусе Пятёрочка Кафе 250г,review,2,foodru_193683,Котлеты из куриного фарша в соусе из свежих помидоров,0.7303,pasta,svezhih,,,"missing_named_components, extra_recipe_components, side_dish_unconfirmed",https://food.ru/recipes/193683-kotlety-iz-kurinogo-farsha-v-souse-iz-svezhikh-pomidor-1697257213
pyaterochka,4368762,Биточек куриный со спагетти в томатном соусе Пятёрочка Кафе 250г,review,3,foodru_105537,Спагетти с куриными котлетками для детей и взрослых,0.5699,"sauce, tomato","dete, vzroslyh",tomato,,"missing_named_components, extra_recipe_components, named_ingredient_unconfirmed, named_sauce_component_unconfirmed, side_dish_unconfirmed, low_name_score",https://food.ru/recipes/105537-spagetti-s-kurinymi-kotletkami-1643892486
pyaterochka,4368770,Биточек с индейкой с гречневой кашей Пятёрочка Кафе 250г,review,1,foodru_264378,Гречка с котлетами из индейки,0.7396,kash,,,,"missing_named_components, side_dish_unconfirmed",https://food.ru/recipes/264378-grechka-s-kotletami-iz-indeiki
pyaterochka,4368770,Биточек с индейкой с гречневой кашей Пятёрочка Кафе 250г,review,2,foodru_29072,Котлеты из индейки,0.5531,"buckwheat, kash",,buckwheat,,"missing_named_components, named_ingredient_unconfirmed, side_dish_unconfirmed, low_name_score",https://food.ru/recipes/29072-kotlety-iz-indeiki
pyaterochka,4368770,Биточек с индейкой с гречневой кашей Пятёрочка Кафе 250г,review,3,foodru_53133,Биточки с индейкой,0.5531,kash,,,,"missing_named_components, side_dish_unconfirmed, low_name_score",https://food.ru/recipes/53133-bitochki-s-indeikoi
pyaterochka,4369485,Суп Том-Ям с курицей Пятёрочка Кафе 250г,matched,1,foodru_180468,Суп том ям с курицей,1.0,,,,,,https://food.ru/recipes/180468-sup-tom-iam-s-kuricei-1691040500
pyaterochka,4369485,Суп Том-Ям с курицей Пятёрочка Кафе 250г,matched,2,foodru_52580,Суп Том Ям морепродуктами,0.7476,chicken,moreprodukt,chicken,,"missing_named_components, extra_recipe_components, named_ingredient_unconfirmed, protein_unconfirmed_in_ingredients",https://food.ru/recipes/52580-sup-tom-jam-s-moreproduktami
pyaterochka,4369485,Суп Том-Ям с курицей Пятёрочка Кафе 250г,matched,3,foodru_59525,Куриный суп с домашней лапшой,0.5726,soup_tomyam,noodles,,,"missing_named_components, extra_recipe_components, low_name_score",https://food.ru/recipes/59525-kurinyi-sup-s-domashnei-lapshoi
pyaterochka,4372188,Онигири с курицей терияки Пятёрочка Кафе 110г,review,1,foodru_144266,Онигири с курицей,0.7131,teriyaki,,,,"missing_named_components, low_name_score",https://food.ru/recipes/144266-onigiri-s-kuricei
pyaterochka,4372188,Онигири с курицей терияки Пятёрочка Кафе 110г,review,2,foodru_103540,Нежная курочка терияки с рисом,0.5936,onigiri,rice,,,"dish_family_unconfirmed, missing_named_components, extra_recipe_components, low_name_score",https://food.ru/recipes/103540-nezhnaja-kurochka-terijaki-s-risom
pyaterochka,4372188,Онигири с курицей терияки Пятёрочка Кафе 110г,review,3,foodru_364,Куриное филе в беконе,0.2338,"onigiri, teriyaki",bacon,,,"dish_family_unconfirmed, missing_named_components, extra_recipe_components, low_name_score",https://food.ru/recipes/364-kurinoe-file-v-bekone
pyaterochka,4374555,"Мясо по-французски с запечённым картофелем Пятёрочка Кафе, 250г",matched,1,foodru_50168,Мясо по-французски с запеченным картофелем,1.0,,,,,,https://food.ru/recipes/50168-mjaso-po-francuzski-s-zapechennym-kartofelem
pyaterochka,4374555,"Мясо по-французски с запечённым картофелем Пятёрочка Кафе, 250г",matched,2,foodru_101113,Мясо по-французски из куриного филе,0.5394,"potato, zapechen",chicken,potato,,"dish_family_unconfirmed, missing_named_components, extra_recipe_components, named_ingredient_unconfirmed, low_name_score",https://food.ru/recipes/101113-mjaso-po-francuzski-iz-kurinogo-file
pyaterochka,4374555,"Мясо по-французски с запечённым картофелем Пятёрочка Кафе, 250г",matched,3,foodru_101164,Мясо по-французски из куриного бедра с шампиньонами,0.4613,"potato, zapechen","chicken, mushroom, thigh",potato,,"dish_family_unconfirmed, missing_named_components, extra_recipe_components, named_ingredient_unconfirmed, low_name_score",https://food.ru/recipes/101164-mjaso-po-francuzski-iz-kurinogo-bedra-s-shampinonami
pyaterochka,4376856,Сэндвич-ролл с курицей том ям Пятёрочка Кафе 195г,review,1,foodru_190046,Сэндвич-ролл с курочкой су-вид,0.6764,soup_tomyam,vid,,,"missing_named_components, extra_recipe_components, low_name_score",https://food.ru/recipes/190046-sendvich-roll-s-kurochkoi-su-vid-1696012333
pyaterochka,4376856,Сэндвич-ролл с курицей том ям Пятёрочка Кафе 195г,review,2,foodru_238773,Хрустящий сэндвич с куриным филе и беконом,0.4309,"roll, soup_tomyam",bacon,,,"missing_named_components, extra_recipe_components, low_name_score",https://food.ru/recipes/238773-khrustiashchii-sendvich-s-kurinym-file-i-bekonom-1734848450
pyaterochka,4376856,Сэндвич-ролл с курицей том ям Пятёрочка Кафе 195г,review,3,foodru_4557,Сэндвич простой,0.4075,"chicken, roll, soup_tomyam",,chicken,,"missing_named_components, named_ingredient_unconfirmed, protein_unconfirmed_in_ingredients, low_name_score",https://food.ru/recipes/4557-sendvich-prostoi
pyaterochka,4376857,Сэндвич-ролл с креветкой Пятёрочка Кафе 165г,review,1,foodru_76285,Тост с креветками,0.7069,roll,,,,"missing_named_components, low_name_score",https://food.ru/recipes/76285-tost-s-krevetkami
pyaterochka,4376857,Сэндвич-ролл с креветкой Пятёрочка Кафе 165г,review,2,foodru_4557,Сэндвич простой,0.467,"roll, shrimp",,shrimp,,"missing_named_components, named_ingredient_unconfirmed, protein_unconfirmed_in_ingredients, low_name_score",https://food.ru/recipes/4557-sendvich-prostoi
pyaterochka,4376857,Сэндвич-ролл с креветкой Пятёрочка Кафе 165г,review,3,foodru_2141,Кальмар с креветками,0.337,"roll, sandwich",squid,,,"dish_family_unconfirmed, missing_named_components, extra_recipe_components, low_name_score",https://food.ru/recipes/2141-kalmar-s-krevetkami
pyaterochka,4377199,Шницель куриный с картофельным пюре Пятёрочка Кафе 250г,review,1,foodru_156338,Куриный шницель с пюре и маринованными огурчиками,0.7471,potato,"cucumber, marinovan",potato,Для пюре и подачи,"mixed_ingredient_group, missing_named_components, extra_recipe_components, named_ingredient_unconfirmed, side_dish_unconfirmed",https://food.ru/recipes/156338-kurinyi-shnicel-s-piure-i-marinovannymi-ogurchikami
pyaterochka,4377199,Шницель куриный с картофельным пюре Пятёрочка Кафе 250г,review,2,foodru_31893,Картофельное пюре,0.5638,"chicken, schnitzel",,chicken,,"dish_family_unconfirmed, missing_named_components, named_ingredient_unconfirmed, protein_unconfirmed_in_ingredients, side_dish_unconfirmed, low_name_score",https://food.ru/recipes/31893-kartofelnoe-piure
pyaterochka,4377199,Шницель куриный с картофельным пюре Пятёрочка Кафе 250г,review,3,foodru_55759,Простой рецепт картофельного пюре,0.5638,"chicken, schnitzel",,chicken,,"dish_family_unconfirmed, missing_named_components, named_ingredient_unconfirmed, protein_unconfirmed_in_ingredients, side_dish_unconfirmed, low_name_score",https://food.ru/recipes/55759-prostoi-recept-kartofelnogo-piure
pyaterochka,4380044,Хачапури с сыром замороженное п/ф 100г,matched,1,foodru_1427,Хачапури с сыром,1.0,,,,,,https://food.ru/recipes/1427-hachapuri-s-syrom
pyaterochka,4380044,Хачапури с сыром замороженное п/ф 100г,matched,2,foodru_145330,Хачапури с ветчиной и сыром,0.9334,,ham,,,extra_recipe_components,https://food.ru/recipes/145330-khachapuri-s-vetchinoi-i-syrom-1657917550
pyaterochka,4380044,Хачапури с сыром замороженное п/ф 100г,matched,3,foodru_47907,Хычины с сыром,0.3189,khachapuri,hychin,cheese,Для начинки и подачи,"mixed_ingredient_group, dish_family_unconfirmed, missing_named_components, extra_recipe_components, named_ingredient_unconfirmed, low_name_score",https://food.ru/recipes/47907-hychiny-s-syrom
pyaterochka,4382597,Бурек с картофелем и грибами замороженный п/ф 120г,review,1,foodru_267407,Бурек,0.6065,"mushroom, potato",,"mushroom, potato",,"missing_named_components, named_ingredient_unconfirmed, low_name_score",https://food.ru/recipes/267407-burek
pyaterochka,4382597,Бурек с картофелем и грибами замороженный п/ф 120г,review,2,foodru_30092,Картофельные зразы с грибами,0.5172,burek,zraz,,,"dish_family_unconfirmed, missing_named_components, extra_recipe_components, low_name_score",https://food.ru/recipes/30092-kartofelnye-zrazy-s-gribami
pyaterochka,4382597,Бурек с картофелем и грибами замороженный п/ф 120г,review,3,foodru_43261,Домашние картофельные зразы с грибами,0.5172,burek,zraz,,,"dish_family_unconfirmed, missing_named_components, extra_recipe_components, low_name_score",https://food.ru/recipes/43261-domashnie-kartofelnye-zrazy-s-gribami
pyaterochka,4382734,Спаржа по-корейски Пятёрочка Кафе 200г,matched,1,foodru_143562,Спаржа по-корейски,1.0,,,,,,https://food.ru/recipes/143562-sparzha-po-koreiski-1654629230
pyaterochka,4382734,Спаржа по-корейски Пятёрочка Кафе 200г,matched,2,foodru_119578,Корейский салат со спаржей,0.9508,,,,,,https://food.ru/recipes/119578-salat-so-sparzhei-koreiskii-1645696354
pyaterochka,4382734,Спаржа по-корейски Пятёрочка Кафе 200г,matched,3,foodru_55726,Спаржа по-корейски с морковью,0.9298,,carrot,,Для заправки и подачи,"mixed_ingredient_group, extra_recipe_components",https://food.ru/recipes/55726-sparzha-po-koreiski-s-morkoviu
pyaterochka,4384698,"Салат Винегрет с ароматным маслом Пятёрочка Кафе, 180г",review,1,foodru_169374,Ароматный винегрет,0.7121,,,,,low_name_score,https://food.ru/recipes/169374-aromatnyi-vinegret-1682671293
pyaterochka,4384698,"Салат Винегрет с ароматным маслом Пятёрочка Кафе, 180г",review,2,foodru_105915,Винегрет с маслинами,0.6067,aromat,,,,"missing_named_components, low_name_score",https://food.ru/recipes/105915-vinegret-s-maslinami
pyaterochka,4384698,"Салат Винегрет с ароматным маслом Пятёрочка Кафе, 180г",review,3,foodru_269490,Винегрет с кунжутным маслом,0.5203,aromat,kunzhut,,,"missing_named_components, extra_recipe_components, low_name_score",https://food.ru/recipes/269490-vinegret-s-kunzhutnym-maslom-1766249916
pyaterochka,4384701,Салат Оливье Пятёрочка Кафе 200г,matched,1,foodru_59226,Классический салат оливье,1.0,,,,,,https://food.ru/recipes/59226-klassicheskii-salat-olive
pyaterochka,4384701,Салат Оливье Пятёрочка Кафе 200г,matched,2,foodru_96382,Нежный салат «Оливье»,1.0,,,,,,https://food.ru/recipes/96382-nezhnyi-salat-olive
pyaterochka,4384701,Салат Оливье Пятёрочка Кафе 200г,matched,3,foodru_178788,Салат оливье с вареной говядиной и соленым огурцом,0.8433,,"beef, cucumber, sole, vare",,,extra_recipe_components,https://food.ru/recipes/178788-salat-olive-s-goviadinoi-i-solionym-ogurtsom-1690901910
pyaterochka,4384702,Салат свекольный Пятёрочка Кафе 200г,matched,1,foodru_77596,Свекольный салат,1.0,,,,,,https://food.ru/recipes/77596-svekolnyi-salat
pyaterochka,4384702,Салат свекольный Пятёрочка Кафе 200г,matched,2,foodru_128262,Свекольный салат с чесноком,0.918,,,,,,https://food.ru/recipes/128262-svekolnyi-salat-s-chesnokom-1646835569
pyaterochka,4384702,Салат свекольный Пятёрочка Кафе 200г,matched,3,foodru_72147,Салат из свеклы с чесноком,0.918,,,,,,https://food.ru/recipes/72147-salat-iz-svekly-s-chesnokom
pyaterochka,4384739,Шашлык куриный с картофелем и луком Пятёрочка Кафе 250г,review,1,foodru_184182,Шашлык из курицы с луком,0.8345,potato,,potato,,"missing_named_components, named_ingredient_unconfirmed, side_dish_unconfirmed",https://food.ru/recipes/184182-shashlyk-iz-kurici-s-lukom
pyaterochka,4384739,Шашлык куриный с картофелем и луком Пятёрочка Кафе 250г,review,2,foodru_131514,Шашлык из курицы с луком,0.8345,potato,,potato,,"missing_named_components, named_ingredient_unconfirmed, side_dish_unconfirmed",https://food.ru/recipes/131514-shashlyk-iz-kuricy-s-lukom
pyaterochka,4384739,Шашлык куриный с картофелем и луком Пятёрочка Кафе 250г,review,3,foodru_61578,Домашний картофельный кебаб,0.6253,chicken,,chicken,,"missing_named_components, named_ingredient_unconfirmed, protein_unconfirmed_in_ingredients, side_dish_unconfirmed, low_name_score",https://food.ru/recipes/61578-domashnii-kartofelnyi-kebab
pyaterochka,4384742,Бефстроганов с картофельным пюре  Пятёрочка Кафе 250г,matched,1,foodru_198108,Бефстроганов с картофельным пюре на ужин,0.9355,,,,,,https://food.ru/recipes/198108-befstroganov-s-kartofelnym-piure-1700140349
pyaterochka,4384742,Бефстроганов с картофельным пюре  Пятёрочка Кафе 250г,matched,2,foodru_101906,Картофельное пюре с бефстроганов из вешенок,0.9244,,veshenok,,,"extra_recipe_components, side_dish_unconfirmed",https://food.ru/recipes/101906-kartofelnoe-piure-s-befstroganov-iz-veshenok
pyaterochka,4384742,Бефстроганов с картофельным пюре  Пятёрочка Кафе 250г,matched,3,foodru_31893,Картофельное пюре,0.6648,beefstroganoff,,,,"dish_family_unconfirmed, missing_named_components, side_dish_unconfirmed, low_name_score",https://food.ru/recipes/31893-kartofelnoe-piure
pyaterochka,4384743,Курица терияки с рисом и овощами Пятёрочка Кафе 250г,review,1,foodru_69582,Рисовая лапша с курицей и овощами в соусе терияки,0.93,,noodles,,,"dish_family_unconfirmed, extra_recipe_components",https://food.ru/recipes/69582-risovaja-lapsha-s-kuricei-i-ovoshchami-v-souse-terijaki
pyaterochka,4384743,Курица терияки с рисом и овощами Пятёрочка Кафе 250г,review,2,foodru_61438,Рис с овощами под соусом терияки,0.8198,chicken,,chicken,,"dish_family_unconfirmed, missing_named_components, named_ingredient_unconfirmed, protein_unconfirmed_in_ingredients",https://food.ru/recipes/61438-ris-s-ovoshchami-pod-sousom-terijaki
pyaterochka,4384743,Курица терияки с рисом и овощами Пятёрочка Кафе 250г,review,3,foodru_103540,Нежная курочка терияки с рисом,0.8106,vegetable,,,,"dish_family_unconfirmed, missing_named_components",https://food.ru/recipes/103540-nezhnaja-kurochka-terijaki-s-risom
pyaterochka,4384745,Фрикасе из курицы с гречневой кашей Пятёрочка Кафе 250г,review,1,foodru_77502,Запеченные куриные ножки в соусе чимичурри с гречневой кашей,0.8299,frikas,"chimichurr, nozhk",,,"dish_family_unconfirmed, missing_named_components, extra_recipe_components",https://food.ru/recipes/77502-zapechennye-kurinye-nozhki-v-souse-chimichurri-s-grechnevoi-kashei
pyaterochka,4384745,Фрикасе из курицы с гречневой кашей Пятёрочка Кафе 250г,review,2,foodru_177369,Сытные мясные тефтели в томатном соусе с гречневой кашей,0.6804,"chicken, frikas","meatball, tomato",chicken,,"dish_family_unconfirmed, missing_named_components, extra_recipe_components, named_ingredient_unconfirmed, protein_unconfirmed_in_ingredients, low_name_score",https://food.ru/recipes/177369-sytnye-miasnye-tefteli-s-grechnevoi-kashei-v-tomatnom-souse-1689396529
pyaterochka,4384745,Фрикасе из курицы с гречневой кашей Пятёрочка Кафе 250г,review,3,foodru_238177,Гречка с курицей и овощами,0.5355,"frikas, kash",,,,"dish_family_unconfirmed, missing_named_components, low_name_score",https://food.ru/recipes/238177-grechka-s-kuriczej-i-ovoshhami-1734453666
pyaterochka,4385455,"Сэндвич с ветчиной Пятёрочка Кафе, 185г",matched,1,foodru_1981,Клаб-сэндвич с ветчиной,1.0,,,,,,https://food.ru/recipes/1981-klab-sendvich-s-vetchinoi
pyaterochka,4385455,"Сэндвич с ветчиной Пятёрочка Кафе, 185г",matched,2,foodru_268824,Тосты с ветчиной и салатом,0.9397,,,,,,https://food.ru/recipes/268824-tosty-s-vetchinoi-i-salatom-1765511640
pyaterochka,4385455,"Сэндвич с ветчиной Пятёрочка Кафе, 185г",matched,3,foodru_66059,Тост с ветчиной,1.0,,,ham,,"named_ingredient_unconfirmed, protein_unconfirmed_in_ingredients",https://food.ru/recipes/66059-tost-s-vetchinoi
pyaterochka,4385456,Сэндвич с курицей и беконом Пятёрочка Кафе 185г,matched,1,foodru_238773,Хрустящий сэндвич с куриным филе и беконом,1.0,,,,,,https://food.ru/recipes/238773-khrustiashchii-sendvich-s-kurinym-file-i-bekonom-1734848450
pyaterochka,4385456,Сэндвич с курицей и беконом Пятёрочка Кафе 185г,matched,2,foodru_364,Куриное филе в беконе,0.7483,sandwich,,,,"dish_family_unconfirmed, missing_named_components",https://food.ru/recipes/364-kurinoe-file-v-bekone
pyaterochka,4385456,Сэндвич с курицей и беконом Пятёрочка Кафе 185г,matched,3,foodru_90906,Куриное филе в беконе с сыром,0.6924,sandwich,cheese,,,"dish_family_unconfirmed, missing_named_components, extra_recipe_components, low_name_score",https://food.ru/recipes/90906-kurinoe-file-v-bekone-1640981732
pyaterochka,4386762,Салат с курицей и шампиньонами Пятёрочка Кафе 200г,matched,1,foodru_2564,Салат куриный с грибами,1.0,,,,,,https://food.ru/recipes/2564-salat-kurinyi-s-gribami
pyaterochka,4386762,Салат с курицей и шампиньонами Пятёрочка Кафе 200г,matched,2,foodru_236668,"Нежный салат с морковью, луком и грибамм",0.6475,chicken,carrot,chicken,,"missing_named_components, extra_recipe_components, named_ingredient_unconfirmed, protein_unconfirmed_in_ingredients, low_name_score",https://food.ru/recipes/236668-nezhnyi-salat-s-morkoviu-lukom-i-gribamm-1733308276
pyaterochka,4386762,Салат с курицей и шампиньонами Пятёрочка Кафе 200г,matched,3,foodru_59120,Курица по-французски с шампиньонами,0.6455,salad,francuzsk,,,"dish_family_unconfirmed, missing_named_components, extra_recipe_components, low_name_score",https://food.ru/recipes/59120-kurica-po-francuzski-s-shampinonami
pyaterochka,4389473,Пирожки с картофелем и луком замороженный п/ф 75г,matched,1,foodru_63375,Пирог с картошкой и луком,1.0,,,,,,https://food.ru/recipes/63375-pirog-s-kartoshkoi-i-lukom
pyaterochka,4389473,Пирожки с картофелем и луком замороженный п/ф 75г,matched,2,foodru_46251,Осетинский пирог с картошкой и сыром,0.5931,onion,"cheese, osetinski",potato,Для начинки и подачи,"mixed_ingredient_group, missing_named_components, extra_recipe_components, named_ingredient_unconfirmed, low_name_score",https://food.ru/recipes/46251-osetinskii-pirog-s-kartoshkoi-i-syrom
pyaterochka,4389473,Пирожки с картофелем и луком замороженный п/ф 75г,matched,3,foodru_121272,Осетинский пирог с сыром и картофелем,0.5931,onion,"cheese, osetinski",,,"missing_named_components, extra_recipe_components, low_name_score",https://food.ru/recipes/121272-osetinskii-pirog-s-syrom-i-kartofelem-1645963137
pyaterochka,4391322,Пицца Пепперони охлажденная Graf Ewgraf 300г,matched,1,foodru_1524,Пицца с пеперони,1.0,,,,,,https://food.ru/recipes/1524-picca-s-peperoni
pyaterochka,4391322,Пицца Пепперони охлажденная Graf Ewgraf 300г,matched,2,foodru_229302,Мини-пицца «А-ля пепперони»,1.0,,,,,,https://food.ru/recipes/229302-mini-pitstsa-a-lia-pepperoni-1726694900
pyaterochka,4391322,Пицца Пепперони охлажденная Graf Ewgraf 300г,matched,3,foodru_122380,Аппетитная пицца «Пеперони» с моцареллой,0.9523,,cheese,,,extra_recipe_components,https://food.ru/recipes/122380-appetitnaja-picca-pepperoni-s-mocarelloi
pyaterochka,4391323,Пицца 4 Сыра охлажденная  Graf Ewgraf 300г,review,1,foodru_148288,Римская пицца «Четыре сыра»,0.9183,,rimska,,Для начинки и подачи,"mixed_ingredient_group, extra_recipe_components",https://food.ru/recipes/148288-picca-chetyre-syra
pyaterochka,4391323,Пицца 4 Сыра охлажденная  Graf Ewgraf 300г,review,2,foodru_106138,ПП пицца,0.5389,fourchees,,,,"missing_named_components, low_name_score",https://food.ru/recipes/106138-pp-picca
pyaterochka,4391323,Пицца 4 Сыра охлажденная  Graf Ewgraf 300г,review,3,foodru_30200,Пицца с сыром,0.457,fourchees,cheese,,,"missing_named_components, extra_recipe_components, low_name_score",https://food.ru/recipes/30200-picca-s-syrom
pyaterochka,4392992,Блинчики Останкино с куриным мясом замороженные 350г,matched,1,foodru_166790,Блинчики с куриным мясом,1.0,,,,,,https://food.ru/recipes/166790-blinchiki-s-kurinym-miasom-1681318931
pyaterochka,4392992,Блинчики Останкино с куриным мясом замороженные 350г,matched,2,foodru_15241,Блины с мясом,0.7874,chicken,,chicken,,"missing_named_components, named_ingredient_unconfirmed, protein_unconfirmed_in_ingredients",https://food.ru/recipes/15241-bliny-s-mjasom
pyaterochka,4392992,Блинчики Останкино с куриным мясом замороженные 350г,matched,3,foodru_139,Блинчики с мясом,0.7874,chicken,,chicken,,"missing_named_components, named_ingredient_unconfirmed, protein_unconfirmed_in_ingredients",https://food.ru/recipes/139-blinchiki-s-mjasom
pyaterochka,4394800,Салат Морковь со спаржей по-корейски Пятёрочка Кафе 400г,matched,1,foodru_89008,Салат из спаржи с морковью по-корейски,1.0,,,,,,https://food.ru/recipes/89008-salat-iz-sparzhi-s-morkoviu-po-koreiski
pyaterochka,4394800,Салат Морковь со спаржей по-корейски Пятёрочка Кафе 400г,matched,2,foodru_119578,Корейский салат со спаржей,0.7919,,,,,,https://food.ru/recipes/119578-salat-so-sparzhei-koreiskii-1645696354
pyaterochka,4394800,Салат Морковь со спаржей по-корейски Пятёрочка Кафе 400г,matched,3,foodru_55726,Спаржа по-корейски с морковью,0.8721,,,,Для заправки и подачи,mixed_ingredient_group,https://food.ru/recipes/55726-sparzha-po-koreiski-s-morkoviu
pyaterochka,4394801,Салат Морковь по-корейски Пятёрочка Кафе 400г,matched,1,foodru_68524,Морковь по-корейски,0.8142,,,,,,https://food.ru/recipes/68524-morkov-po-koreiski
pyaterochka,4394801,Салат Морковь по-корейски Пятёрочка Кафе 400г,matched,2,foodru_89612,Морковка по-корейски,0.8142,,,,,,https://food.ru/recipes/89612-morkovka-po-koreiski
pyaterochka,4394801,Салат Морковь по-корейски Пятёрочка Кафе 400г,matched,3,foodru_73245,Салат с корейской морковью,1.0,,,,,unexpected_protein_in_ingredients,https://food.ru/recipes/73245-salat-s-koreiskoi-morkoviu
pyaterochka,4396959,Круггетсы Горячая Штучка с сырным соусом из мяса цыплят замороженные 200г,review,1,foodru_233848,Куриные наггетсы с сырным соусом,0.7321,masa,,,,missing_named_components,https://food.ru/recipes/233848-kurinye-naggetsy-s-syrnym-sousom-1730800471
pyaterochka,4396959,Круггетсы Горячая Штучка с сырным соусом из мяса цыплят замороженные 200г,review,2,foodru_145616,Макароны в сырном соусе с куриными стрипсами,0.6842,masa,,,,"missing_named_components, low_name_score",https://food.ru/recipes/145616-makarony-v-syrnom-souse-s-kurinymi-stripsami-1657929758
pyaterochka,4396959,Круггетсы Горячая Штучка с сырным соусом из мяса цыплят замороженные 200г,review,3,foodru_43966,Куриные наггетсы с сыром,0.6246,"masa, sauce",,,,"missing_named_components, low_name_score",https://food.ru/recipes/43966-kurinye-naggetsy-s-syrom
pyaterochka,4401667,Хлебушек авторский зерновой на закваске замороженный п/ф 300г,review,1,foodru_6942,Хлеб на закваске,0.8879,"avtorski, zern",,,,missing_named_components,https://food.ru/recipes/6942-hleb-na-zakvaske
pyaterochka,4401667,Хлебушек авторский зерновой на закваске замороженный п/ф 300г,review,2,foodru_1563,Чиабатта,0.4929,"avtorski, zakvask, zern",,,,"missing_named_components, low_name_score",https://food.ru/recipes/1563-chiabatta
pyaterochka,4401667,Хлебушек авторский зерновой на закваске замороженный п/ф 300г,review,3,foodru_54687,Классический багет,0.4929,"avtorski, zakvask, zern",,,,"missing_named_components, low_name_score",https://food.ru/recipes/54687-klassicheskii-baget
pyaterochka,4405210,"Хумус Классический Пятёрочка Кафе, 200г",matched,1,foodru_1465,Хумус,1.0,,,,,,https://food.ru/recipes/1465-humus
pyaterochka,4405362,Бульмени Горячая штучка хрустящие с мясом жареные замороженные 220г,review,1,foodru_1488,Фарш для пельменей,1.0,,,,,component_recipe_not_whole_dish,https://food.ru/recipes/1488-farsh-dlja-pelmenei
pyaterochka,4405362,Бульмени Горячая штучка хрустящие с мясом жареные замороженные 220г,review,2,foodru_59329,Вкусные пельмени с мясным фаршем,1.0,,,,Для теста и подачи,mixed_ingredient_group,https://food.ru/recipes/59329-vkusnye-pelmeni-s-mjasnym-farshem
pyaterochka,4405362,Бульмени Горячая штучка хрустящие с мясом жареные замороженные 220г,review,3,foodru_181701,Фарш для пельменей,1.0,,,,,component_recipe_not_whole_dish,https://food.ru/recipes/181701-farsh-dlia-pelmenei-1691477891
pyaterochka,4406920,"Онигири Филадельфия с кетой слабосоленой Пятёрочка Кафе, 100г",review,1,foodru_129030,Слоеные корзиночки с филе индейки и слабосоленой кетой,0.6147,"onigiri, philadelphia","korzinochk, sloen, turkey",,,"dish_family_unconfirmed, missing_named_components, extra_recipe_components, low_name_score",https://food.ru/recipes/129030-sloenye-korzinochki-s-file-indeiki-i-slabosolenoi-ketoi
pyaterochka,4406920,"Онигири Филадельфия с кетой слабосоленой Пятёрочка Кафе, 100г",review,2,foodru_144266,Онигири с курицей,0.3675,"keto, philadelphia, slabosole",chicken,,,"missing_named_components, extra_recipe_components, low_name_score",https://food.ru/recipes/144266-onigiri-s-kuricei
pyaterochka,4406920,"Онигири Филадельфия с кетой слабосоленой Пятёрочка Кафе, 100г",review,3,foodru_65577,Онигири с креветками,0.3482,"keto, philadelphia, slabosole",shrimp,,,"missing_named_components, extra_recipe_components, low_name_score",https://food.ru/recipes/65577-onigiri-s-krevetkami
pyaterochka,4407312,"Шарики Papa Boba из тапиоки для бабл-ти замороженные, 200г",matched,1,foodru_218391,Шарики тапиоки для бабл ти,1.0,,,,,,https://food.ru/recipes/218391-shariki-tapioki-dlia-babl-ti-1717852735
pyaterochka,4407312,"Шарики Papa Boba из тапиоки для бабл-ти замороженные, 200г",matched,2,foodru_11296,Сырные шарики,0.3906,"babl, tapiok",cheese,,,"dish_family_unconfirmed, missing_named_components, extra_recipe_components, low_name_score",https://food.ru/recipes/11296-syrnye-shariki
pyaterochka,4407312,"Шарики Papa Boba из тапиоки для бабл-ти замороженные, 200г",matched,3,foodru_103564,Сырные шарики домашние,0.3906,"babl, tapiok",cheese,,,"dish_family_unconfirmed, missing_named_components, extra_recipe_components, low_name_score",https://food.ru/recipes/103564-syrnye-shariki-domashnie
pyaterochka,4407635,Улитка Греческая с мясом замороженный п/ф 150г,review,1,foodru_62369,Мясные улитки,0.7481,buckwheat,,buckwheat,,"dish_family_unconfirmed, missing_named_components, named_ingredient_unconfirmed",https://food.ru/recipes/62369-mjasnye-ulitki
pyaterochka,4407635,Улитка Греческая с мясом замороженный п/ф 150г,review,2,foodru_105813,Мясные улитки,0.7481,buckwheat,,buckwheat,,"dish_family_unconfirmed, missing_named_components, named_ingredient_unconfirmed",https://food.ru/recipes/105813-miasnye-ulitki-1643903439
pyaterochka,4407635,Улитка Греческая с мясом замороженный п/ф 150г,review,3,foodru_216084,Греческий пирог-улитка,0.7334,meat,pie,"buckwheat, meat",,"dish_family_unconfirmed, missing_named_components, extra_recipe_components, named_ingredient_unconfirmed, meat_unconfirmed_in_ingredients",https://food.ru/recipes/216084-grecheskaja-ulitka
pyaterochka,4409830,Наггетсы Мираторг куриные с сыром замороженные 250г,matched,1,foodru_43966,Куриные наггетсы с сыром,1.0,,,,,,https://food.ru/recipes/43966-kurinye-naggetsy-s-syrom
pyaterochka,4409830,Наггетсы Мираторг куриные с сыром замороженные 250г,matched,2,foodru_233848,Куриные наггетсы с сырным соусом,0.9538,,,,,,https://food.ru/recipes/233848-kurinye-naggetsy-s-syrnym-sousom-1730800471
pyaterochka,4409830,Наггетсы Мираторг куриные с сыром замороженные 250г,matched,3,foodru_145616,Макароны в сырном соусе с куриными стрипсами,0.916,,,,,,https://food.ru/recipes/145616-makarony-v-syrnom-souse-s-kurinymi-stripsami-1657929758
pyaterochka,4409884,Улитка Греческая с курицей и картофелем замороженная п/ф 150г,review,1,foodru_216084,Греческий пирог-улитка,0.6453,"chicken, potato",pie,"buckwheat, chicken, potato",,"dish_family_unconfirmed, missing_named_components, extra_recipe_components, named_ingredient_unconfirmed, protein_unconfirmed_in_ingredients, low_name_score",https://food.ru/recipes/216084-grecheskaja-ulitka
pyaterochka,4409884,Улитка Греческая с курицей и картофелем замороженная п/ф 150г,review,2,foodru_238177,Гречка с курицей и овощами,0.4857,"potato, ulitk",,potato,,"dish_family_unconfirmed, missing_named_components, named_ingredient_unconfirmed, low_name_score",https://food.ru/recipes/238177-grechka-s-kuriczej-i-ovoshhami-1734453666
pyaterochka,4409884,Улитка Греческая с курицей и картофелем замороженная п/ф 150г,review,3,foodru_66676,Гречка с овощами и куриным филе,0.4857,"potato, ulitk",,potato,,"dish_family_unconfirmed, missing_named_components, named_ingredient_unconfirmed, low_name_score",https://food.ru/recipes/66676-grechka-s-ovoshchami-i-kurinym-file
pyaterochka,4410502,Огурцы Global Village Корнишоны соленые 500г,review,1,foodru_147597,Огурцы соленые за 15 минут,0.624,kornishon,minut,,,"dish_family_unconfirmed, missing_named_components, extra_recipe_components, low_name_score",https://food.ru/recipes/147597-ogurtsy-solenye-1660586339
pyaterochka,4410502,Огурцы Global Village Корнишоны соленые 500г,review,2,foodru_41249,Соленые помидоры,0.3936,"cucumber, kornishon",tomato,cucumber,,"dish_family_unconfirmed, missing_named_components, extra_recipe_components, named_ingredient_unconfirmed, low_name_score",https://food.ru/recipes/41249-solenye-pomidory
pyaterochka,4410502,Огурцы Global Village Корнишоны соленые 500г,review,3,foodru_84425,Пикантное ассорти из помидоров с корнишонами,0.3632,"cucumber, solen","assort, pikantn, tomato",cucumber,,"dish_family_unconfirmed, missing_named_components, extra_recipe_components, named_ingredient_unconfirmed, low_name_score",https://food.ru/recipes/84425-pikantnoe-assorti-iz-pomidorov-s-kornishonami
pyaterochka,4410803,Наггетсы Мираторг Классические куриные запеченные замороженные 250г,matched,1,foodru_2588,Куриные наггетсы,1.0,,,,,,https://food.ru/recipes/2588-kurinye-naggetsy
pyaterochka,4410803,Наггетсы Мираторг Классические куриные запеченные замороженные 250г,matched,2,foodru_105400,Хрустящие стрипсы из курочки,1.0,,,,,,https://food.ru/recipes/105400-khrustiashchie-stripsy-iz-kurochki-1643873189
pyaterochka,4410803,Наггетсы Мираторг Классические куриные запеченные замороженные 250г,matched,3,foodru_43966,Куриные наггетсы с сыром,0.9402,,cheese,,,extra_recipe_components,https://food.ru/recipes/43966-kurinye-naggetsy-s-syrom
pyaterochka,4410980,Блинчики с ветчиной и сыром Пятёрочка Кафе 160г,matched,1,foodru_106570,Блины с ветчиной и сыром,1.0,,,,,,https://food.ru/recipes/106570-bliny-s-vetchinoi-i-syrom-1643973566
pyaterochka,4410980,Блинчики с ветчиной и сыром Пятёрочка Кафе 160г,matched,2,foodru_72111,Блины с ветчиной и сыром,1.0,,,,,,https://food.ru/recipes/72111-bliny-s-vetchinoi-i-syrom
pyaterochka,4410980,Блинчики с ветчиной и сыром Пятёрочка Кафе 160г,matched,3,foodru_102304,Завтрак из омлетного блина с ветчиной и сыром,0.8898,,omelette,,,extra_recipe_components,https://food.ru/recipes/102304-zavtrak-iz-omletnogo-blina-s-vetchinoi-i-syrom-1643448028
pyaterochka,4410981,Блинчики с мясом Пятёрочка Кафе 160г,matched,1,foodru_15241,Блины с мясом,1.0,,,,,,https://food.ru/recipes/15241-bliny-s-mjasom
pyaterochka,4410981,Блинчики с мясом Пятёрочка Кафе 160г,matched,2,foodru_139,Блинчики с мясом,1.0,,,,,,https://food.ru/recipes/139-blinchiki-s-mjasom
pyaterochka,4410981,Блинчики с мясом Пятёрочка Кафе 160г,matched,3,foodru_134226,Сытные блины с мясной начинкой,1.0,,,,,,https://food.ru/recipes/134226-sytnye-bliny-s-mjasnoi-nachinkoi
pyaterochka,4410982,Блинчики с яблоком и корицей Пятёрочка Кафе 160г,matched,1,foodru_226493,Блины с яблоками и корицей,1.0,,,,,,https://food.ru/recipes/226493-blinchiki-s-jablokami-i-koricei
pyaterochka,4410982,Блинчики с яблоком и корицей Пятёрочка Кафе 160г,matched,2,foodru_59726,Запеченные яблоки с медом и корицей,0.7217,pancake,medom,,,"dish_family_unconfirmed, missing_named_components, extra_recipe_components",https://food.ru/recipes/59726-zapechennye-jabloki-s-medom-i-koricei
pyaterochka,4410982,Блинчики с яблоком и корицей Пятёрочка Кафе 160г,matched,3,foodru_52744,Домашняя яблочная пастила с медом и корицей,0.6827,pancake,"medom, pastil",,,"dish_family_unconfirmed, missing_named_components, extra_recipe_components, low_name_score",https://food.ru/recipes/52744-domashnjaja-jablochnaja-pastila-s-medom-i-koricei
pyaterochka,4413666,Наггетсы Стародворье Хрустящие из мяса цыплят-бройлеров 230г,review,1,foodru_2588,Куриные наггетсы,0.6049,"broiler, masa",,,,"missing_named_components, low_name_score",https://food.ru/recipes/2588-kurinye-naggetsy
pyaterochka,4413666,Наггетсы Стародворье Хрустящие из мяса цыплят-бройлеров 230г,review,2,foodru_105400,Хрустящие стрипсы из курочки,0.6049,"broiler, masa",,,,"missing_named_components, low_name_score",https://food.ru/recipes/105400-khrustiashchie-stripsy-iz-kurochki-1643873189
pyaterochka,4413666,Наггетсы Стародворье Хрустящие из мяса цыплят-бройлеров 230г,review,3,foodru_43966,Куриные наггетсы с сыром,0.5451,"broiler, masa",cheese,,,"missing_named_components, extra_recipe_components, low_name_score",https://food.ru/recipes/43966-kurinye-naggetsy-s-syrom
pyaterochka,4416812,Салат с копченой курицей и морковью по-корейски Пятёрочка Кафе 200г,matched,1,foodru_90609,Салат из копченой курицы с морковью по-корейски,1.0,,,,,,https://food.ru/recipes/90609-salat-iz-kopchenoi-kuricy-s-morkoviu-po-koreiski
pyaterochka,4416812,Салат с копченой курицей и морковью по-корейски Пятёрочка Кафе 200г,matched,2,foodru_73245,Салат с корейской морковью,0.6936,kopche,,,,"missing_named_components, low_name_score",https://food.ru/recipes/73245-salat-s-koreiskoi-morkoviu
pyaterochka,4416812,Салат с копченой курицей и морковью по-корейски Пятёрочка Кафе 200г,matched,3,foodru_89008,Салат из спаржи с морковью по-корейски,0.6252,"chicken, kopche",asparagus,chicken,,"missing_named_components, extra_recipe_components, named_ingredient_unconfirmed, protein_unconfirmed_in_ingredients, low_name_score",https://food.ru/recipes/89008-salat-iz-sparzhi-s-morkoviu-po-koreiski
pyaterochka,4417805,Котлеты куриные Пятёрочка Кафе 220г,matched,1,foodru_1352,Куриные котлеты,1.0,,,,,,https://food.ru/recipes/1352-kurinye-kotlety
pyaterochka,4417805,Котлеты куриные Пятёрочка Кафе 220г,matched,2,foodru_259,Сочные куриные котлетки,1.0,,,,,,https://food.ru/recipes/259-sochnye-kurinye-kotletki
pyaterochka,4417805,Котлеты куриные Пятёрочка Кафе 220г,matched,3,foodru_124528,Куриные котлетки с шампиньонами,0.9207,,mushroom,,,extra_recipe_components,https://food.ru/recipes/124528-kurinye-kotletki-s-shampinonami-1646107318
pyaterochka,4419105,Аджика Global Village По-домашнему 200г,matched,1,foodru_178091,Аджика по-домашнему,1.0,,,,,,https://food.ru/recipes/178091-adzhika-po-domashnemu-1689854577
pyaterochka,4420773,"Сэндвич с бужениной Пятёрочка Кафе, 190г",matched,1,foodru_76435,Тост с бужениной,1.0,,,,,,https://food.ru/recipes/76435-tost-s-buzheninoi
pyaterochka,4420773,"Сэндвич с бужениной Пятёрочка Кафе, 190г",matched,2,foodru_4557,Сэндвич простой,0.5214,buzhenina,,buzhenina,,"missing_named_components, named_ingredient_unconfirmed, protein_unconfirmed_in_ingredients, low_name_score",https://food.ru/recipes/4557-sendvich-prostoi
pyaterochka,4420773,"Сэндвич с бужениной Пятёрочка Кафе, 190г",matched,3,foodru_43376,Полосатые бутерброды,0.3816,buzhenina,polosat,buzhenina,,"missing_named_components, extra_recipe_components, named_ingredient_unconfirmed, protein_unconfirmed_in_ingredients, low_name_score",https://food.ru/recipes/43376-polosatye-buterbrody
pyaterochka,4420774,Сэндвич с курицей и соусом песто Пятёрочка Кафе 160г,review,1,foodru_76384,Тост с соусом песто,0.8571,chicken,,chicken,Для соуса и подачи,"mixed_ingredient_group, missing_named_components, named_ingredient_unconfirmed, protein_unconfirmed_in_ingredients",https://food.ru/recipes/76384-tost-s-sousom-pesto
pyaterochka,4420774,Сэндвич с курицей и соусом песто Пятёрочка Кафе 160г,review,2,foodru_86263,Тост с соусом цезарь,0.4882,pesto,caesar,,Для соуса и подачи,"mixed_ingredient_group, missing_named_components, extra_recipe_components, low_name_score",https://food.ru/recipes/86263-tost-s-sousom-cezar
pyaterochka,4420774,Сэндвич с курицей и соусом песто Пятёрочка Кафе 160г,review,3,foodru_238773,Хрустящий сэндвич с куриным филе и беконом,0.4752,pesto,bacon,,,"missing_named_components, extra_recipe_components, low_name_score",https://food.ru/recipes/238773-khrustiashchii-sendvich-s-kurinym-file-i-bekonom-1734848450
pyaterochka,4423901,Сырники классические Пятёрочка Кафе 220г,matched,1,foodru_411,Сырники классические,1.0,,,,,,https://food.ru/recipes/411-syrniki-klassicheskie
pyaterochka,4423901,Сырники классические Пятёрочка Кафе 220г,matched,2,foodru_71337,Жареные сырники,1.0,,,,,,https://food.ru/recipes/71337-zharenye-syrniki
pyaterochka,4423901,Сырники классические Пятёрочка Кафе 220г,matched,3,foodru_77935,Сырники без сахара,0.878,,,,,,https://food.ru/recipes/77935-syrniki-bez-sahara
pyaterochka,4424927,Суп Борщ украинский с курицей,review,1,foodru_3038,Украинский борщ,0.7054,chicken,,chicken,,"missing_named_components, named_ingredient_unconfirmed, protein_unconfirmed_in_ingredients, low_name_score",https://food.ru/recipes/3038-ukrainskii-borshch
pyaterochka,4424927,Суп Борщ украинский с курицей,review,2,foodru_141662,Украинский борщ,0.7054,chicken,,chicken,,"missing_named_components, named_ingredient_unconfirmed, protein_unconfirmed_in_ingredients, low_name_score",https://food.ru/recipes/141662-ukrainskii-borshch-1653425877
pyaterochka,4424927,Суп Борщ украинский с курицей,review,3,foodru_43389,Классический украинский борщ,0.7054,chicken,,chicken,,"missing_named_components, named_ingredient_unconfirmed, protein_unconfirmed_in_ingredients, low_name_score",https://food.ru/recipes/43389-klassicheskii-ukrainskii-borshch
pyaterochka,4426983,Паста с курицей и соусом песто Пятёрочка Кафе 220г,review,1,foodru_108719,Паста с соусом песто,0.8543,chicken,,chicken,,"missing_named_components, named_ingredient_unconfirmed, protein_unconfirmed_in_ingredients",https://food.ru/recipes/108719-pasta-s-sousom-pesto-1644344250
pyaterochka,4426983,Паста с курицей и соусом песто Пятёрочка Кафе 220г,review,2,foodru_57851,Спагетти с соусом песто,0.8543,chicken,,chicken,,"missing_named_components, named_ingredient_unconfirmed, protein_unconfirmed_in_ingredients",https://food.ru/recipes/57851-spagetti-s-sousom-pesto
pyaterochka,4426983,Паста с курицей и соусом песто Пятёрочка Кафе 220г,review,3,foodru_102218,Фузилли с соусом песто,0.8543,chicken,,chicken,,"missing_named_components, named_ingredient_unconfirmed, protein_unconfirmed_in_ingredients",https://food.ru/recipes/102218-fuzilli-s-sousom-pesto-1643400287
pyaterochka,4427823,Салат с кальмаром Пятёрочка Кафе 180г,matched,1,foodru_1422,Салат из кальмаров,1.0,,,,,,https://food.ru/recipes/1422-salat-iz-kalmarov
pyaterochka,4427823,Салат с кальмаром Пятёрочка Кафе 180г,matched,2,foodru_2141,Кальмар с креветками,0.6058,salad,shrimp,,,"dish_family_unconfirmed, missing_named_components, extra_recipe_components, low_name_score",https://food.ru/recipes/2141-kalmar-s-krevetkami
pyaterochka,4427823,Салат с кальмаром Пятёрочка Кафе 180г,matched,3,foodru_20569,Жареные кольца кальмара,0.5739,salad,kolc,,,"dish_family_unconfirmed, missing_named_components, extra_recipe_components, low_name_score",https://food.ru/recipes/20569-zharenye-kolca-kalmara
pyaterochka,4427825,Салат Коул Слоу капустный Пятёрочка Кафе 180г,matched,1,foodru_244050,Капустный салат «Коул слоу»,1.0,,,,,,https://food.ru/recipes/244050-kapustnyi-salat-koul-slou-1739376579
pyaterochka,4427825,Салат Коул Слоу капустный Пятёрочка Кафе 180г,matched,2,foodru_133576,Классический салат коул слоу с пекинской капустой,0.9509,,pekinsk,,,extra_recipe_components,https://food.ru/recipes/133576-klassicheskii-salat-koul-slou-s-pekinskoi-kapustoi
pyaterochka,4427825,Салат Коул Слоу капустный Пятёрочка Кафе 180г,matched,3,foodru_228239,Салат из корейской капусты,0.4157,"koul, slou",korean,,,"missing_named_components, extra_recipe_components, low_name_score",https://food.ru/recipes/228239-salat-iz-koreiskoi-kapusty-1726038381
pyaterochka,4428575,Самса Класспродукт с курицей замороженный п/ф 110г,review,1,foodru_35656,Самса с курицей и сыром,0.9441,,cheese,,,extra_recipe_components,https://food.ru/recipes/35656-samsa-s-kuricei-i-syrom
pyaterochka,4428575,Самса Класспродукт с курицей замороженный п/ф 110г,review,2,foodru_35653,Самса с курицей и картошкой,0.9367,,potato,,,extra_recipe_components,https://food.ru/recipes/35653-samsa-s-kuricei-i-kartoshkoi
pyaterochka,4428575,Самса Класспродукт с курицей замороженный п/ф 110г,review,3,foodru_54586,Самса с курицей в духовке,0.9142,,duhovk,,,extra_recipe_components,https://food.ru/recipes/54586-samsa-s-kuricei-v-duhovke
pyaterochka,4428840,Крыло гриль Пятёрочка Кафе,review,1,foodru_258534,Крыло индейки с молодой картошкой в рукаве,0.5246,gril,"molod, potato, rukav, turkey",,,"dish_family_unconfirmed, missing_named_components, extra_recipe_components, low_name_score",https://food.ru/recipes/258534-krylo-indeiki-s-molodoi-kartoshkoi-v-rukave-1753927062
pyaterochka,4428840,Крыло гриль Пятёрочка Кафе,review,2,foodru_35814,Овощи на гриле,0.4335,krylo,,,,"dish_family_unconfirmed, missing_named_components, low_name_score",https://food.ru/recipes/35814-ovoshchi-na-grile
pyaterochka,4428840,Крыло гриль Пятёрочка Кафе,review,3,foodru_87127,Индейка на гриле,0.4254,krylo,turkey,,,"dish_family_unconfirmed, missing_named_components, extra_recipe_components, low_name_score",https://food.ru/recipes/87127-indeika-na-grile
pyaterochka,4429914,Бризоль куриная с рисом Пятёрочка Кафе 220г,review,1,foodru_188630,Бризоли куриные,0.7617,rice,,rice,,"dish_family_unconfirmed, missing_named_components, named_ingredient_unconfirmed",https://food.ru/recipes/188630-brizoli-kurinye
pyaterochka,4429914,Бризоль куриная с рисом Пятёрочка Кафе 220г,review,2,foodru_140355,Куриная бризоль,0.7617,rice,,rice,,"dish_family_unconfirmed, missing_named_components, named_ingredient_unconfirmed",https://food.ru/recipes/140355-kurinaia-brizol-1651168628
pyaterochka,4429914,Бризоль куриная с рисом Пятёрочка Кафе 220г,review,3,foodru_43007,Курица с рисом и овощами,0.5409,brizol,,,,"dish_family_unconfirmed, missing_named_components, low_name_score",https://food.ru/recipes/43007-kurica-s-risom-i-ovoshchami
pyaterochka,4431581,"Слойка с курицей и сыром КлассПродукт замороженная п/ф, 110г",review,1,foodru_2016,Слойка с курицей,0.7951,cheese,,cheese,,"missing_named_components, named_ingredient_unconfirmed",https://food.ru/recipes/2016-sloika-s-kuricei
pyaterochka,4431581,"Слойка с курицей и сыром КлассПродукт замороженная п/ф, 110г",review,2,foodru_2068,Слойки с курицей,0.7951,cheese,,cheese,,"missing_named_components, named_ingredient_unconfirmed",https://food.ru/recipes/2068-sloiki-s-kuricei
pyaterochka,4431581,"Слойка с курицей и сыром КлассПродукт замороженная п/ф, 110г",review,3,foodru_98963,Сочные слойки с курицей,0.7951,cheese,,cheese,,"missing_named_components, named_ingredient_unconfirmed",https://food.ru/recipes/98963-sochnye-sloiki-s-kuricei
pyaterochka,4431614,"Шаурма с индейкой в розовом лаваше, 200г",review,1,foodru_199528,Шаверма в лаваше,0.7837,"rozov, turkey",,turkey,,"missing_named_components, named_ingredient_unconfirmed, protein_unconfirmed_in_ingredients",https://food.ru/recipes/199528-shaverma-v-lavashe-1700171152
pyaterochka,4431614,"Шаурма с индейкой в розовом лаваше, 200г",review,2,foodru_66061,Тост с индейкой,0.291,"lavash, rozov, shawarma",,,,"missing_named_components, low_name_score",https://food.ru/recipes/66061-tost-s-indeikoi
pyaterochka,4431614,"Шаурма с индейкой в розовом лаваше, 200г",review,3,foodru_76406,Тост с филе индейки,0.291,"lavash, rozov, shawarma",,,,"missing_named_components, low_name_score",https://food.ru/recipes/76406-tost-s-file-indeiki
pyaterochka,4431755,"Булочка Рустик пшеничная замороженная п/ф, 65г",review,1,foodru_223447,Фаршированные пшеничные булочки,0.8776,rustik,meat,,,"missing_named_components, extra_recipe_components",https://food.ru/recipes/223447-farshirovannye-pshenichnye-bulochki-1721624056
pyaterochka,4431755,"Булочка Рустик пшеничная замороженная п/ф, 65г",review,2,foodru_128996,Пшеничные булочки с филе индейки,0.8701,rustik,turkey,,,"missing_named_components, extra_recipe_components",https://food.ru/recipes/128996-pshenichnye-bulochki-s-file-indeiki-
pyaterochka,4431755,"Булочка Рустик пшеничная замороженная п/ф, 65г",review,3,foodru_92611,Пшеничные дрожжевые булочки,0.8448,rustik,drozhzhev,,,"missing_named_components, extra_recipe_components",https://food.ru/recipes/92611-pshenichnye-bulochki-1641987854
pyaterochka,4435105,Салат Капуста По-Корейски Пятёрочка Кафе 200г,matched,1,foodru_228239,Салат из корейской капусты,1.0,,,,,,https://food.ru/recipes/228239-salat-iz-koreiskoi-kapusty-1726038381
pyaterochka,4435105,Салат Капуста По-Корейски Пятёрочка Кафе 200г,matched,2,foodru_159841,Морковка и капуста по-корейски,0.7255,,carrot,,,extra_recipe_components,https://food.ru/recipes/159841-morkovka-i-kapusta-po-koreiski-1676457401
pyaterochka,4435105,Салат Капуста По-Корейски Пятёрочка Кафе 200г,matched,3,foodru_55717,Капуста с морковью по-корейски,0.7255,,carrot,,,extra_recipe_components,https://food.ru/recipes/55717-kapusta-s-morkoviu-po-koreiski
pyaterochka,4435156,"Макароны по-флотски Пятёрочка Кафе, 220г",matched,1,foodru_1432,Макароны по-флотски,1.0,,,,,,https://food.ru/recipes/1432-makarony-po-flotski
pyaterochka,4435156,"Макароны по-флотски Пятёрочка Кафе, 220г",matched,2,foodru_30160,Домашние фетучини,0.491,flotsk,,,,"missing_named_components, low_name_score",https://food.ru/recipes/30160-domashnie-fetuchini
pyaterochka,4435156,"Макароны по-флотски Пятёрочка Кафе, 220г",matched,3,foodru_30201,Макароны с сыром,0.3952,flotsk,cheese,,,"missing_named_components, extra_recipe_components, low_name_score",https://food.ru/recipes/30201-makarony-s-syrom
pyaterochka,4436289,Пицца Сибирская Коллекция Classic Пепперони замороженная 340г,review,1,foodru_1524,Пицца с пеперони,0.9375,classic,,,,missing_named_components,https://food.ru/recipes/1524-picca-s-peperoni
pyaterochka,4436289,Пицца Сибирская Коллекция Classic Пепперони замороженная 340г,review,2,foodru_229302,Мини-пицца «А-ля пепперони»,0.9375,classic,,,,missing_named_components,https://food.ru/recipes/229302-mini-pitstsa-a-lia-pepperoni-1726694900
pyaterochka,4436289,Пицца Сибирская Коллекция Classic Пепперони замороженная 340г,review,3,foodru_122380,Аппетитная пицца «Пеперони» с моцареллой,0.8899,classic,cheese,,,"missing_named_components, extra_recipe_components",https://food.ru/recipes/122380-appetitnaja-picca-pepperoni-s-mocarelloi
pyaterochka,4436497,Ролл Калифорния Пятёрочка Кафе 230г,matched,1,foodru_25691,Роллы «Калифорния»,1.0,,,,,,https://food.ru/recipes/25691-rolly-kalifornija
pyaterochka,4436497,Ролл Калифорния Пятёрочка Кафе 230г,matched,2,foodru_124124,Куриный ролл,0.4567,california,chicken,,,"missing_named_components, extra_recipe_components, low_name_score",https://food.ru/recipes/124124-kurinyi-roll-1646049547
pyaterochka,4436497,Ролл Калифорния Пятёрочка Кафе 230г,matched,3,foodru_4589,Роллы с креветками,0.4369,california,shrimp,,,"missing_named_components, extra_recipe_components, low_name_score",https://food.ru/recipes/4589-rolly-s-krevetkami
pyaterochka,4436580,"Сочень с творогом и черносмородиновой начинкой замороженный п/ф, 80г",review,1,foodru_77515,Сочень с творогом,0.9395,chernosmorodin,,,,"dish_family_unconfirmed, missing_named_components",https://food.ru/recipes/77515-sochen-s-tvorogom
pyaterochka,4436580,"Сочень с творогом и черносмородиновой начинкой замороженный п/ф, 80г",review,2,foodru_530,Блины с творогом,0.3634,"chernosmorodin, sochen",pancake,,,"dish_family_unconfirmed, missing_named_components, extra_recipe_components, low_name_score",https://food.ru/recipes/530-bliny-s-tvorogom
pyaterochka,4436580,"Сочень с творогом и черносмородиновой начинкой замороженный п/ф, 80г",review,3,foodru_49015,Блинчики с творогом,0.3634,"chernosmorodin, sochen",pancake,,Для жарки и подачи,"mixed_ingredient_group, dish_family_unconfirmed, missing_named_components, extra_recipe_components, low_name_score",https://food.ru/recipes/49015-blinchiki-s-tvorogom
pyaterochka,4439363,"Cуп-пюре Вкус&Польза из тыквы, 250г",review,1,foodru_2149,Тыквенное пюре,0.9282,cup,,,,"dish_family_unconfirmed, missing_named_components",https://food.ru/recipes/2149-tykvennoe-piure
pyaterochka,4439363,"Cуп-пюре Вкус&Польза из тыквы, 250г",review,2,foodru_2884,Суп-пюре с тыквой,0.8599,cup,,,,"dish_family_unconfirmed, missing_named_components",https://food.ru/recipes/2884-sup-piure-s-tykvoi
pyaterochka,4439363,"Cуп-пюре Вкус&Польза из тыквы, 250г",review,3,foodru_70875,Куриные котлеты с тыквенным пюре,0.8346,cup,"chicken, cutlet",,,"dish_family_unconfirmed, missing_named_components, extra_recipe_components",https://food.ru/recipes/70875-kurinye-kotlety-s-tykvennym-piure
pyaterochka,4439713,"Томаты Global Village солёные красные, 1кг",review,1,foodru_41249,Соленые помидоры,0.934,krasn,,,,"dish_family_unconfirmed, missing_named_components",https://food.ru/recipes/41249-solenye-pomidory
pyaterochka,4439713,"Томаты Global Village солёные красные, 1кг",review,2,foodru_147597,Огурцы соленые за 15 минут,0.5169,"krasn, tomato","cucumber, minut",tomato,,"dish_family_unconfirmed, missing_named_components, extra_recipe_components, named_ingredient_unconfirmed, low_name_score",https://food.ru/recipes/147597-ogurtsy-solenye-1660586339
pyaterochka,4439713,"Томаты Global Village солёные красные, 1кг",review,3,foodru_248522,Соленые блинчики с крем-чизом,0.5046,"krasn, tomato","chiz, krem, pancake",tomato,,"dish_family_unconfirmed, missing_named_components, extra_recipe_components, named_ingredient_unconfirmed, low_name_score",https://food.ru/recipes/248522-solenye-blinchiki-s-krem-chizom-1743495303
pyaterochka,4443043,"Панини с курицей гриль и огуречным соусом Релиш Пятёрочка Кафе, 195г",review,1,foodru_226495,Релиш из огурцов,0.5802,"chicken, gril, sandwich, sauce",,chicken,,"dish_family_unconfirmed, missing_named_components, named_ingredient_unconfirmed, protein_unconfirmed_in_ingredients, low_name_score",https://food.ru/recipes/226495-relish-iz-ogurcov
pyaterochka,4443043,"Панини с курицей гриль и огуречным соусом Релиш Пятёрочка Кафе, 195г",review,2,foodru_127900,Куриные стейки на гриле,0.3437,"cucumber, relish, sandwich",steik,cucumber,,"dish_family_unconfirmed, missing_named_components, extra_recipe_components, named_ingredient_unconfirmed, low_name_score",https://food.ru/recipes/127900-kurinye-steiki-na-grile-1646673319
pyaterochka,4443043,"Панини с курицей гриль и огуречным соусом Релиш Пятёрочка Кафе, 195г",review,3,foodru_4557,Сэндвич простой,0.3393,"chicken, cucumber, gril, relish, sauce",,"chicken, cucumber",,"missing_named_components, named_ingredient_unconfirmed, protein_unconfirmed_in_ingredients, low_name_score",https://food.ru/recipes/4557-sendvich-prostoi
pyaterochka,4443834,"Чебупицца со вкусом Том Ям замороженная Горячая штучка, 230г",review,1,foodru_2775,Том Ям с креветками,0.7062,"chebupicc, vkus",shrimp,,,"missing_named_components, extra_recipe_components, low_name_score",https://food.ru/recipes/2775-tom-jam-s-krevetkami
pyaterochka,4443834,"Чебупицца со вкусом Том Ям замороженная Горячая штучка, 230г",review,2,foodru_219511,Том Ям с креветками,0.7062,"chebupicc, vkus",shrimp,,,"missing_named_components, extra_recipe_components, low_name_score",https://food.ru/recipes/219511-tom-yam-s-krevetkami-1718891836
pyaterochka,4443834,"Чебупицца со вкусом Том Ям замороженная Горячая штучка, 230г",review,3,foodru_271604,Том Ям с морепродуктами,0.6924,"chebupicc, vkus",moreprodukt,,,"missing_named_components, extra_recipe_components, low_name_score",https://food.ru/recipes/271604-tom-jam-s-moreproduktamI
pyaterochka,4445984,"Салат Цезарь с курицей Пятёрочка Кафе, 160г",matched,1,foodru_60152,Классический салат «Цезарь» с курицей,1.0,,,,,,https://food.ru/recipes/60152-klassicheskii-salat-cezar-s-kuricei
pyaterochka,4445984,"Салат Цезарь с курицей Пятёрочка Кафе, 160г",matched,2,foodru_43911,Салат «Цезарь»,0.8092,,,,,,https://food.ru/recipes/43911-salat-cezar
pyaterochka,4445984,"Салат Цезарь с курицей Пятёрочка Кафе, 160г",matched,3,foodru_70931,Домашний салат «Цезарь»,0.8092,chicken,,chicken,,"missing_named_components, named_ingredient_unconfirmed, protein_unconfirmed_in_ingredients",https://food.ru/recipes/70931-domashnii-salat-cezar
pyaterochka,4447865,"Оладьи печёночные с картофельным пюре Пятёрочка Кафе, 250г",review,1,foodru_1695,Картофельные оладьи из пюре,0.7331,pechenochn,,,,missing_named_components,https://food.ru/recipes/1695-kartofelnye-oladi-iz-piure
pyaterochka,4447865,"Оладьи печёночные с картофельным пюре Пятёрочка Кафе, 250г",review,2,foodru_2973,Печеночные оладьи,0.6806,"mash, potato",,potato,,"missing_named_components, named_ingredient_unconfirmed, low_name_score",https://food.ru/recipes/2973-pechenochnye-oladi
pyaterochka,4447865,"Оладьи печёночные с картофельным пюре Пятёрочка Кафе, 250г",review,3,foodru_43818,Хашбраун (картофельные оладьи),0.5561,"mash, pechenochn",,,,"missing_named_components, low_name_score",https://food.ru/recipes/43818-hashbraun-kartofelnye-oladi
pyaterochka,4447872,"Котлета по-киевски с картофельным пюре Пятёрочка Кафе, 260г",review,1,foodru_274682,Картофельное пюре с печеным перцем к котлетам по-киевски,0.9083,,peche,,,"extra_recipe_components, side_dish_unconfirmed",https://food.ru/recipes/274682-kartofelnoe-piure-s-pechenym-percem-k-kotletam-po-kievski
pyaterochka,4447872,"Котлета по-киевски с картофельным пюре Пятёрочка Кафе, 260г",review,2,foodru_110445,Котлеты «Сочные» с картофельным пюре,0.7331,kievsk,,potato,,"missing_named_components, named_ingredient_unconfirmed",https://food.ru/recipes/110445-kotlety-sochnye-s-kartofelnym-piure-1644669917
pyaterochka,4447872,"Котлета по-киевски с картофельным пюре Пятёрочка Кафе, 260г",review,3,foodru_109435,Котлетки из картофельного пюре,0.7331,kievsk,,,,"missing_named_components, side_dish_unconfirmed",https://food.ru/recipes/109435-kotletki-iz-kartofelnogo-piure
pyaterochka,4449199,"Сэндвич Карбонара Пятёрочка Кафе, 125г",review,1,foodru_4557,Сэндвич простой,0.5214,carbonara,,,,"missing_named_components, low_name_score",https://food.ru/recipes/4557-sendvich-prostoi
pyaterochka,4449199,"Сэндвич Карбонара Пятёрочка Кафе, 125г",review,2,foodru_76285,Тост с креветками,0.413,carbonara,shrimp,,,"missing_named_components, extra_recipe_components, low_name_score",https://food.ru/recipes/76285-tost-s-krevetkami
pyaterochka,4449199,"Сэндвич Карбонара Пятёрочка Кафе, 125г",review,3,foodru_1981,Клаб-сэндвич с ветчиной,0.4114,carbonara,ham,,,"missing_named_components, extra_recipe_components, low_name_score",https://food.ru/recipes/1981-klab-sendvich-s-vetchinoi
pyaterochka,4449822,"Сэндвич с тунцом Пятёрочка Кафе, 185г",matched,1,foodru_16182,Сэндвич с тунцом,1.0,,,,,,https://food.ru/recipes/16182-sendvich-s-tuncom
pyaterochka,4449822,"Сэндвич с тунцом Пятёрочка Кафе, 185г",matched,2,foodru_59216,Вкусный жареный тунец,0.6326,sandwich,,,,"dish_family_unconfirmed, missing_named_components, low_name_score",https://food.ru/recipes/59216-vkusnyi-zharenyi-tunec
pyaterochka,4449822,"Сэндвич с тунцом Пятёрочка Кафе, 185г",matched,3,foodru_4557,Сэндвич простой,0.5874,tuna,,tuna,,"missing_named_components, named_ingredient_unconfirmed, protein_unconfirmed_in_ingredients, low_name_score",https://food.ru/recipes/4557-sendvich-prostoi
pyaterochka,4449902,"Налистники Конвертики с сырным кремом и вишневой начинкой Mr.Food, 140г",review,1,foodru_191352,Блинный торт с творожным кремом и вишней,0.5936,konvertik,"cottage_cheese, tort",,,"missing_named_components, extra_recipe_components, low_name_score",https://food.ru/recipes/191352-blinnyi-tort-s-tvorozhnym-kremom-i-vishnei-1696600671
pyaterochka,4449902,"Налистники Конвертики с сырным кремом и вишневой начинкой Mr.Food, 140г",review,2,foodru_143400,Блинчики с вишней,0.5155,"cheese, konvertik, krem",,cheese,,"missing_named_components, named_ingredient_unconfirmed, low_name_score",https://food.ru/recipes/143400-blinchiki-s-vishnei-1654616798
pyaterochka,4449902,"Налистники Конвертики с сырным кремом и вишневой начинкой Mr.Food, 140г",review,3,foodru_185999,Блинчики с вишней,0.5155,"cheese, konvertik, krem",,cheese,,"missing_named_components, named_ingredient_unconfirmed, low_name_score",https://food.ru/recipes/185999-blinchiki-s-vishnei-1694108021
pyaterochka,4451804,"Онигири с филе-кусочками тунца запечённого Пятёрочка Кафе, 100г",review,1,foodru_47885,Онигири с тунцом,0.543,"kusoch, zapechen",,,,"missing_named_components, low_name_score",https://food.ru/recipes/47885-onigiri-s-tuncom
pyaterochka,4451804,"Онигири с филе-кусочками тунца запечённого Пятёрочка Кафе, 100г",review,2,foodru_59216,Вкусный жареный тунец,0.3672,"kusoch, onigiri, zapechen",,,,"dish_family_unconfirmed, missing_named_components, low_name_score",https://food.ru/recipes/59216-vkusnyi-zharenyi-tunec
pyaterochka,4451804,"Онигири с филе-кусочками тунца запечённого Пятёрочка Кафе, 100г",review,3,foodru_50168,Мясо по-французски с запеченным картофелем,0.3066,"kusoch, onigiri, tuna","francuzsk, potato",tuna,,"dish_family_unconfirmed, missing_named_components, extra_recipe_components, named_ingredient_unconfirmed, protein_unconfirmed_in_ingredients, low_name_score",https://food.ru/recipes/50168-mjaso-po-francuzski-s-zapechennym-kartofelem
pyaterochka,4452201,Ролл креветкой и творожным сыром Йуми 215г,review,1,foodru_230817,Роллы с творожным сыром и королевскими креветками,0.9309,,korolevskim,,,extra_recipe_components,https://food.ru/recipes/230817-rolly-s-tvorozhnym-syrom-i-korolevskimi-krevetkami-1727859464
pyaterochka,4452201,Ролл креветкой и творожным сыром Йуми 215г,review,2,foodru_203002,Роллы с крабовым мясом и творожным сыром с креветкой,0.9209,,crab,shrimp,,"extra_recipe_components, named_ingredient_unconfirmed, protein_unconfirmed_in_ingredients",https://food.ru/recipes/203002-rolly-s-krabovym-miasom-i-tvorozhnym-syrom-s-krevetkoi-1700403806
pyaterochka,4452201,Ролл креветкой и творожным сыром Йуми 215г,review,3,foodru_205510,"Запеченные роллы с творожным сыром, креветками и слабосоленой форелью",0.905,,"forel, slabosole",,,extra_recipe_components,https://food.ru/recipes/205510-zapechennye-rolly-s-tvorozhnym-syrom-krevetkami-i-slabosolenoj-forelyu-1702906283
pyaterochka,4452801,"Минтай жареный под маринадом Пятёрочка Кафе, 250г",matched,1,foodru_144862,Минтай под маринадом,1.0,,,,,,https://food.ru/recipes/144862-mintai-pod-marinadom-1657908059
pyaterochka,4452801,"Минтай жареный под маринадом Пятёрочка Кафе, 250г",matched,2,foodru_197561,Минтай в микроволновке,0.4766,marinad,mikrovolnovk,,,"dish_family_unconfirmed, missing_named_components, extra_recipe_components, low_name_score",https://food.ru/recipes/197561-mintai-v-marinade
pyaterochka,4454442,"Сырники творожные охлаждённые Вкус & Польза, 120г",matched,1,foodru_418,Сырники из творога,1.0,,,,,,https://food.ru/recipes/418-syrniki-iz-tvoroga
pyaterochka,4454442,"Сырники творожные охлаждённые Вкус & Польза, 120г",matched,2,foodru_97297,Нежные творожные сырники без сахара,0.9112,,,,,,https://food.ru/recipes/97297-syrniki-bez-sakhara-1642789156
pyaterochka,4454442,"Сырники творожные охлаждённые Вкус & Польза, 120г",matched,3,foodru_133141,Сочные творожные сырники с вишней,0.9199,,cherry,,,extra_recipe_components,https://food.ru/recipes/133141-sochnye-tvorozhnye-syrniki-s-vishnei
pyaterochka,4454512,"Смузи протеиновый тропический ягодно-фруктовый Вкус & Польза, 250мл",review,1,foodru_117537,Смузи ягодно-фруктовое на ореховом молоке,0.7116,"protein, tropicheski",nuts,,,"dish_family_unconfirmed, missing_named_components, extra_recipe_components, low_name_score",https://food.ru/recipes/117537-smuzi-iagodno-fruktovoe-1645350514
pyaterochka,4454512,"Смузи протеиновый тропический ягодно-фруктовый Вкус & Польза, 250мл",review,2,foodru_148848,Протеиновый завтрак,0.3076,"agodno, frukt, smuz, tropicheski",,,,"dish_family_unconfirmed, missing_named_components, low_name_score",https://food.ru/recipes/148848-proteinovyi-zavtrak-1663655984
pyaterochka,4454512,"Смузи протеиновый тропический ягодно-фруктовый Вкус & Польза, 250мл",review,3,foodru_232536,Протеиновый коктейль «Черная смородина-банан»,0.2352,"agodno, frukt, smuz, tropicheski","banana, cherna, currant, kokteil",,,"dish_family_unconfirmed, missing_named_components, extra_recipe_components, low_name_score",https://food.ru/recipes/232536-proteinovyi-kokteil-chernaia-smorodina-banan-1729592778
pyaterochka,4454907,"Тапиока молочная с соусом из клубники охлаждённая Cook Chart, 165г",review,1,foodru_54759,Клубничный соус,0.5749,"milk, tapiok",,,,"missing_named_components, low_name_score",https://food.ru/recipes/54759-klubnichnyi-sous
pyaterochka,4454907,"Тапиока молочная с соусом из клубники охлаждённая Cook Chart, 165г",review,2,foodru_103910,Запеченный сыр с соусом из клубники,0.5208,"milk, tapiok",cheese,,,"missing_named_components, extra_recipe_components, low_name_score",https://food.ru/recipes/103910-zapechennyi-syr-s-sousom-iz-klubniki
pyaterochka,4454907,"Тапиока молочная с соусом из клубники охлаждённая Cook Chart, 165г",review,3,foodru_260499,"Молочный коктейль с бананом, малиной и тапиокой",0.5142,"sauce, strawberry","banana, kokteil, raspberry",strawberry,,"dish_family_unconfirmed, missing_named_components, extra_recipe_components, named_ingredient_unconfirmed, low_name_score",https://food.ru/recipes/260499-molochnyi-kokteil-s-bananom-malinoi-i-tapiokoi-1756051229
pyaterochka,4455705,"Капуста Три Цитруса маринованная Фэг, 350г",review,1,foodru_1379,Маринованная капуста,0.8918,"citrus, tri",,,,"dish_family_unconfirmed, missing_named_components",https://food.ru/recipes/1379-marinovannaja-kapusta
pyaterochka,4455705,"Капуста Три Цитруса маринованная Фэг, 350г",review,2,foodru_1736,Пирожки с капустой,0.3545,"citrus, marinovanna, tri",pie,,,"dish_family_unconfirmed, missing_named_components, extra_recipe_components, low_name_score",https://food.ru/recipes/1736-pirozhki-s-kapustoi
pyaterochka,4455705,"Капуста Три Цитруса маринованная Фэг, 350г",review,3,foodru_271321,Капустные дамплинги,0.3406,"citrus, marinovanna, tri",dampling,,,"dish_family_unconfirmed, missing_named_components, extra_recipe_components, low_name_score",https://food.ru/recipes/271321-kapustnye-damplingi
pyaterochka,4456854,"Пирог Осетинский с сыром Пятёрочка Кафе, 200г",review,1,foodru_214256,Осетинский пирог с курицей и сыром,0.9642,,chicken,,,extra_recipe_components,https://food.ru/recipes/214256-osetinskii-pirog-s-kuricei-i-syrom
pyaterochka,4456854,"Пирог Осетинский с сыром Пятёрочка Кафе, 200г",review,2,foodru_46251,Осетинский пирог с картошкой и сыром,0.9565,,potato,cheese,Для начинки и подачи,"mixed_ingredient_group, extra_recipe_components, named_ingredient_unconfirmed",https://food.ru/recipes/46251-osetinskii-pirog-s-kartoshkoi-i-syrom
pyaterochka,4456854,"Пирог Осетинский с сыром Пятёрочка Кафе, 200г",review,3,foodru_121272,Осетинский пирог с сыром и картофелем,0.9565,,potato,,,extra_recipe_components,https://food.ru/recipes/121272-osetinskii-pirog-s-syrom-i-kartofelem-1645963137
pyaterochka,4458323,"Ассорти черри и корнишоны солёные Ферментированные овощи, 500г",review,1,foodru_84425,Пикантное ассорти из помидоров с корнишонами,0.5533,"fermentirovann, solen","pikantn, tomato",,,"dish_family_unconfirmed, missing_named_components, extra_recipe_components, low_name_score",https://food.ru/recipes/84425-pikantnoe-assorti-iz-pomidorov-s-kornishonami
pyaterochka,4458323,"Ассорти черри и корнишоны солёные Ферментированные овощи, 500г",review,2,foodru_41249,Соленые помидоры,0.3192,"assort, cherr, fermentirovann, kornishon",tomato,,,"dish_family_unconfirmed, missing_named_components, extra_recipe_components, low_name_score",https://food.ru/recipes/41249-solenye-pomidory
pyaterochka,4458323,"Ассорти черри и корнишоны солёные Ферментированные овощи, 500г",review,3,foodru_147597,Огурцы соленые за 15 минут,0.2624,"assort, cherr, fermentirovann, kornishon","cucumber, minut",,,"dish_family_unconfirmed, missing_named_components, extra_recipe_components, low_name_score",https://food.ru/recipes/147597-ogurtsy-solenye-1660586339
pyaterochka,4459402,"Блины омлетные с сыром Пятёрочка Кафе, 160г",matched,1,foodru_157224,Омлетный блин,0.8065,,,,,,https://food.ru/recipes/157224-omletnyi-blin-1674644499
pyaterochka,4459402,"Блины омлетные с сыром Пятёрочка Кафе, 160г",matched,2,foodru_250505,"Омлетный блин с помидорами, сыром и зеленью",0.9071,,tomato,,,extra_recipe_components,https://food.ru/recipes/250505-omletnyi-blin-s-pomidorami-syrom-i-zeleniu-1745664970
pyaterochka,4459402,"Блины омлетные с сыром Пятёрочка Кафе, 160г",matched,3,foodru_102304,Завтрак из омлетного блина с ветчиной и сыром,0.9015,,ham,,,extra_recipe_components,https://food.ru/recipes/102304-zavtrak-iz-omletnogo-blina-s-vetchinoi-i-syrom-1643448028
pyaterochka,4459416,"Гречка с овощами Вкус & Польза, 220г",matched,1,foodru_3168,Гречка с овощами,1.0,,,,,,https://food.ru/recipes/3168-grechka-s-ovoshchami
pyaterochka,4459416,"Гречка с овощами Вкус & Польза, 220г",matched,2,foodru_238177,Гречка с курицей и овощами,0.9459,,chicken,,,"dish_family_unconfirmed, extra_recipe_components",https://food.ru/recipes/238177-grechka-s-kuriczej-i-ovoshhami-1734453666
pyaterochka,4459416,"Гречка с овощами Вкус & Польза, 220г",matched,3,foodru_66676,Гречка с овощами и куриным филе,0.9459,,chicken,,,"dish_family_unconfirmed, extra_recipe_components",https://food.ru/recipes/66676-grechka-s-ovoshchami-i-kurinym-file
pyaterochka,4459593,"Шаурма с филе грудки куриной Вкус & Польза, 200г",review,1,foodru_17305,Шаурма с курицей,0.7091,breast,,breast,,"missing_named_components, named_ingredient_unconfirmed, low_name_score",https://food.ru/recipes/17305-shaurma-s-kuricei
pyaterochka,4459593,"Шаурма с филе грудки куриной Вкус & Польза, 200г",review,2,foodru_181704,Стейки из куриной грудки на гриле,0.5338,shawarma,"gril, steik",,,"dish_family_unconfirmed, missing_named_components, extra_recipe_components, low_name_score",https://food.ru/recipes/181704-steiki-iz-kurinoi-grudki-na-grile-1691479038
pyaterochka,4459593,"Шаурма с филе грудки куриной Вкус & Польза, 200г",review,3,foodru_129853,Куриная грудка в йогурте с гречкой,0.529,shawarma,"buckwheat, iogurt",,,"dish_family_unconfirmed, missing_named_components, extra_recipe_components, low_name_score",https://food.ru/recipes/129853-kurinaja-grudka-v-iogurte-s-grechkoi
pyaterochka,4459748,"Тортилья с курицей и хашбрауном Пятёрочка Кафе, 240г",matched,1,foodru_11974,Тортилья с курицей и хашбрауном,1.0,,,,,,https://food.ru/recipes/11974-tortilja-s-kuricei-i-hashbraunom
pyaterochka,4459748,"Тортилья с курицей и хашбрауном Пятёрочка Кафе, 240г",matched,2,foodru_11979,Тортилья с хашбрауном,0.8472,chicken,,chicken,,"missing_named_components, named_ingredient_unconfirmed, protein_unconfirmed_in_ingredients",https://food.ru/recipes/11979-tortilja-s-hashbraunom
pyaterochka,4459748,"Тортилья с курицей и хашбрауном Пятёрочка Кафе, 240г",matched,3,foodru_2950,Куриные оладьи,0.6366,tortil,,,,"missing_named_components, low_name_score",https://food.ru/recipes/2950-kurinye-oladi
pyaterochka,4459785,"Наггетсы Rostic's Фирменные с сырным соусом охлаждённые, 170г",review,1,foodru_233848,Куриные наггетсы с сырным соусом,0.8952,firm,chicken,,,"missing_named_components, extra_recipe_components",https://food.ru/recipes/233848-kurinye-naggetsy-s-syrnym-sousom-1730800471
pyaterochka,4459785,"Наггетсы Rostic's Фирменные с сырным соусом охлаждённые, 170г",review,2,foodru_145616,Макароны в сырном соусе с куриными стрипсами,0.8569,firm,chicken,,,"missing_named_components, extra_recipe_components",https://food.ru/recipes/145616-makarony-v-syrnom-souse-s-kurinymi-stripsami-1657929758
pyaterochka,4459785,"Наггетсы Rostic's Фирменные с сырным соусом охлаждённые, 170г",review,3,foodru_43966,Куриные наггетсы с сыром,0.6947,"firm, sauce",chicken,,,"missing_named_components, extra_recipe_components, low_name_score",https://food.ru/recipes/43966-kurinye-naggetsy-s-syrom
pyaterochka,4462613,"Боул с крабовым мясом имитированным бобами эдамамэ и рисом Трайфл-Суши, 170г",review,1,foodru_261555,Боул с фаршем и бобами,0.6061,crab,,crab,,"missing_named_components, named_ingredient_unconfirmed, protein_unconfirmed_in_ingredients, low_name_score",https://food.ru/recipes/261555-boul-s-farshem-i-bobami-1757363609
pyaterochka,4462613,"Боул с крабовым мясом имитированным бобами эдамамэ и рисом Трайфл-Суши, 170г",review,2,foodru_157862,Суши с крабовым мясом,0.3325,"bobam, edamam, poke",sush,,,"dish_family_unconfirmed, missing_named_components, extra_recipe_components, low_name_score",https://food.ru/recipes/157862-sushi-s-krabovymi-palochkami-1674648655
pyaterochka,4462613,"Боул с крабовым мясом имитированным бобами эдамамэ и рисом Трайфл-Суши, 170г",review,3,foodru_159,Рис с овощами,0.213,"bobam, crab, edamam, meat, poke",,"crab, meat",,"dish_family_unconfirmed, missing_named_components, named_ingredient_unconfirmed, protein_unconfirmed_in_ingredients, meat_unconfirmed_in_ingredients, low_name_score",https://food.ru/recipes/159-ris-s-ovoshchami
pyaterochka,4462614,"Боул с варёными кольцами кальмара командорского и рисом Трайфл-Суши, 170г",review,1,foodru_20569,Жареные кольца кальмара,0.5456,"komandorsk, poke, rice, vare",,rice,,"dish_family_unconfirmed, missing_named_components, named_ingredient_unconfirmed, low_name_score",https://food.ru/recipes/20569-zharenye-kolca-kalmara
pyaterochka,4462614,"Боул с варёными кольцами кальмара командорского и рисом Трайфл-Суши, 170г",review,2,foodru_2141,Кальмар с креветками,0.2573,"kolc, komandorsk, poke, vare",shrimp,,,"dish_family_unconfirmed, missing_named_components, extra_recipe_components, low_name_score",https://food.ru/recipes/2141-kalmar-s-krevetkami
pyaterochka,4462614,"Боул с варёными кольцами кальмара командорского и рисом Трайфл-Суши, 170г",review,3,foodru_261555,Боул с фаршем и бобами,0.2376,"kolc, komandorsk, squid, vare",bobam,squid,,"missing_named_components, extra_recipe_components, named_ingredient_unconfirmed, protein_unconfirmed_in_ingredients, low_name_score",https://food.ru/recipes/261555-boul-s-farshem-i-bobami-1757363609
pyaterochka,4464138,Квас Вкус & Польза Витаминный нефильтрованный неосветленный 500мл,review,1,foodru_31887,Домашний квас,0.5654,"nefiltrov, neosvetl, vitamin",,,,"dish_family_unconfirmed, missing_named_components, low_name_score",https://food.ru/recipes/31887-domashnii-kvas
pyaterochka,4464138,Квас Вкус & Польза Витаминный нефильтрованный неосветленный 500мл,review,2,foodru_145020,Витаминный салат из свеклы и морской капусты,0.4081,"kvas, nefiltrov, neosvetl","beet, cabbage, morsk",,,"dish_family_unconfirmed, missing_named_components, extra_recipe_components, low_name_score",https://food.ru/recipes/145020-vitaminnyi-salat-iz-svekly-i-morskoi-kapustoi-1657911213
pyaterochka,4464478,"Хотстеры готовые замороженные Горячая штучка, 250г",unmatched
pyaterochka,4464482,"Чебупицца Горячая штучка Курочка По-Итальянски замороженная, 250г",review,1,foodru_141555,Курочка по-итальянски,0.9292,chebupicc,,,,"dish_family_unconfirmed, missing_named_components",https://food.ru/recipes/141555-kurochka-po-italianski-1653419837
pyaterochka,4464482,"Чебупицца Горячая штучка Курочка По-Итальянски замороженная, 250г",review,2,foodru_130383,Курочка по-итальянски с грибами,0.865,chebupicc,mushroom,,,"dish_family_unconfirmed, missing_named_components, extra_recipe_components",https://food.ru/recipes/130383-kurochka-po-italianski-1648013434
pyaterochka,4464482,"Чебупицца Горячая штучка Курочка По-Итальянски замороженная, 250г",review,3,foodru_71513,Домашние блины с курицей,0.304,"chebupicc, italansk",pancake,,,"dish_family_unconfirmed, missing_named_components, extra_recipe_components, low_name_score",https://food.ru/recipes/71513-domashnie-bliny-s-kuricei
pyaterochka,4464484,"Чебупели сочные с мясом готовые замороженные Горячая штучка, 240г",review,1,foodru_1488,Фарш для пельменей,1.0,,,,,component_recipe_not_whole_dish,https://food.ru/recipes/1488-farsh-dlja-pelmenei
pyaterochka,4464484,"Чебупели сочные с мясом готовые замороженные Горячая штучка, 240г",review,2,foodru_59329,Вкусные пельмени с мясным фаршем,1.0,,,,Для теста и подачи,mixed_ingredient_group,https://food.ru/recipes/59329-vkusnye-pelmeni-s-mjasnym-farshem
pyaterochka,4464484,"Чебупели сочные с мясом готовые замороженные Горячая штучка, 240г",review,3,foodru_181701,Фарш для пельменей,1.0,,,,,component_recipe_not_whole_dish,https://food.ru/recipes/181701-farsh-dlia-pelmenei-1691477891
pyaterochka,4464537,"Чебупели с ветчиной и сыром готовые замороженные Горячая штучка, 240г",matched,1,foodru_241058,Чебупели с ветчиной и сыром,1.0,,,,,,https://food.ru/recipes/241058-chebupeli-s-vetchinoi-i-syrom
pyaterochka,4464537,"Чебупели с ветчиной и сыром готовые замороженные Горячая штучка, 240г",matched,2,foodru_4541,Пельмени с сыром,0.7394,ham,,"cheese, ham","Для начинки, соуса и украшения","mixed_ingredient_group, missing_named_components, named_ingredient_unconfirmed, protein_unconfirmed_in_ingredients",https://food.ru/recipes/4541-pelmeni-s-syrom
pyaterochka,4464537,"Чебупели с ветчиной и сыром готовые замороженные Горячая штучка, 240г",matched,3,foodru_247737,Сытные маффины с ветчиной и сыром,0.5671,dumpling,maffin,,,"dish_family_unconfirmed, missing_named_components, extra_recipe_components, low_name_score",https://food.ru/recipes/247737-maffiny-s-vetchinoi-i-syrom
pyaterochka,4464539,"Чебупицца Пепперони готовая замороженная Горячая штучка, 250г",review,1,foodru_1524,Пицца с пеперони,0.7057,"chebupicc, gotova",pizza,,,"dish_family_unconfirmed, missing_named_components, extra_recipe_components, low_name_score",https://food.ru/recipes/1524-picca-s-peperoni
pyaterochka,4464539,"Чебупицца Пепперони готовая замороженная Горячая штучка, 250г",review,2,foodru_229302,Мини-пицца «А-ля пепперони»,0.7057,"chebupicc, gotova",pizza,,,"dish_family_unconfirmed, missing_named_components, extra_recipe_components, low_name_score",https://food.ru/recipes/229302-mini-pitstsa-a-lia-pepperoni-1726694900
pyaterochka,4464539,"Чебупицца Пепперони готовая замороженная Горячая штучка, 250г",review,3,foodru_52068,Домашние колбаски пеперони,0.7037,"chebupicc, gotova",sausage,,,"dish_family_unconfirmed, missing_named_components, extra_recipe_components, low_name_score",https://food.ru/recipes/52068-domashnie-kolbaski-pepperone
pyaterochka,4464631,"Холодный суп гаспачо Alvalle из натуральных помидоров, 600 мл",review,1,foodru_166313,Холодный томатный суп «Гаспачо»,0.968,naturalnyh,,,,missing_named_components,https://food.ru/recipes/166313-kholodnyi-sup-gaspachcho-1681313898
pyaterochka,4464631,"Холодный суп гаспачо Alvalle из натуральных помидоров, 600 мл",review,2,foodru_20018,Суп гаспачо,0.5872,"holod, naturalnyh",,,,"missing_named_components, low_name_score",https://food.ru/recipes/20018-sup-gaspacho
pyaterochka,4464631,"Холодный суп гаспачо Alvalle из натуральных помидоров, 600 мл",review,3,foodru_100897,Суп с килькой в томатном соусе,0.3784,"gazpacho, holod, naturalnyh",kilk,,,"missing_named_components, extra_recipe_components, low_name_score",https://food.ru/recipes/100897-sup-s-kilkoi-v-tomatnom-souse-1643372331
pyaterochka,4464632,"Холодный суп гаспачо Alvalle из натуральных помидоров, 250 мл",review,1,foodru_166313,Холодный томатный суп «Гаспачо»,0.968,naturalnyh,,,,missing_named_components,https://food.ru/recipes/166313-kholodnyi-sup-gaspachcho-1681313898
pyaterochka,4464632,"Холодный суп гаспачо Alvalle из натуральных помидоров, 250 мл",review,2,foodru_20018,Суп гаспачо,0.5872,"holod, naturalnyh",,,,"missing_named_components, low_name_score",https://food.ru/recipes/20018-sup-gaspacho
pyaterochka,4464632,"Холодный суп гаспачо Alvalle из натуральных помидоров, 250 мл",review,3,foodru_100897,Суп с килькой в томатном соусе,0.3784,"gazpacho, holod, naturalnyh",kilk,,,"missing_named_components, extra_recipe_components, low_name_score",https://food.ru/recipes/100897-sup-s-kilkoi-v-tomatnom-souse-1643372331
pyaterochka,4467077,"Соус Ткемали фруктово-овощной ФЭГ, 240г",review,1,foodru_165795,Курица с соусом ткемали,0.7058,"fruktovo, vegetable",chicken,,,"missing_named_components, extra_recipe_components, low_name_score",https://food.ru/recipes/165795-kuritsa-s-sousom-tkemali-1681308298
pyaterochka,4467077,"Соус Ткемали фруктово-овощной ФЭГ, 240г",review,2,foodru_61438,Рис с овощами под соусом терияки,0.4443,"fruktovo, tkemal","rice, teriyaki",,,"missing_named_components, extra_recipe_components, low_name_score",https://food.ru/recipes/61438-ris-s-ovoshchami-pod-sousom-terijaki
pyaterochka,4467077,"Соус Ткемали фруктово-овощной ФЭГ, 240г",review,3,foodru_137858,Нежный кролик с овощами и соусом бешамель,0.4264,"fruktovo, tkemal","beshamel, krolik",,,"missing_named_components, extra_recipe_components, low_name_score",https://food.ru/recipes/137858-nezhnyi-krolik-s-ovoshchami-i-sousom-beshamel
pyaterochka,4468406,"Паста Болоньезе Пятерочка Кафе, 250г",matched,1,foodru_2310,Паста болоньезе,1.0,,,,,,https://food.ru/recipes/2310-pasta-boloneze
pyaterochka,4468406,"Паста Болоньезе Пятерочка Кафе, 250г",matched,2,foodru_71189,Классический рецепт спагетти болоньезе,1.0,,,,,,https://food.ru/recipes/71189-klassicheskii-recept-spagetti-boloneze
pyaterochka,4468406,"Паста Болоньезе Пятерочка Кафе, 250г",matched,3,foodru_53229,Спагетти с соусом болоньезе,0.947,,,,,,https://food.ru/recipes/53229-spagetti-s-sousom-boloneze
pyaterochka,4468409,Паста ветчина и грибы Пятёрочка Кафе 250г,matched,1,foodru_333,Паста с грибами и ветчиной,1.0,,,,,,https://food.ru/recipes/333-pasta-s-gribami-i-vetchinoi
pyaterochka,4468409,Паста ветчина и грибы Пятёрочка Кафе 250г,matched,2,foodru_30160,Домашние фетучини,0.4735,"ham, mushroom",,"ham, mushroom",,"missing_named_components, named_ingredient_unconfirmed, protein_unconfirmed_in_ingredients, low_name_score",https://food.ru/recipes/30160-domashnie-fetuchini
pyaterochka,4468409,Паста ветчина и грибы Пятёрочка Кафе 250г,matched,3,foodru_30201,Макароны с сыром,0.3777,"ham, mushroom",cheese,"ham, mushroom",,"missing_named_components, extra_recipe_components, named_ingredient_unconfirmed, protein_unconfirmed_in_ingredients, low_name_score",https://food.ru/recipes/30201-makarony-s-syrom
pyaterochka,62766,Лепешка томаты с базиликом,review,1,foodru_246735,"Лепешка с помидорами, сыром и базиликом",0.9657,,cheese,,,"dish_family_unconfirmed, extra_recipe_components",https://food.ru/recipes/246735-lepeshka-s-pomidorami-syrom-i-bazilikom-1741795278
pyaterochka,62766,Лепешка томаты с базиликом,review,2,foodru_274101,"Лепешка с помидором, сушеным базиликом и сыром",0.9179,,"cheese, sushe",,,"dish_family_unconfirmed, extra_recipe_components",https://food.ru/recipes/274101-lepeshka-s-pomidorom-sushenym-bazilikom-i-syrom-1779720717
pyaterochka,62766,Лепешка томаты с базиликом,review,3,foodru_207436,Спагетти под томатно-базиликовым соусом с брынзой,0.5889,lepeshk,cheese,,,"dish_family_unconfirmed, missing_named_components, extra_recipe_components, low_name_score",https://food.ru/recipes/207436-spagetti-pod-tomatno-bazilikovym-sousom-s-brynzoi-1705994501
pyaterochka,78000004,Лепешка Томат-базилик замороженная п/ф 180г,review,1,foodru_246735,"Лепешка с помидорами, сыром и базиликом",0.9657,,cheese,,,"dish_family_unconfirmed, extra_recipe_components",https://food.ru/recipes/246735-lepeshka-s-pomidorami-syrom-i-bazilikom-1741795278
pyaterochka,78000004,Лепешка Томат-базилик замороженная п/ф 180г,review,2,foodru_274101,"Лепешка с помидором, сушеным базиликом и сыром",0.9179,,"cheese, sushe",,,"dish_family_unconfirmed, extra_recipe_components",https://food.ru/recipes/274101-lepeshka-s-pomidorom-sushenym-bazilikom-i-syrom-1779720717
pyaterochka,78000004,Лепешка Томат-базилик замороженная п/ф 180г,review,3,foodru_207436,Спагетти под томатно-базиликовым соусом с брынзой,0.5889,lepeshk,cheese,,,"dish_family_unconfirmed, missing_named_components, extra_recipe_components, low_name_score",https://food.ru/recipes/207436-spagetti-pod-tomatno-bazilikovym-sousom-s-brynzoi-1705994501
pyaterochka,78006137,Круассан с шоколадно-ореховой начинкой 75г,review,1,foodru_253008,"Круассан с грушей, сливочным сыром, орехами пекан и шоколадом",0.8762,,"cheese, pear, pekan",,,extra_recipe_components,https://food.ru/recipes/253008-kruassan-s-grushei-i-slivochnym-syrom-orekhami-pekan-i-shokoladom-1748112269
pyaterochka,78006137,Круассан с шоколадно-ореховой начинкой 75г,review,2,foodru_265611,Ореховые круассаны,0.7608,chocolate,,chocolate,,"missing_named_components, named_ingredient_unconfirmed",https://food.ru/recipes/265611-orekhovye-kruassany-1761929696
pyaterochka,78006137,Круассан с шоколадно-ореховой начинкой 75г,review,3,foodru_42092,Круассаны с шоколадной начинкой,0.7296,nuts,,nuts,,"missing_named_components, named_ingredient_unconfirmed",https://food.ru/recipes/42092-kruassany-s-shokoladnoi-nachinkoi
pyaterochka,78006169,Хачапури с сыром и ветчиной,matched,1,foodru_145330,Хачапури с ветчиной и сыром,1.0,,,,,,https://food.ru/recipes/145330-khachapuri-s-vetchinoi-i-syrom-1657917550
pyaterochka,78006169,Хачапури с сыром и ветчиной,matched,2,foodru_1427,Хачапури с сыром,0.7639,ham,,ham,,"missing_named_components, named_ingredient_unconfirmed, protein_unconfirmed_in_ingredients",https://food.ru/recipes/1427-hachapuri-s-syrom
pyaterochka,78006169,Хачапури с сыром и ветчиной,matched,3,foodru_247737,Сытные маффины с ветчиной и сыром,0.525,khachapuri,maffin,,,"dish_family_unconfirmed, missing_named_components, extra_recipe_components, low_name_score",https://food.ru/recipes/247737-maffiny-s-vetchinoi-i-syrom
pyaterochka,78006242,Слойка с сосиской 75г,matched,1,foodru_2015,Слойка с колбасой,1.0,,,,,,https://food.ru/recipes/2015-sloika-s-kolbasoi
pyaterochka,78006242,Слойка с сосиской 75г,matched,2,foodru_52068,Домашние колбаски пеперони,0.4809,puff,pepperoni,sausage,,"dish_family_unconfirmed, missing_named_components, extra_recipe_components, named_ingredient_unconfirmed, protein_unconfirmed_in_ingredients, low_name_score",https://food.ru/recipes/52068-domashnie-kolbaski-pepperone
pyaterochka,78006242,Слойка с сосиской 75г,matched,3,foodru_238435,Слойка с сахаром «Язычок»,0.4697,sausage,azychok,sausage,,"missing_named_components, extra_recipe_components, named_ingredient_unconfirmed, protein_unconfirmed_in_ingredients, low_name_score",https://food.ru/recipes/238435-sloika-iazychok-s-sakharom-1734612154
pyaterochka,78009909,Розан с начинкой Черная смородина,review,1,foodru_232536,Протеиновый коктейль «Черная смородина-банан»,0.8164,rozan,"banana, kokteil, protein",,,"dish_family_unconfirmed, missing_named_components, extra_recipe_components",https://food.ru/recipes/232536-proteinovyi-kokteil-chernaia-smorodina-banan-1729592778
pyaterochka,78009909,Розан с начинкой Черная смородина,review,2,foodru_179423,Салат смородиновый,0.4506,"cherna, rozan",,,,"dish_family_unconfirmed, missing_named_components, low_name_score",https://food.ru/recipes/179423-salat-smorodinovyi-1690937897
pyaterochka,78009909,Розан с начинкой Черная смородина,review,3,foodru_46291,Пирог со смородиной,0.4246,rozan,pie,,,"dish_family_unconfirmed, missing_named_components, extra_recipe_components, low_name_score",https://food.ru/recipes/46291-pirog-so-smorodinoi
pyaterochka,78025520,Пончики Берлинские с вареной сгущенкой 2х65г,review,1,foodru_43632,Жареные пончики,0.4222,"berlinski, sgushchenk, vare",,,,"missing_named_components, low_name_score",https://food.ru/recipes/43632-zharenye-ponchiki
pyaterochka,78028935,Фламиш с ветчиной и сыром 90г,review,1,foodru_121566,Салат с сыром и ветчиной,0.8422,flamish,,,,"dish_family_unconfirmed, missing_named_components",https://food.ru/recipes/121566-salat-s-syrom-i-vetchinoi-1645992113
pyaterochka,78028935,Фламиш с ветчиной и сыром 90г,review,2,foodru_87509,Сочный салат с брынзой и ветчиной,0.8422,flamish,,,,"dish_family_unconfirmed, missing_named_components",https://food.ru/recipes/87509-sochnyi-salat-s-brynzoi-i-vetchinoi
pyaterochka,78028935,Фламиш с ветчиной и сыром 90г,review,3,foodru_106570,Блины с ветчиной и сыром,0.8342,flamish,pancake,,,"dish_family_unconfirmed, missing_named_components, extra_recipe_components",https://food.ru/recipes/106570-bliny-s-vetchinoi-i-syrom-1643973566
pyaterochka,78030124,Багет чесночный 158г,matched,1,foodru_74239,Чесночный хлеб,1.0,,,,,,https://food.ru/recipes/74239-chesnochnyi-hleb
pyaterochka,78030124,Багет чесночный 158г,matched,2,foodru_79910,Сухарики из ржаного хлеба с чесноком,0.8748,,"rzha, suharik",,,extra_recipe_components,https://food.ru/recipes/79910-suhariki-iz-rzhanogo-hleba-s-chesnokom
pyaterochka,78030124,Багет чесночный 158г,matched,3,foodru_207384,Сухарики из ржаного хлеба с чесноком и паприкой,0.8511,,"paprik, rzha, suharik",,,extra_recipe_components,https://food.ru/recipes/207384-sukhariki-iz-rzhanogo-khleba-s-chesnokom-i-paprikoi-1705946496
pyaterochka,78030125,Багет ржаной чесночный,review,1,foodru_79910,Сухарики из ржаного хлеба с чесноком,0.9331,,suharik,,,extra_recipe_components,https://food.ru/recipes/79910-suhariki-iz-rzhanogo-hleba-s-chesnokom
pyaterochka,78030125,Багет ржаной чесночный,review,2,foodru_207384,Сухарики из ржаного хлеба с чесноком и паприкой,0.8947,,"paprik, suharik",,,extra_recipe_components,https://food.ru/recipes/207384-sukhariki-iz-rzhanogo-khleba-s-chesnokom-i-paprikoi-1705946496
pyaterochka,78030125,Багет ржаной чесночный,review,3,foodru_1681,Ржаной хлеб,0.7525,garlic,,garlic,,"missing_named_components, named_ingredient_unconfirmed",https://food.ru/recipes/1681-rzhanoi-hleb
pyaterochka,78030362,"Булочка с сырной начинкой, 104г",matched,1,foodru_115229,Сырные булочки,1.0,,,,,,https://food.ru/recipes/115229-syrnye-bulochki-1644946537
pyaterochka,78030362,"Булочка с сырной начинкой, 104г",matched,2,foodru_68354,Булочки с корицей,0.6126,cheese,cinnamon,cheese,,"missing_named_components, extra_recipe_components, named_ingredient_unconfirmed, low_name_score",https://food.ru/recipes/68354-bulochki-s-koricei
pyaterochka,78030362,"Булочка с сырной начинкой, 104г",matched,3,foodru_216290,Берлинские булочки,0.5983,cheese,berlinski,cheese,,"missing_named_components, extra_recipe_components, named_ingredient_unconfirmed, low_name_score",https://food.ru/recipes/216290-berlinskie-ponchiki
pyaterochka,78030460,Чиабатта Рустик 290г,review,1,foodru_1563,Чиабатта,0.8671,rustik,,,,missing_named_components,https://food.ru/recipes/1563-chiabatta
pyaterochka,78030460,Чиабатта Рустик 290г,review,2,foodru_54687,Классический багет,0.8671,rustik,,,,"bread_form_conflict, missing_named_components",https://food.ru/recipes/54687-klassicheskii-baget
pyaterochka,78030460,Чиабатта Рустик 290г,review,3,foodru_1682,Хлеб в хлебопечке,0.8671,rustik,,,,missing_named_components,https://food.ru/recipes/1682-hleb-v-hlebopechke
pyaterochka,78030792,Чиабатта пшеничная 100г,matched,1,foodru_265325,Пшеничный хлеб в хлебопечке,1.0,,,,,,https://food.ru/recipes/265325-pshenichnyi-khleb-v-khlebopechke-1761506069
pyaterochka,78030792,Чиабатта пшеничная 100г,matched,2,foodru_110926,Хлеб гречнево-пшеничный,0.9269,,buckwheat,,,extra_recipe_components,https://food.ru/recipes/110926-khleb-grechnevo-pshenichnyi-1644783436
pyaterochka,78030792,Чиабатта пшеничная 100г,matched,3,foodru_11982,Пшеничный хлеб в духовке,0.9186,,duhovk,,,extra_recipe_components,https://food.ru/recipes/11982-pshenichnyi-hleb-v-duhovke
pyaterochka,78030900,Хлеб Питерский,review,1,foodru_1563,Чиабатта,0.8671,piterski,,,,missing_named_components,https://food.ru/recipes/1563-chiabatta
pyaterochka,78030900,Хлеб Питерский,review,2,foodru_54687,Классический багет,0.8671,piterski,,,,missing_named_components,https://food.ru/recipes/54687-klassicheskii-baget
pyaterochka,78030900,Хлеб Питерский,review,3,foodru_1682,Хлеб в хлебопечке,0.8671,piterski,,,,missing_named_components,https://food.ru/recipes/1682-hleb-v-hlebopechke
pyaterochka,78032144,Брецель-дог с кунжутом 159г,review,1,foodru_274827,Брецель с пармезаном и чесноком,0.3917,"dog, kunzhut",cheese,,,"dish_family_unconfirmed, missing_named_components, extra_recipe_components, low_name_score",https://food.ru/recipes/274827-brecel-s-parmezanom-i-chesnokom
pyaterochka,78032144,Брецель-дог с кунжутом 159г,review,2,foodru_269490,Винегрет с кунжутным маслом,0.3464,"brecel, dog","oil, vinegret",,,"dish_family_unconfirmed, missing_named_components, extra_recipe_components, low_name_score",https://food.ru/recipes/269490-vinegret-s-kunzhutnym-maslom-1766249916
pyaterochka,78032144,Брецель-дог с кунжутом 159г,review,3,foodru_75608,Скумбрия с кунжутным маслом,0.3453,"brecel, dog","oil, skumbr",,,"dish_family_unconfirmed, missing_named_components, extra_recipe_components, low_name_score",https://food.ru/recipes/75608-skumbrija-s-kunzhutnym-maslom
pyaterochka,78032562,Круассан с добавлением сливочного масла 50г,review,1,foodru_221505,Круассаны со сливочным маслом,0.9521,dobavleniem,,,,missing_named_components,https://food.ru/recipes/221505-kruassany-so-slivochnym-maslom-1720190584
pyaterochka,78032562,Круассан с добавлением сливочного масла 50г,review,2,foodru_253008,"Круассан с грушей, сливочным сыром, орехами пекан и шоколадом",0.5624,dobavleniem,"cheese, chocolate, nuts, pear, pekan",,,"missing_named_components, extra_recipe_components, low_name_score",https://food.ru/recipes/253008-kruassan-s-grushei-i-slivochnym-syrom-orekhami-pekan-i-shokoladom-1748112269
pyaterochka,78032562,Круассан с добавлением сливочного масла 50г,review,3,foodru_199764,Гречка отварная на сливочном масле,0.5423,"croissant, dobavleniem","buckwheat, otvarna",,,"dish_family_unconfirmed, missing_named_components, extra_recipe_components, low_name_score",https://food.ru/recipes/199764-grechka-otvarnaya-na-slivochnom-masle-1700194656
pyaterochka,78033105,"Язычок слоеный с сахарной посыпкой, 40г",review,1,foodru_238435,Слойка с сахаром «Язычок»,0.8357,"posypk, sloe",puff,,,"dish_family_unconfirmed, missing_named_components, extra_recipe_components",https://food.ru/recipes/238435-sloika-iazychok-s-sakharom-1734612154
pyaterochka,78033105,"Язычок слоеный с сахарной посыпкой, 40г",review,2,foodru_77935,Сырники без сахара,0.4235,"azychok, posypk, sloe",syrniki,sugar,,"dish_family_unconfirmed, missing_named_components, extra_recipe_components, named_ingredient_unconfirmed, low_name_score",https://food.ru/recipes/77935-syrniki-bez-sahara
pyaterochka,78033105,"Язычок слоеный с сахарной посыпкой, 40г",review,3,foodru_97297,Нежные творожные сырники без сахара,0.3902,"azychok, posypk, sloe","cottage_cheese, syrniki",sugar,,"dish_family_unconfirmed, missing_named_components, extra_recipe_components, named_ingredient_unconfirmed, low_name_score",https://food.ru/recipes/97297-syrniki-bez-sakhara-1642789156
pyaterochka,78033132,Фило ролл с начинкой шпинат и сыр 60г,review,1,foodru_76505,Фило со шпинатом,0.7165,roll,,,Для пропитки и подачи,"mixed_ingredient_group, dish_family_unconfirmed, missing_named_components, low_name_score",https://food.ru/recipes/76505-filo-so-shpinatom
pyaterochka,78033132,Фило ролл с начинкой шпинат и сыр 60г,review,2,foodru_230817,Роллы с творожным сыром и королевскими креветками,0.3589,"filo, spinach","cottage_cheese, korolevskim, shrimp",spinach,,"missing_named_components, extra_recipe_components, named_ingredient_unconfirmed, low_name_score",https://food.ru/recipes/230817-rolly-s-tvorozhnym-syrom-i-korolevskimi-krevetkami-1727859464
pyaterochka,78033132,Фило ролл с начинкой шпинат и сыр 60г,review,3,foodru_203002,Роллы с крабовым мясом и творожным сыром с креветкой,0.3539,"filo, spinach","cottage_cheese, crab, meat, shrimp",spinach,,"missing_named_components, extra_recipe_components, named_ingredient_unconfirmed, low_name_score",https://food.ru/recipes/203002-rolly-s-krabovym-miasom-i-tvorozhnym-syrom-s-krevetkoi-1700403806
pyaterochka,78033558,Пирог домашний с творожной начинкой 96г,matched,1,foodru_2764,Пироги с творогом,1.0,,,,,,https://food.ru/recipes/2764-pirogi-s-tvorogom
pyaterochka,78033558,Пирог домашний с творожной начинкой 96г,matched,2,foodru_1736,Пирожки с капустой,0.5614,cottage_cheese,cabbage,cottage_cheese,,"missing_named_components, extra_recipe_components, named_ingredient_unconfirmed, low_name_score",https://food.ru/recipes/1736-pirozhki-s-kapustoi
pyaterochka,78033558,Пирог домашний с творожной начинкой 96г,matched,3,foodru_46291,Пирог со смородиной,0.5495,cottage_cheese,currant,cottage_cheese,,"missing_named_components, extra_recipe_components, named_ingredient_unconfirmed, low_name_score",https://food.ru/recipes/46291-pirog-so-smorodinoi
pyaterochka,78034705,Пирожок с капустой 65г,matched,1,foodru_1736,Пирожки с капустой,1.0,,,,,,https://food.ru/recipes/1736-pirozhki-s-kapustoi
pyaterochka,78034705,Пирожок с капустой 65г,matched,2,foodru_89676,Пирог с филе семги и цветной капустой,0.882,,"cvet, salmon",,,extra_recipe_components,https://food.ru/recipes/89676-pirog-s-file-semgi-i-cvetnoi-kapustoi
pyaterochka,78034705,Пирожок с капустой 65г,matched,3,foodru_2764,Пироги с творогом,0.5448,cabbage,cottage_cheese,cabbage,,"missing_named_components, extra_recipe_components, named_ingredient_unconfirmed, low_name_score",https://food.ru/recipes/2764-pirogi-s-tvorogom
pyaterochka,78034778,Самса с говядиной 95г,matched,1,foodru_143288,Самса с говядиной,1.0,,,,,,https://food.ru/recipes/143288-samsa-s-govyadinoj-1654608804
pyaterochka,78034778,Самса с говядиной 95г,matched,2,foodru_123213,Вкусная телятина в бульоне,0.4186,samsa,bulon,,,"dish_family_unconfirmed, missing_named_components, extra_recipe_components, low_name_score",https://food.ru/recipes/123213-vkusnaja-teljatina-v-bulone
pyaterochka,78034778,Самса с говядиной 95г,matched,3,foodru_130672,Бифштекс из говядины,0.4096,samsa,bifshteks,,,"dish_family_unconfirmed, missing_named_components, extra_recipe_components, low_name_score",https://food.ru/recipes/130672-bifshteks-iz-goviadiny-1648054192
pyaterochka,78035589,Донат с черничной начинкой 67г,review,1,foodru_43632,Жареные пончики,0.9107,chernich,,,,missing_named_components,https://food.ru/recipes/43632-zharenye-ponchiki
pyaterochka,78035713,Хачапури с сыром 85г,matched,1,foodru_1427,Хачапури с сыром,1.0,,,,,,https://food.ru/recipes/1427-hachapuri-s-syrom
pyaterochka,78035713,Хачапури с сыром 85г,matched,2,foodru_145330,Хачапури с ветчиной и сыром,0.9334,,ham,,,extra_recipe_components,https://food.ru/recipes/145330-khachapuri-s-vetchinoi-i-syrom-1657917550
pyaterochka,78035713,Хачапури с сыром 85г,matched,3,foodru_47907,Хычины с сыром,0.3189,khachapuri,hychin,cheese,Для начинки и подачи,"mixed_ingredient_group, dish_family_unconfirmed, missing_named_components, extra_recipe_components, named_ingredient_unconfirmed, low_name_score",https://food.ru/recipes/47907-hychiny-s-syrom
pyaterochka,78035947,Бурек с картофелем и грибами 95г,review,1,foodru_267407,Бурек,0.6065,"mushroom, potato",,"mushroom, potato",,"missing_named_components, named_ingredient_unconfirmed, low_name_score",https://food.ru/recipes/267407-burek
pyaterochka,78035947,Бурек с картофелем и грибами 95г,review,2,foodru_30092,Картофельные зразы с грибами,0.5172,burek,zraz,,,"dish_family_unconfirmed, missing_named_components, extra_recipe_components, low_name_score",https://food.ru/recipes/30092-kartofelnye-zrazy-s-gribami
pyaterochka,78035947,Бурек с картофелем и грибами 95г,review,3,foodru_43261,Домашние картофельные зразы с грибами,0.5172,burek,zraz,,,"dish_family_unconfirmed, missing_named_components, extra_recipe_components, low_name_score",https://food.ru/recipes/43261-domashnie-kartofelnye-zrazy-s-gribami
pyaterochka,78036082,Булочка с корицей 80г,matched,1,foodru_68354,Булочки с корицей,1.0,,,,,,https://food.ru/recipes/68354-bulochki-s-koricei
pyaterochka,78036082,Булочка с корицей 80г,matched,2,foodru_115229,Сырные булочки,0.5271,cinnamon,cheese,cinnamon,,"missing_named_components, extra_recipe_components, named_ingredient_unconfirmed, low_name_score",https://food.ru/recipes/115229-syrnye-bulochki-1644946537
pyaterochka,78036082,Булочка с корицей 80г,matched,3,foodru_216290,Берлинские булочки,0.4792,cinnamon,berlinski,cinnamon,,"missing_named_components, extra_recipe_components, named_ingredient_unconfirmed, low_name_score",https://food.ru/recipes/216290-berlinskie-ponchiki
pyaterochka,78036169,Пирожок с картофелем и луком 75г,matched,1,foodru_63375,Пирог с картошкой и луком,1.0,,,,,,https://food.ru/recipes/63375-pirog-s-kartoshkoi-i-lukom
pyaterochka,78036169,Пирожок с картофелем и луком 75г,matched,2,foodru_46251,Осетинский пирог с картошкой и сыром,0.5931,onion,"cheese, osetinski",potato,Для начинки и подачи,"mixed_ingredient_group, missing_named_components, extra_recipe_components, named_ingredient_unconfirmed, low_name_score",https://food.ru/recipes/46251-osetinskii-pirog-s-kartoshkoi-i-syrom
pyaterochka,78036169,Пирожок с картофелем и луком 75г,matched,3,foodru_121272,Осетинский пирог с сыром и картофелем,0.5931,onion,"cheese, osetinski",,,"missing_named_components, extra_recipe_components, low_name_score",https://food.ru/recipes/121272-osetinskii-pirog-s-syrom-i-kartofelem-1645963137
pyaterochka,78036313,Хлеб Воскресный 245г,review,1,foodru_164214,Воскресный завтрак из яиц,0.5582,bread,aic,,,"dish_family_unconfirmed, missing_named_components, extra_recipe_components, low_name_score",https://food.ru/recipes/164214-voskresnyi-zavtrak-1681296193
pyaterochka,78036313,Хлеб Воскресный 245г,review,2,foodru_1563,Чиабатта,0.5212,voskres,,,,"missing_named_components, low_name_score",https://food.ru/recipes/1563-chiabatta
pyaterochka,78036313,Хлеб Воскресный 245г,review,3,foodru_54687,Классический багет,0.5212,voskres,,,,"missing_named_components, low_name_score",https://food.ru/recipes/54687-klassicheskii-baget
pyaterochka,78036368,Хлебушек авторский зерновой на закваске 285г,review,1,foodru_6942,Хлеб на закваске,0.8879,"avtorski, zern",,,,missing_named_components,https://food.ru/recipes/6942-hleb-na-zakvaske
pyaterochka,78036368,Хлебушек авторский зерновой на закваске 285г,review,2,foodru_1563,Чиабатта,0.4929,"avtorski, zakvask, zern",,,,"missing_named_components, low_name_score",https://food.ru/recipes/1563-chiabatta
pyaterochka,78036368,Хлебушек авторский зерновой на закваске 285г,review,3,foodru_54687,Классический багет,0.4929,"avtorski, zakvask, zern",,,,"missing_named_components, low_name_score",https://food.ru/recipes/54687-klassicheskii-baget
pyaterochka,78036560,Улитка Греческая с мясом 130г,review,1,foodru_62369,Мясные улитки,0.7481,buckwheat,,buckwheat,,"dish_family_unconfirmed, missing_named_components, named_ingredient_unconfirmed",https://food.ru/recipes/62369-mjasnye-ulitki
pyaterochka,78036560,Улитка Греческая с мясом 130г,review,2,foodru_105813,Мясные улитки,0.7481,buckwheat,,buckwheat,,"dish_family_unconfirmed, missing_named_components, named_ingredient_unconfirmed",https://food.ru/recipes/105813-miasnye-ulitki-1643903439
pyaterochka,78036560,Улитка Греческая с мясом 130г,review,3,foodru_216084,Греческий пирог-улитка,0.7334,meat,pie,"buckwheat, meat",,"dish_family_unconfirmed, missing_named_components, extra_recipe_components, named_ingredient_unconfirmed, meat_unconfirmed_in_ingredients",https://food.ru/recipes/216084-grecheskaja-ulitka
pyaterochka,78036657,Улитка Греческая с начинкой курица с картофелем 130г,review,1,foodru_216084,Греческий пирог-улитка,0.6453,"chicken, potato",pie,"buckwheat, chicken, potato",,"dish_family_unconfirmed, missing_named_components, extra_recipe_components, named_ingredient_unconfirmed, protein_unconfirmed_in_ingredients, low_name_score",https://food.ru/recipes/216084-grecheskaja-ulitka
pyaterochka,78036657,Улитка Греческая с начинкой курица с картофелем 130г,review,2,foodru_238177,Гречка с курицей и овощами,0.4857,"potato, ulitk",,potato,,"dish_family_unconfirmed, missing_named_components, named_ingredient_unconfirmed, low_name_score",https://food.ru/recipes/238177-grechka-s-kuriczej-i-ovoshhami-1734453666
pyaterochka,78036657,Улитка Греческая с начинкой курица с картофелем 130г,review,3,foodru_66676,Гречка с овощами и куриным филе,0.4857,"potato, ulitk",,potato,,"dish_family_unconfirmed, missing_named_components, named_ingredient_unconfirmed, low_name_score",https://food.ru/recipes/66676-grechka-s-ovoshchami-i-kurinym-file
pyaterochka,78037217,Самса с курицей 100г,review,1,foodru_35656,Самса с курицей и сыром,0.9441,,cheese,,,extra_recipe_components,https://food.ru/recipes/35656-samsa-s-kuricei-i-syrom
pyaterochka,78037217,Самса с курицей 100г,review,2,foodru_35653,Самса с курицей и картошкой,0.9367,,potato,,,extra_recipe_components,https://food.ru/recipes/35653-samsa-s-kuricei-i-kartoshkoi
pyaterochka,78037217,Самса с курицей 100г,review,3,foodru_54586,Самса с курицей в духовке,0.9142,,duhovk,,,extra_recipe_components,https://food.ru/recipes/54586-samsa-s-kuricei-v-duhovke
pyaterochka,78037247,"Ягодный Пунш для безалкогольного напитка, 50г",review,1,foodru_264891,Aруктово-ягодный безалкогольный пунш,0.9106,napitk,aruktovo,,,"dish_family_unconfirmed, missing_named_components, extra_recipe_components",https://food.ru/recipes/264891-a-lia-fruktovo-iagodnyi-punsh-bezalkogolnyi-1760983158
pyaterochka,78037247,"Ягодный Пунш для безалкогольного напитка, 50г",review,2,foodru_115411,Овсяная каша на молоке с бананом и ягодами,0.2895,"bezalkogol, napitk, punsh","banana, oat, porridge",,,"dish_family_unconfirmed, missing_named_components, extra_recipe_components, low_name_score",https://food.ru/recipes/115411-ovsianaia-kasha-na-moloke-1645000143
pyaterochka,78037254,Маффин с шоколадом 200г,matched,1,foodru_116062,Шоколадный маффин,1.0,,,,,,https://food.ru/recipes/116062-shokoladnyi-maffin-1645084097
pyaterochka,78037254,Маффин с шоколадом 200г,matched,2,foodru_247737,Сытные маффины с ветчиной и сыром,0.5266,chocolate,"cheese, ham",chocolate,,"dish_family_unconfirmed, missing_named_components, extra_recipe_components, named_ingredient_unconfirmed, low_name_score",https://food.ru/recipes/247737-maffiny-s-vetchinoi-i-syrom
pyaterochka,78037254,Маффин с шоколадом 200г,matched,3,foodru_83753,Аппетитные маффины с ветчиной и сыром,0.5266,chocolate,"cheese, ham",chocolate,,"dish_family_unconfirmed, missing_named_components, extra_recipe_components, named_ingredient_unconfirmed, low_name_score",https://food.ru/recipes/83753-appetitnye-maffiny-s-vetchinoi-i-syrom
pyaterochka,78037271,"Слойка с курицей и сыром, 100г",review,1,foodru_2016,Слойка с курицей,0.7951,cheese,,cheese,,"missing_named_components, named_ingredient_unconfirmed",https://food.ru/recipes/2016-sloika-s-kuricei
pyaterochka,78037271,"Слойка с курицей и сыром, 100г",review,2,foodru_2068,Слойки с курицей,0.7951,cheese,,cheese,,"missing_named_components, named_ingredient_unconfirmed",https://food.ru/recipes/2068-sloiki-s-kuricei
pyaterochka,78037271,"Слойка с курицей и сыром, 100г",review,3,foodru_98963,Сочные слойки с курицей,0.7951,cheese,,cheese,,"missing_named_components, named_ingredient_unconfirmed",https://food.ru/recipes/98963-sochnye-sloiki-s-kuricei
pyaterochka,78037447,"Сочень с творогом и черносмородиновой начинкой, 70г",review,1,foodru_77515,Сочень с творогом,0.9395,chernosmorodin,,,,"dish_family_unconfirmed, missing_named_components",https://food.ru/recipes/77515-sochen-s-tvorogom
pyaterochka,78037447,"Сочень с творогом и черносмородиновой начинкой, 70г",review,2,foodru_530,Блины с творогом,0.3634,"chernosmorodin, sochen",pancake,,,"dish_family_unconfirmed, missing_named_components, extra_recipe_components, low_name_score",https://food.ru/recipes/530-bliny-s-tvorogom
pyaterochka,78037447,"Сочень с творогом и черносмородиновой начинкой, 70г",review,3,foodru_49015,Блинчики с творогом,0.3634,"chernosmorodin, sochen",pancake,,Для жарки и подачи,"mixed_ingredient_group, dish_family_unconfirmed, missing_named_components, extra_recipe_components, low_name_score",https://food.ru/recipes/49015-blinchiki-s-tvorogom
pyaterochka,78037518,"Шарлотка, 90г",matched,1,foodru_199,Шарлотка,1.0,,,,,,https://food.ru/recipes/199-sharlotka
pyaterochka,78038161,"Слойка Солёная Карамель, 80г",review,1,foodru_196923,Соленая карамель,0.7586,puff,,,,"dish_family_unconfirmed, missing_named_components",https://food.ru/recipes/196923-solenaia-karamel
pyaterochka,78038161,"Слойка Солёная Карамель, 80г",review,2,foodru_155023,Соленая карамель,0.7586,puff,,,,"dish_family_unconfirmed, missing_named_components",https://food.ru/recipes/155023-solenaia-karamel-1670830491
pyaterochka,78038161,"Слойка Солёная Карамель, 80г",review,3,foodru_176327,Соленая карамель с медом,0.6853,puff,medom,,,"dish_family_unconfirmed, missing_named_components, extra_recipe_components, low_name_score",https://food.ru/recipes/176327-solenaia-karamel-1688741994
pyaterochka,78038282,"Мини багет, 127г",matched,1,foodru_54687,Классический багет,1.0,,,,,,https://food.ru/recipes/54687-klassicheskii-baget
pyaterochka,78038282,"Мини багет, 127г",matched,2,foodru_1682,Хлеб в хлебопечке,1.0,,,,,,https://food.ru/recipes/1682-hleb-v-hlebopechke
pyaterochka,78038282,"Мини багет, 127г",matched,3,foodru_74239,Чесночный хлеб,0.8873,,,,,,https://food.ru/recipes/74239-chesnochnyi-hleb
pyaterochka,78038299,"Багет Любительский, 130г",review,1,foodru_115271,Стейк любительский,0.6031,bread,steik,,,"dish_family_unconfirmed, missing_named_components, extra_recipe_components, low_name_score",https://food.ru/recipes/115271-steik-liubitelskii-1644951792
pyaterochka,78038299,"Багет Любительский, 130г",review,2,foodru_1563,Чиабатта,0.5212,lubitelski,,,,"bread_form_conflict, missing_named_components, low_name_score",https://food.ru/recipes/1563-chiabatta
pyaterochka,78038299,"Багет Любительский, 130г",review,3,foodru_54687,Классический багет,0.5212,lubitelski,,,,"missing_named_components, low_name_score",https://food.ru/recipes/54687-klassicheskii-baget
pyaterochka,78038445,"Мини-пицца Пепперони, 165г",matched,1,foodru_1524,Пицца с пеперони,1.0,,,,,,https://food.ru/recipes/1524-picca-s-peperoni
pyaterochka,78038445,"Мини-пицца Пепперони, 165г",matched,2,foodru_229302,Мини-пицца «А-ля пепперони»,1.0,,,,,,https://food.ru/recipes/229302-mini-pitstsa-a-lia-pepperoni-1726694900
pyaterochka,78038445,"Мини-пицца Пепперони, 165г",matched,3,foodru_122380,Аппетитная пицца «Пеперони» с моцареллой,0.9523,,cheese,,,extra_recipe_components,https://food.ru/recipes/122380-appetitnaja-picca-pepperoni-s-mocarelloi
